{"type": "FeatureCollection", "features": [{"type": "Feature", "properties": {"flooded": true, "source": "satellite", "area_m2": 24878.2}, "geometry": {"type": "Polygon", "coordinates": [[[11.9407596, 44.5164181], [11.940746, 44.5161487], [11.9412049, 44.5160433], [11.9412396, 44.515956], [11.9414516, 44.5159469], [11.9414864, 44.5158596], [11.9416984, 44.5158505], [11.9417332, 44.5157632], [11.9419452, 44.5157541], [11.9419799, 44.5156668], [11.942482, 44.5156539], [11.9427424, 44.5158272], [11.9428331, 44.5176229], [11.9427138, 44.517656], [11.9427163, 44.517808], [11.9423399, 44.5178177], [11.9420795, 44.5176444], [11.9420668, 44.5174926], [11.9418146, 44.5173811], [11.9417876, 44.5172152], [11.9415497, 44.5171179], [11.9415308, 44.5169585], [11.9411546, 44.516768], [11.9411276, 44.516602], [11.9407596, 44.5164181]]]}}, {"type": "Feature", "properties": {"flooded": true, "source": "satellite", "area_m2": 489679.2}, "geometry": {"type": "Polygon", "coordinates": [[[11.9323421, 44.5066419], [11.932306, 44.505923], [11.9324252, 44.505892], [11.9324181, 44.5056501], [11.9326616, 44.5055174], [11.9326472, 44.5052301], [11.9325212, 44.5051969], [11.9324941, 44.5046578], [11.9329529, 44.5045524], [11.9329877, 44.5044651], [11.9331997, 44.504456], [11.9332344, 44.5043687], [11.9334464, 44.5043597], [11.9334812, 44.5042724], [11.9338188, 44.5042601], [11.9338536, 44.5041728], [11.9343169, 44.5041572], [11.9343516, 44.5040699], [11.9345835, 44.5040506], [11.9345983, 44.5039736], [11.9349466, 44.5039568], [11.9350918, 44.5037808], [11.9353039, 44.5037718], [11.9353386, 44.5036845], [11.9356762, 44.5036722], [11.935711, 44.5035849], [11.9361742, 44.5035693], [11.9364512, 44.5032957], [11.9367889, 44.5032834], [11.9368236, 44.5031961], [11.9370555, 44.5031768], [11.9370703, 44.5030998], [11.937321, 44.5030933], [11.9372658, 44.503234], [11.9373489, 44.5034325], [11.937716, 44.5034432], [11.9377287, 44.503595], [11.937883, 44.5037012], [11.9381656, 44.5037463], [11.9383577, 44.5036968], [11.9383704, 44.5038485], [11.9384928, 44.5038754], [11.9383814, 44.5040728], [11.9386271, 44.50405], [11.9385195, 44.5044124], [11.9383984, 44.5045056], [11.9381757, 44.5045191], [11.9381516, 44.504602], [11.9379289, 44.5046155], [11.9379049, 44.5046983], [11.9376822, 44.5047118], [11.937537, 44.5048878], [11.9371993, 44.5049002], [11.9371646, 44.5049875], [11.9369526, 44.5049965], [11.9369179, 44.5050838], [11.9367058, 44.5050929], [11.9366711, 44.5051802], [11.9364591, 44.5051893], [11.9364244, 44.5052766], [11.9359549, 44.5053865], [11.9359441, 44.505703], [11.9362002, 44.5058229], [11.9362273, 44.5059889], [11.9369857, 44.5064329], [11.9370127, 44.5065988], [11.937246, 44.5066062], [11.9372775, 44.5068621], [11.9374286, 44.506958], [11.937641, 44.5069561], [11.9379013, 44.5071295], [11.9379343, 44.5072551], [11.9382441, 44.5072071], [11.9382788, 44.5071198], [11.9387421, 44.5071042], [11.9387768, 44.5070169], [11.9391577, 44.5070971], [11.9392969, 44.5073632], [11.9390546, 44.5075495], [11.9388426, 44.5075586], [11.9388079, 44.5076459], [11.9386323, 44.5076695], [11.9388216, 44.5079136], [11.9385866, 44.5080319], [11.9385936, 44.5081718], [11.9389697, 44.5083623], [11.9389886, 44.5085217], [11.9392346, 44.5086256], [11.9392616, 44.5087916], [11.9397598, 44.5090622], [11.9397868, 44.5092281], [11.9404151, 44.5095854], [11.9404422, 44.5097514], [11.9410705, 44.5101087], [11.9410894, 44.5102681], [11.9413354, 44.510372], [11.9413624, 44.5105379], [11.9419907, 44.5108952], [11.9420178, 44.5110612], [11.9423026, 44.5112001], [11.9425069, 44.511152], [11.9426926, 44.5148378], [11.942223, 44.5149477], [11.9420779, 44.5151237], [11.9418658, 44.5151328], [11.9418311, 44.5152201], [11.941619, 44.5152292], [11.9415843, 44.5153165], [11.9413722, 44.5153256], [11.9413375, 44.5154129], [11.9411055, 44.5154322], [11.9410879, 44.5155095], [11.9405886, 44.5155222], [11.9404359, 44.5153595], [11.9402026, 44.5153521], [11.9396819, 44.5150054], [11.9396692, 44.5148537], [11.939417, 44.5147422], [11.9393981, 44.5145828], [11.939022, 44.5143923], [11.9390047, 44.5141506], [11.9387526, 44.5140391], [11.938599, 44.5137031], [11.9382228, 44.5135126], [11.9382039, 44.5133532], [11.9379579, 44.5132493], [11.9378105, 44.512921], [11.9376885, 44.5128962], [11.937675, 44.5126268], [11.9377888, 44.5126037], [11.9377936, 44.5124885], [11.9376659, 44.5124466], [11.9376471, 44.5122873], [11.9372275, 44.5120114], [11.9370431, 44.5120203], [11.9370191, 44.5121032], [11.9367683, 44.5121096], [11.9362476, 44.5117629], [11.9362349, 44.5116112], [11.9359828, 44.5114997], [11.9359557, 44.5113337], [11.9357179, 44.5112364], [11.9356991, 44.511077], [11.9353229, 44.5108865], [11.9351694, 44.5105505], [11.9349234, 44.5104466], [11.9349107, 44.5102949], [11.9347883, 44.510268], [11.9348757, 44.5095028], [11.9347481, 44.5094609], [11.9347389, 44.5092834], [11.9348528, 44.5092583], [11.9348577, 44.5091431], [11.93473, 44.5091012], [11.9347111, 44.5089419], [11.9342797, 44.5086637], [11.9338666, 44.5086769], [11.9337108, 44.5088573], [11.9333299, 44.5087771], [11.933311, 44.5086178], [11.9329349, 44.5084272], [11.9329222, 44.5082754], [11.9328002, 44.5082506], [11.932787, 44.5080173], [11.9326611, 44.5079841], [11.9326566, 44.5078946], [11.9328793, 44.5078811], [11.9331456, 44.5076119], [11.9333775, 44.5075926], [11.9333878, 44.5074256], [11.9336105, 44.5074121], [11.9337557, 44.5072361], [11.9339678, 44.5072271], [11.9340025, 44.5071398], [11.9344542, 44.5071271], [11.9345005, 44.5070369], [11.9347325, 44.5070176], [11.9347428, 44.5068507], [11.9348651, 44.5068111], [11.9348422, 44.5064256], [11.9345901, 44.506314], [11.934563, 44.5061481], [11.9343839, 44.5060947], [11.9341065, 44.5061542], [11.9340824, 44.5062371], [11.9338597, 44.5062506], [11.9338357, 44.5063334], [11.933613, 44.506347], [11.9335889, 44.5064298], [11.9333769, 44.5064389], [11.9333421, 44.5065262], [11.9323421, 44.5066419]], [[11.935168, 44.5053089], [11.9348027, 44.5055436], [11.9348645, 44.5057662], [11.9351485, 44.5058028], [11.9354186, 44.5056496], [11.9354289, 44.5054826], [11.9356638, 44.5053664], [11.9357248, 44.5051728], [11.9356201, 44.5048107], [11.9353973, 44.5048529], [11.9353539, 44.5047676], [11.9351603, 44.5047823], [11.935168, 44.5053089]], [[11.9348565, 44.5060907], [11.9350308, 44.5065721], [11.9352199, 44.5065481], [11.9352875, 44.5064358], [11.9352183, 44.5062983], [11.9354685, 44.5063002], [11.9354568, 44.5061397], [11.9352795, 44.5060273], [11.9351071, 44.5060385], [11.935083, 44.5061213], [11.9348565, 44.5060907]], [[11.9354549, 44.506351], [11.9353087, 44.5064634], [11.9354592, 44.5064588], [11.9354549, 44.506351]]]}}, {"type": "Feature", "properties": {"flooded": true, "source": "satellite", "area_m2": 40835.6}, "geometry": {"type": "Polygon", "coordinates": [[[11.9402664, 44.5591024], [11.9402529, 44.5588331], [11.9406165, 44.5585536], [11.9408486, 44.5585343], [11.9409847, 44.5583641], [11.9413614, 44.5583544], [11.9414048, 44.5584397], [11.9416174, 44.5584378], [11.9419103, 44.5586925], [11.942134, 44.5586946], [11.9422869, 44.5588573], [11.9425203, 44.5588647], [11.9426941, 44.5590366], [11.9429067, 44.5590347], [11.9430693, 44.5592028], [11.943293, 44.5592048], [11.9434556, 44.5593729], [11.9436793, 44.5593749], [11.943842, 44.559543], [11.9440656, 44.559545], [11.9442283, 44.5597131], [11.944452, 44.5597151], [11.9447449, 44.5599698], [11.9449686, 44.5599718], [11.9450094, 44.5607806], [11.9446327, 44.5607903], [11.9445893, 44.560705], [11.9443767, 44.5607069], [11.944214, 44.5605388], [11.9437343, 44.5604534], [11.9436908, 44.5603681], [11.9434783, 44.56037], [11.9434348, 44.5602847], [11.9432222, 44.5602865], [11.9431788, 44.5602013], [11.9429662, 44.5602031], [11.9428035, 44.5600351], [11.9423238, 44.5599496], [11.9422803, 44.5598643], [11.9420678, 44.5598662], [11.9420243, 44.5597809], [11.9418117, 44.5597828], [11.9417683, 44.5596975], [11.9415557, 44.5596993], [11.9414028, 44.5595366], [11.9411694, 44.5595293], [11.9411259, 44.559444], [11.9409133, 44.5594458], [11.9407507, 44.5592778], [11.940527, 44.5592757], [11.9402664, 44.5591024]]]}}, {"type": "Feature", "properties": {"flooded": true, "source": "satellite", "area_m2": 34880.6}, "geometry": {"type": "Polygon", "coordinates": [[[11.9398455, 44.5307555], [11.9398364, 44.5305761], [11.9400788, 44.5303898], [11.9403015, 44.5303763], [11.9404468, 44.5302003], [11.9406695, 44.5301868], [11.9408148, 44.5300108], [11.941317, 44.5299978], [11.9413359, 44.5301572], [11.9417122, 44.5303477], [11.9417249, 44.5304995], [11.9419771, 44.530611], [11.941996, 44.5307703], [11.9422421, 44.5308742], [11.9423958, 44.5312102], [11.942772, 44.5314007], [11.9429158, 44.5317567], [11.9426735, 44.531943], [11.9424507, 44.5319565], [11.9423055, 44.5321325], [11.9420827, 44.5321461], [11.9420587, 44.5322289], [11.9414307, 44.5322451], [11.9407796, 44.5318118], [11.9407526, 44.5316458], [11.9405147, 44.5315485], [11.940502, 44.5313968], [11.9403799, 44.5313719], [11.9402263, 44.531036], [11.9399802, 44.5309321], [11.9399675, 44.5307804], [11.9398455, 44.5307555]]]}}, {"type": "Feature", "properties": {"flooded": true, "source": "satellite", "area_m2": 100731.0}, "geometry": {"type": "Polygon", "coordinates": [[[11.9354528, 44.5234866], [11.9354437, 44.5233072], [11.9359255, 44.5230945], [11.9359242, 44.5228807], [11.9357982, 44.5228475], [11.9357937, 44.522758], [11.9361571, 44.5224786], [11.9363692, 44.5224695], [11.9365103, 44.5223661], [11.9365206, 44.5221992], [11.9367714, 44.5221927], [11.9369016, 44.5222794], [11.9370552, 44.5226153], [11.9374637, 44.5228873], [11.937876, 44.5228843], [11.9380558, 44.5226998], [11.938766, 44.5225879], [11.9388008, 44.5225006], [11.9390327, 44.5224812], [11.9391687, 44.522311], [11.9393915, 44.5222975], [11.9395367, 44.5221215], [11.9397594, 44.522108], [11.9398371, 44.5219598], [11.9396533, 44.5219381], [11.9395059, 44.5216098], [11.9393839, 44.5215849], [11.9393711, 44.5214332], [11.9392491, 44.5214083], [11.9392311, 44.5210491], [11.9394475, 44.5210842], [11.9394742, 44.5209804], [11.939293, 44.5209125], [11.9391008, 44.520962], [11.9390963, 44.5208725], [11.9394728, 44.5208628], [11.9397332, 44.5210362], [11.9397521, 44.5211955], [11.9399981, 44.5212994], [11.9400071, 44.5214788], [11.9397722, 44.5215951], [11.9397792, 44.521735], [11.939895, 44.5217522], [11.93995, 44.5218843], [11.9402766, 44.5218324], [11.9402955, 44.5219917], [11.9406717, 44.5221823], [11.9408191, 44.5225106], [11.9409412, 44.5225355], [11.9409539, 44.5226872], [11.9410759, 44.522712], [11.9410886, 44.5228638], [11.9413408, 44.5229753], [11.9414882, 44.5233036], [11.9417405, 44.5234151], [11.9418797, 44.5236812], [11.941657, 44.5236947], [11.9416374, 44.5238675], [11.941274, 44.5241469], [11.9410512, 44.5241605], [11.940906, 44.5243365], [11.9406939, 44.5243456], [11.9406564, 44.5244331], [11.9404084, 44.5244393], [11.940148, 44.524266], [11.9401291, 44.5241066], [11.939883, 44.5240027], [11.9398641, 44.5238434], [11.9396181, 44.5237395], [11.9395992, 44.5235801], [11.9392979, 44.5233887], [11.9388785, 44.5234962], [11.9388545, 44.5235791], [11.9386424, 44.5235882], [11.9386076, 44.5236755], [11.9383849, 44.523689], [11.9382397, 44.523865], [11.9380276, 44.5238741], [11.9379928, 44.5239614], [11.9377701, 44.5239749], [11.9376268, 44.5240888], [11.9376331, 44.5242131], [11.9377551, 44.524238], [11.9379087, 44.5245739], [11.9381547, 44.5246778], [11.9381736, 44.5248372], [11.9384196, 44.5249411], [11.9385671, 44.5252694], [11.9386891, 44.5252942], [11.9386983, 44.5254716], [11.9384754, 44.5254872], [11.938209, 44.5257563], [11.9377068, 44.5257692], [11.9374464, 44.5255959], [11.9374275, 44.5254365], [11.9371815, 44.5253326], [11.9370279, 44.5249967], [11.9366516, 44.5248061], [11.9366344, 44.5245645], [11.9363822, 44.524453], [11.9363552, 44.524287], [11.9361173, 44.5241897], [11.9361046, 44.524038], [11.9359826, 44.5240131], [11.935829, 44.5236772], [11.9354528, 44.5234866]], [[11.9400111, 44.521898], [11.9398649, 44.5220104], [11.9400155, 44.5220058], [11.9400111, 44.521898]]]}}, {"type": "Feature", "properties": {"flooded": true, "source": "satellite", "area_m2": 48390.8}, "geometry": {"type": "Polygon", "coordinates": [[[11.9369048, 44.5173276], [11.9369003, 44.517238], [11.9371124, 44.517229], [11.9371471, 44.5171417], [11.9373736, 44.5171723], [11.9372592, 44.5168687], [11.9377181, 44.5167632], [11.9377528, 44.5166759], [11.9378779, 44.5166727], [11.9379328, 44.5168049], [11.9381337, 44.5167562], [11.9381526, 44.5169155], [11.9383438, 44.5169297], [11.9383859, 44.5167857], [11.9382599, 44.5167525], [11.9382509, 44.5165731], [11.9384595, 44.5166106], [11.9386234, 44.5164735], [11.9388461, 44.51646], [11.9388702, 44.5163771], [11.9391255, 44.5164606], [11.93913, 44.5165501], [11.9389486, 44.5166856], [11.9390356, 44.5171466], [11.939162, 44.5171818], [11.9391888, 44.5177189], [11.939075, 44.517742], [11.9390718, 44.5178659], [11.939328, 44.5179858], [11.9393551, 44.5181517], [11.9397231, 44.5183357], [11.9398767, 44.5186716], [11.9401227, 44.5187755], [11.9401354, 44.5189272], [11.9402574, 44.5189521], [11.9402845, 44.5191181], [11.9403925, 44.5191307], [11.9403967, 44.5192182], [11.9399756, 44.5195297], [11.9401634, 44.5195847], [11.9401679, 44.5196742], [11.9399452, 44.5196877], [11.9395577, 44.52005], [11.9393069, 44.5200565], [11.9393024, 44.519967], [11.9394216, 44.5199359], [11.9393951, 44.5198377], [11.9390466, 44.5198831], [11.938873, 44.5197112], [11.9386885, 44.5197201], [11.9386645, 44.5198029], [11.9382909, 44.5198128], [11.9381578, 44.519726], [11.9381533, 44.5196365], [11.9383937, 44.5195123], [11.938384, 44.5192252], [11.9381262, 44.5190966], [11.9381172, 44.5189172], [11.9385998, 44.5186067], [11.9386615, 44.5184934], [11.93858, 44.5182127], [11.9383988, 44.5181447], [11.937704, 44.5182072], [11.9375738, 44.5181206], [11.9375549, 44.5179612], [11.9374391, 44.517944], [11.9374202, 44.5177846], [11.9373044, 44.5177674], [11.9374185, 44.5175396], [11.9372908, 44.5174977], [11.9372719, 44.5173383], [11.9369048, 44.5173276]], [[11.9387287, 44.5169331], [11.9388858, 44.5170377], [11.9388793, 44.51693], [11.9387287, 44.5169331]]]}}, {"type": "Feature", "properties": {"flooded": true, "source": "satellite", "area_m2": 74366.2}, "geometry": {"type": "Polygon", "coordinates": [[[11.9334841, 44.5143547], [11.9334751, 44.5141753], [11.9336804, 44.5142135], [11.9337219, 44.5140789], [11.9339383, 44.5141141], [11.9339642, 44.5138926], [11.9342121, 44.5138861], [11.9344752, 44.5140595], [11.9345232, 44.5142347], [11.9348332, 44.5142226], [11.9348528, 44.5140498], [11.9349767, 44.5139564], [11.9353503, 44.513947], [11.9353612, 44.5141351], [11.935445, 44.514167], [11.9355993, 44.5141004], [11.9356022, 44.5139405], [11.9358445, 44.5139584], [11.9358444, 44.5137542], [11.9360794, 44.513638], [11.936085, 44.5134778], [11.9365843, 44.5134651], [11.9367144, 44.5135518], [11.9367333, 44.5137112], [11.9368491, 44.5137284], [11.9368773, 44.5139386], [11.9372351, 44.5138985], [11.9372523, 44.5141402], [11.9373743, 44.514165], [11.9375279, 44.5145009], [11.9376437, 44.5145182], [11.937662, 44.5148754], [11.9375426, 44.5149085], [11.9375452, 44.5150604], [11.9373225, 44.515074], [11.9370635, 44.5152731], [11.9370652, 44.5155229], [11.9369428, 44.5155625], [11.9369756, 44.5158723], [11.9373346, 44.5158765], [11.9373526, 44.5162357], [11.9367469, 44.5167014], [11.936515, 44.5167208], [11.9361367, 44.5170772], [11.9356346, 44.5170902], [11.9356157, 44.5169308], [11.9353697, 44.5168269], [11.9353565, 44.5165936], [11.9352305, 44.5165604], [11.9352116, 44.516401], [11.9349702, 44.5163871], [11.93484, 44.5163004], [11.9348211, 44.516141], [11.9345751, 44.5160371], [11.9345571, 44.5156779], [11.9348006, 44.5155452], [11.9347731, 44.5150697], [11.9337715, 44.5150675], [11.9337526, 44.5149081], [11.9335067, 44.5148042], [11.9336117, 44.5143966], [11.9334841, 44.5143547]], [[11.9368909, 44.5142083], [11.9370371, 44.5140959], [11.9368865, 44.5141005], [11.9368909, 44.5142083]], [[11.935101, 44.5142241], [11.9351216, 44.5144026], [11.9349992, 44.5144422], [11.9350438, 44.5145814], [11.9353067, 44.5145592], [11.9352478, 44.5143998], [11.93559, 44.5144774], [11.9359143, 44.5140461], [11.9357667, 44.5139852], [11.9356152, 44.5142099], [11.935101, 44.5142241]]]}}, {"type": "Feature", "properties": {"flooded": true, "source": "satellite", "area_m2": 49127.9}, "geometry": {"type": "Polygon", "coordinates": [[[11.9344806, 44.5291832], [11.9344716, 44.5290037], [11.9345908, 44.5289727], [11.9345883, 44.5288207], [11.9348004, 44.5288116], [11.9349489, 44.5287012], [11.9349518, 44.5285413], [11.9351745, 44.5285277], [11.9354409, 44.5282586], [11.9358999, 44.5281531], [11.9359346, 44.5280659], [11.9361468, 44.5280568], [11.9361815, 44.5279695], [11.9363936, 44.5279604], [11.9365495, 44.52778], [11.9366746, 44.5277767], [11.9368048, 44.5278634], [11.9368237, 44.5280228], [11.9370698, 44.5281267], [11.9370887, 44.528286], [11.9374649, 44.5284766], [11.9374838, 44.528636], [11.9377299, 44.5287399], [11.9378773, 44.5290682], [11.9379993, 44.529093], [11.9380129, 44.5293623], [11.9376494, 44.5296418], [11.9374373, 44.5296509], [11.9374025, 44.5297382], [11.9371705, 44.5297575], [11.9370345, 44.5299277], [11.9368117, 44.5299412], [11.936303, 44.5303966], [11.9360909, 44.5304057], [11.9360561, 44.530493], [11.9356796, 44.5305027], [11.9356669, 44.5303509], [11.9354147, 44.5302394], [11.935261, 44.5299035], [11.935015, 44.5297996], [11.934988, 44.5296336], [11.9347501, 44.5295363], [11.9346027, 44.529208], [11.9344806, 44.5291832]]]}}, {"type": "Feature", "properties": {"flooded": true, "source": "satellite", "area_m2": 62582.3}, "geometry": {"type": "Polygon", "coordinates": [[[11.9312855, 44.4981167], [11.9312765, 44.4979373], [11.9313976, 44.4978441], [11.9316203, 44.4978306], [11.9316444, 44.4977478], [11.931867, 44.4977343], [11.9318911, 44.4976514], [11.9321418, 44.497645], [11.9327924, 44.4980784], [11.9329397, 44.4984067], [11.933322, 44.4986049], [11.9334755, 44.4989408], [11.9338515, 44.4991314], [11.9338704, 44.4992908], [11.9341163, 44.4993947], [11.9341442, 44.4997339], [11.9345749, 44.4998776], [11.9350183, 44.4998216], [11.9351484, 44.4999083], [11.9351673, 44.5000677], [11.9355433, 44.5002583], [11.9355622, 44.5004176], [11.9358081, 44.5005215], [11.935827, 44.5006809], [11.9362031, 44.5008715], [11.9362166, 44.5011408], [11.9360955, 44.5012339], [11.9356367, 44.5013394], [11.935602, 44.5014267], [11.9352644, 44.501439], [11.9352296, 44.5015263], [11.934892, 44.5015386], [11.9348573, 44.5016259], [11.9345196, 44.5016382], [11.9344821, 44.5017257], [11.9339829, 44.5017384], [11.9334624, 44.5013917], [11.9334497, 44.5012399], [11.9333277, 44.5012151], [11.933315, 44.5010633], [11.9331931, 44.5010385], [11.9331804, 44.5008867], [11.9330584, 44.5008619], [11.9330314, 44.5006959], [11.9329234, 44.5006833], [11.9329103, 44.500416], [11.9331525, 44.5002297], [11.9333844, 44.5002104], [11.9333865, 44.4999812], [11.9332646, 44.4999563], [11.9332375, 44.4997904], [11.9328696, 44.4996064], [11.9328508, 44.499447], [11.9326049, 44.4993431], [11.932586, 44.4991838], [11.9323401, 44.4990799], [11.9323212, 44.4989205], [11.9319452, 44.4987299], [11.9319325, 44.4985782], [11.9316804, 44.4984666], [11.9316615, 44.4983073], [11.9312855, 44.4981167]]]}}, {"type": "Feature", "properties": {"flooded": true, "source": "satellite", "area_m2": 5626.0}, "geometry": {"type": "Polygon", "coordinates": [[[11.9359157, 44.5251852], [11.9359066, 44.5250057], [11.936149, 44.5248195], [11.9363969, 44.5248129], [11.9366602, 44.5249863], [11.936679, 44.5251457], [11.9369251, 44.5252496], [11.9370779, 44.5257854], [11.9367014, 44.5257951], [11.9363108, 44.5255351], [11.9362919, 44.5253757], [11.9359157, 44.5251852]]]}}, {"type": "Feature", "properties": {"flooded": true, "source": "satellite", "area_m2": 8736.0}, "geometry": {"type": "Polygon", "coordinates": [[[11.934336, 44.5263061], [11.9344527, 44.5261234], [11.9346755, 44.5261099], [11.9348207, 44.5259339], [11.9350715, 44.5259275], [11.9350904, 44.5260868], [11.9353364, 44.5261907], [11.9353553, 44.5263501], [11.9356014, 44.526454], [11.9356141, 44.5266057], [11.9357361, 44.5266306], [11.9357587, 44.5270797], [11.9355163, 44.527266], [11.935261, 44.5271825], [11.9352242, 44.5270112], [11.9350006, 44.5270092], [11.9349817, 44.5268498], [11.9346055, 44.5266593], [11.9345883, 44.5264176], [11.934336, 44.5263061]]]}}, {"type": "Feature", "properties": {"flooded": true, "source": "satellite", "area_m2": 259315.9}, "geometry": {"type": "Polygon", "coordinates": [[[11.9274811, 44.5226111], [11.9275978, 44.5224284], [11.9278206, 44.5224149], [11.9279658, 44.5222389], [11.9281886, 44.5222254], [11.9283338, 44.5220494], [11.9285566, 44.5220359], [11.9287018, 44.52186], [11.9289338, 44.5218406], [11.9289396, 44.5215838], [11.9291624, 44.5215703], [11.929182, 44.5213975], [11.9293031, 44.5213044], [11.9295152, 44.5212953], [11.9296563, 44.5211919], [11.9296621, 44.5209351], [11.9297813, 44.520904], [11.9297706, 44.5206898], [11.9295184, 44.5205783], [11.9295057, 44.5204265], [11.9293837, 44.5204017], [11.9293665, 44.52016], [11.9292445, 44.5201352], [11.9290909, 44.5197992], [11.9289751, 44.519782], [11.9289624, 44.5196302], [11.9287103, 44.5195187], [11.9287013, 44.5193393], [11.9289493, 44.5192965], [11.9288132, 44.5190683], [11.9289326, 44.5190353], [11.9289301, 44.5188833], [11.9291724, 44.518697], [11.9293845, 44.5186879], [11.9294192, 44.5186007], [11.9298888, 44.5184908], [11.9299128, 44.5184079], [11.9302612, 44.5183912], [11.9302808, 44.5182184], [11.9305231, 44.5180322], [11.9308609, 44.5180199], [11.9308956, 44.5179326], [11.9313473, 44.5179199], [11.9313937, 44.5178297], [11.9316257, 44.5178104], [11.9316405, 44.5177334], [11.9318671, 44.517764], [11.9318874, 44.517637], [11.9322638, 44.5176273], [11.932394, 44.517714], [11.9324075, 44.5179834], [11.932035, 44.5178788], [11.9318556, 44.5182097], [11.9319229, 44.5183559], [11.9318017, 44.518449], [11.9315698, 44.5184684], [11.93132, 44.5186617], [11.9313171, 44.5188216], [11.9310768, 44.5189458], [11.9310929, 44.5193675], [11.9308609, 44.5193868], [11.9307268, 44.5194949], [11.9307294, 44.5196469], [11.9305067, 44.5196604], [11.9303614, 44.5198364], [11.9300237, 44.5198487], [11.9299889, 44.519936], [11.9295194, 44.5200459], [11.9294995, 44.5201826], [11.9297511, 44.5202126], [11.9300115, 44.5203859], [11.9300349, 44.5206352], [11.9304434, 44.5209072], [11.9308679, 44.520903], [11.9309143, 44.5208129], [11.9310394, 44.5208097], [11.9312019, 44.5209778], [11.9313751, 44.52098], [11.931417, 44.5208], [11.9316564, 44.5207736], [11.9316593, 44.5206137], [11.9319016, 44.5206316], [11.9319641, 44.52046], [11.9317759, 44.5204303], [11.9317714, 44.5203407], [11.9320064, 44.5202245], [11.9320092, 44.5200646], [11.9321304, 44.5199714], [11.9322555, 44.5199682], [11.9322923, 44.5201395], [11.9326415, 44.5201383], [11.932827, 44.5203126], [11.9336281, 44.5200996], [11.9336105, 44.5199408], [11.9331357, 44.5199452], [11.9331312, 44.5198557], [11.9335829, 44.519843], [11.9336293, 44.5197528], [11.9339973, 44.5197675], [11.933992, 44.5196733], [11.9338761, 44.5196561], [11.9339314, 44.5195154], [11.9338482, 44.5193169], [11.9337324, 44.5192997], [11.9337234, 44.5191203], [11.9338485, 44.519117], [11.9342745, 44.5194157], [11.9344904, 44.5193706], [11.9344949, 44.5194601], [11.9342785, 44.519425], [11.9342517, 44.5195288], [11.9346341, 44.519727], [11.9347877, 44.520063], [11.9350337, 44.5201669], [11.9350518, 44.5205261], [11.934714, 44.5205384], [11.9346793, 44.5206257], [11.9344473, 44.520645], [11.9343113, 44.5208152], [11.9339735, 44.5208275], [11.9338177, 44.521008], [11.9336056, 44.521017], [11.9335708, 44.5211043], [11.9331013, 44.5212142], [11.9330842, 44.5214321], [11.9332119, 44.521474], [11.9332353, 44.5217233], [11.9336115, 44.5219139], [11.9336287, 44.5221555], [11.9338809, 44.5222671], [11.9338936, 44.5224188], [11.9340156, 44.5224437], [11.9340328, 44.5226853], [11.934285, 44.5227968], [11.9342977, 44.5229486], [11.9344197, 44.5229734], [11.9345733, 44.5233094], [11.9348148, 44.5233234], [11.9348238, 44.5235028], [11.9345815, 44.5236891], [11.9342437, 44.5237014], [11.934209, 44.5237887], [11.9337394, 44.5238985], [11.9333592, 44.5241908], [11.9333606, 44.5244046], [11.9334866, 44.5244378], [11.9336348, 44.5248837], [11.9334121, 44.5248972], [11.9332668, 44.5250732], [11.9330547, 44.5250823], [11.93302, 44.5251696], [11.9328949, 44.5251728], [11.9328395, 44.5250853], [11.9323123, 44.5250988], [11.9322631, 44.5251892], [11.9321408, 44.5251922], [11.9320974, 44.5251069], [11.931913, 44.5251158], [11.9316453, 44.5253314], [11.9317812, 44.5255615], [11.9315585, 44.525575], [11.9315389, 44.5257478], [11.9314177, 44.5258409], [11.9311857, 44.5258603], [11.9311754, 44.5260272], [11.9310542, 44.5261203], [11.9305846, 44.5262302], [11.9304394, 44.5264062], [11.9301132, 44.5264157], [11.9300668, 44.5265058], [11.9297407, 44.5265152], [11.9296943, 44.5266054], [11.9294623, 44.5266247], [11.9294565, 44.5268816], [11.9293341, 44.5269211], [11.9293462, 44.5271632], [11.9297214, 44.5271452], [11.9297341, 44.527297], [11.9298565, 44.5273238], [11.9298606, 44.5274113], [11.9297382, 44.5274509], [11.9297481, 44.5276483], [11.9298741, 44.5276815], [11.9298786, 44.527771], [11.9295151, 44.5280504], [11.9292831, 44.5280697], [11.929149, 44.5281778], [11.9291516, 44.5283298], [11.9289395, 44.5283389], [11.9289047, 44.5284262], [11.9286539, 44.5284326], [11.9284802, 44.5282163], [11.9282678, 44.5282625], [11.9282501, 44.5279392], [11.9281241, 44.527906], [11.9281196, 44.5278165], [11.9283471, 44.5277073], [11.9283575, 44.5275404], [11.9285979, 44.5274162], [11.9285773, 44.5269045], [11.9286965, 44.5268735], [11.9286894, 44.5266316], [11.9289169, 44.5265223], [11.9289273, 44.5263554], [11.9290465, 44.5263244], [11.9290349, 44.5259925], [11.9296241, 44.5259738], [11.9299011, 44.5257002], [11.9301364, 44.525725], [11.9302082, 44.5255615], [11.930111, 44.5250845], [11.9297025, 44.5248125], [11.929479, 44.5248104], [11.9293488, 44.5247237], [11.9292014, 44.5243954], [11.9290794, 44.5243706], [11.9290704, 44.5241911], [11.9295551, 44.5238186], [11.9297871, 44.5237993], [11.9301654, 44.5234428], [11.9303974, 44.5234235], [11.9305334, 44.5232533], [11.9307455, 44.5232443], [11.930783, 44.5231567], [11.9309054, 44.5231538], [11.9309607, 44.5232413], [11.9314879, 44.5232278], [11.9315343, 44.5231376], [11.9317663, 44.5231183], [11.9317811, 44.5230412], [11.9320077, 44.5230719], [11.9320283, 44.5229809], [11.9319023, 44.5229477], [11.9318744, 44.5226085], [11.9312378, 44.5222446], [11.9311784, 44.5220225], [11.9308602, 44.5220501], [11.9308602, 44.5222543], [11.9307379, 44.5222938], [11.9307481, 44.5225272], [11.9305058, 44.5227135], [11.9300468, 44.5228189], [11.9300121, 44.5229062], [11.9290459, 44.5229346], [11.92889, 44.5231151], [11.9285523, 44.5231274], [11.9285175, 44.5232147], [11.928141, 44.5232243], [11.9280977, 44.523139], [11.9278852, 44.5231409], [11.9278663, 44.5229815], [11.9276203, 44.5228776], [11.9276071, 44.5226443], [11.9274811, 44.5226111]], [[11.9321923, 44.5229439], [11.9321798, 44.5234447], [11.9323612, 44.5235654], [11.9326593, 44.523551], [11.9330481, 44.5232423], [11.9328569, 44.5229242], [11.9321923, 44.5229439]], [[11.9321296, 44.5209178], [11.9317455, 44.5210295], [11.9318623, 44.5211476], [11.9320348, 44.5211364], [11.9321812, 44.521014], [11.9321296, 44.5209178]], [[11.9319843, 44.5204375], [11.9321414, 44.5205421], [11.9321349, 44.5204344], [11.9319843, 44.5204375]]]}}, {"type": "Feature", "properties": {"flooded": true, "source": "satellite", "area_m2": 18570.6}, "geometry": {"type": "Polygon", "coordinates": [[[11.9311966, 44.5013599], [11.9311831, 44.5010905], [11.9314253, 44.5009043], [11.931648, 44.5008908], [11.931672, 44.5008079], [11.9320484, 44.5007982], [11.9329593, 44.501405], [11.9329782, 44.5015644], [11.9332241, 44.5016683], [11.9332368, 44.50182], [11.9333588, 44.5018448], [11.9333723, 44.5021142], [11.9331603, 44.5021233], [11.9331255, 44.5022105], [11.9326561, 44.5023204], [11.9326366, 44.5024932], [11.9323859, 44.5024996], [11.9322557, 44.502413], [11.9322368, 44.5022536], [11.9318608, 44.502063], [11.9318419, 44.5019036], [11.9314659, 44.501713], [11.9313185, 44.5013847], [11.9311966, 44.5013599]]]}}, {"type": "Feature", "properties": {"flooded": true, "source": "satellite", "area_m2": 13754.0}, "geometry": {"type": "Polygon", "coordinates": [[[11.9327293, 44.5268875], [11.9327248, 44.526798], [11.9330732, 44.5267813], [11.9330928, 44.5266085], [11.9333775, 44.5265939], [11.9333351, 44.5264222], [11.9334603, 44.526419], [11.9334175, 44.5265811], [11.9337207, 44.5265924], [11.9338509, 44.5266791], [11.9338635, 44.5268308], [11.9341158, 44.5269423], [11.9342694, 44.5272783], [11.9345154, 44.5273822], [11.9346591, 44.5277382], [11.9344168, 44.5279244], [11.9337935, 44.5280305], [11.9336633, 44.5279438], [11.9336444, 44.5277845], [11.9333983, 44.5276806], [11.9333795, 44.5275212], [11.9331334, 44.5274173], [11.9331145, 44.5272579], [11.9328685, 44.527154], [11.9328553, 44.5269207], [11.9327293, 44.5268875]]]}}, {"type": "Feature", "properties": {"flooded": true, "source": "satellite", "area_m2": 9930.1}, "geometry": {"type": "Polygon", "coordinates": [[[11.9319453, 44.5162848], [11.9318107, 44.5161086], [11.93199, 44.5159818], [11.9319183, 44.5157457], [11.9320394, 44.5156526], [11.9321645, 44.5156494], [11.9322313, 44.5157824], [11.9324015, 44.5157199], [11.9324164, 44.5156429], [11.9329185, 44.51563], [11.9332111, 44.5158847], [11.9333682, 44.5159331], [11.9335603, 44.5158836], [11.9338297, 44.5162363], [11.9336176, 44.5162454], [11.9335801, 44.516333], [11.9329551, 44.5163488], [11.9329228, 44.5162674], [11.932738, 44.516268], [11.9327168, 44.516625], [11.9325917, 44.5166283], [11.932568, 44.516508], [11.9323358, 44.5165448], [11.9322923, 44.5164152], [11.93208, 44.5164613], [11.9321292, 44.5163065], [11.9319453, 44.5162848]], [[11.9321537, 44.516292], [11.9323108, 44.5163966], [11.9323043, 44.5162889], [11.9321537, 44.516292]]]}}, {"type": "Feature", "properties": {"flooded": true, "source": "satellite", "area_m2": 41612.7}, "geometry": {"type": "Polygon", "coordinates": [[[11.9296161, 44.5350697], [11.9296071, 44.5348903], [11.9297283, 44.5347972], [11.9299511, 44.5347837], [11.9300964, 44.5346077], [11.9303284, 44.5345883], [11.9303388, 44.5344214], [11.9304599, 44.5343283], [11.9311855, 44.5343018], [11.9313308, 44.5341258], [11.9315536, 44.5341123], [11.9319264, 44.5338271], [11.9319367, 44.5336601], [11.9321847, 44.5336536], [11.9327084, 44.5340004], [11.9327355, 44.5341664], [11.9329734, 44.5342637], [11.933127, 44.5345996], [11.933373, 44.5347035], [11.9333868, 44.5349708], [11.9331638, 44.5349864], [11.9330185, 44.5351624], [11.9327957, 44.5351759], [11.9326504, 44.5353519], [11.9324276, 44.5353654], [11.9321612, 44.5356345], [11.9316915, 44.5357444], [11.9315462, 44.5359204], [11.9311725, 44.5359302], [11.9311263, 44.5358448], [11.9309138, 44.5358466], [11.9308867, 44.5356806], [11.9306533, 44.5356733], [11.9304908, 44.5355052], [11.9300113, 44.5354197], [11.9298811, 44.535333], [11.9298622, 44.5351736], [11.9296161, 44.5350697]]]}}, {"type": "Feature", "properties": {"flooded": true, "source": "satellite", "area_m2": 53804.2}, "geometry": {"type": "Polygon", "coordinates": [[[11.9279407, 44.5091856], [11.9279227, 44.5088263], [11.9280438, 44.5087332], [11.9282665, 44.5087197], [11.9282906, 44.5086369], [11.9285133, 44.5086234], [11.9286585, 44.5084474], [11.9288905, 44.508428], [11.9291456, 44.5082268], [11.9291386, 44.5079849], [11.9293506, 44.5079759], [11.9293854, 44.5078886], [11.9297231, 44.5078763], [11.9297606, 44.5077887], [11.9298829, 44.5077858], [11.9299505, 44.5078739], [11.9307165, 44.5078533], [11.9307629, 44.5077632], [11.9310136, 44.5077567], [11.9311438, 44.5078434], [11.9311627, 44.5080028], [11.9314086, 44.5081067], [11.9314275, 44.508266], [11.9316734, 44.50837], [11.9316923, 44.5085293], [11.9319386, 44.5086352], [11.9319472, 44.5088126], [11.9313416, 44.5092783], [11.9311189, 44.5092918], [11.9307462, 44.5095771], [11.9307359, 44.509744], [11.9300151, 44.5098603], [11.9297488, 44.5101295], [11.9295261, 44.510143], [11.929378, 44.5103192], [11.9292557, 44.5103222], [11.9292124, 44.5102369], [11.9289999, 44.5102387], [11.9289873, 44.510087], [11.9287351, 44.5099754], [11.9287081, 44.5098095], [11.9284703, 44.5097121], [11.9284515, 44.5095528], [11.9282055, 44.5094489], [11.9281866, 44.5092895], [11.9279407, 44.5091856]]]}}, {"type": "Feature", "properties": {"flooded": true, "source": "satellite", "area_m2": 87583.0}, "geometry": {"type": "Polygon", "coordinates": [[[11.9246861, 44.4994563], [11.9246681, 44.4990971], [11.925142, 44.4990772], [11.9254009, 44.498878], [11.9254038, 44.4987181], [11.9255249, 44.498625], [11.9260036, 44.4985093], [11.9261376, 44.4984013], [11.9261351, 44.4982493], [11.9263744, 44.4982229], [11.9263728, 44.4979731], [11.9264939, 44.49788], [11.926619, 44.4978767], [11.9266378, 44.4980361], [11.9268792, 44.4980501], [11.9269345, 44.4981377], [11.9272219, 44.4981277], [11.9272566, 44.4980404], [11.9276285, 44.4979409], [11.9281489, 44.4982876], [11.9283024, 44.4986236], [11.9286785, 44.4988142], [11.9286911, 44.4989659], [11.9289432, 44.4990775], [11.9289702, 44.4992434], [11.929208, 44.4993407], [11.9292268, 44.4995001], [11.929733, 44.4997774], [11.9297519, 44.4999368], [11.9299978, 44.5000407], [11.9300113, 44.50031], [11.9297993, 44.5003191], [11.9297645, 44.5004064], [11.9294269, 44.5004187], [11.9293922, 44.5005059], [11.9291415, 44.5005124], [11.9291144, 44.5003464], [11.9288812, 44.500339], [11.9288587, 44.5002629], [11.9286598, 44.5002139], [11.9286393, 44.5003254], [11.9288852, 44.5004293], [11.9289032, 44.5007886], [11.9286912, 44.5007976], [11.9286564, 44.5008849], [11.9278279, 44.5009073], [11.9277815, 44.5009974], [11.9275496, 44.5010167], [11.9275348, 44.5010938], [11.9272841, 44.5011002], [11.927154, 44.5010135], [11.9271269, 44.5008475], [11.9269759, 44.5007516], [11.9268022, 44.5007561], [11.9267717, 44.5008972], [11.9268977, 44.5009304], [11.9269148, 44.5011721], [11.9270368, 44.501197], [11.9270413, 44.5012865], [11.9269162, 44.5012897], [11.9266559, 44.5011163], [11.9266326, 44.500867], [11.9262132, 44.5005911], [11.9260036, 44.5006293], [11.9261394, 44.5008595], [11.9260143, 44.5008627], [11.9256988, 44.5006018], [11.9255263, 44.5006129], [11.9255067, 44.5007857], [11.9253817, 44.5007889], [11.9253727, 44.5006095], [11.925495, 44.5005699], [11.9254761, 44.5001927], [11.92522, 44.5000728], [11.9252074, 44.4999211], [11.9250854, 44.4998962], [11.9249319, 44.4995603], [11.9246861, 44.4994563]], [[11.9286425, 44.4991988], [11.9287444, 44.499349], [11.9288872, 44.4993225], [11.9287837, 44.4991305], [11.9286425, 44.4991988]], [[11.9278348, 44.4995196], [11.9280909, 44.4996395], [11.9281179, 44.4998055], [11.9284424, 44.4998512], [11.9284638, 44.4995399], [11.9285861, 44.4995003], [11.928566, 44.499287], [11.9283911, 44.4992267], [11.9278502, 44.499293], [11.9278348, 44.4995196]]]}}, {"type": "Feature", "properties": {"flooded": true, "source": "satellite", "area_m2": 21399.4}, "geometry": {"type": "Polygon", "coordinates": [[[11.9263258, 44.5121078], [11.9263123, 44.5118385], [11.9264334, 44.5117453], [11.9267711, 44.5117331], [11.9268059, 44.5116458], [11.927158, 44.5116732], [11.9271738, 44.5114563], [11.9275222, 44.5114396], [11.9275418, 44.5112668], [11.9276629, 44.5111737], [11.927875, 44.5111646], [11.9279097, 44.5110773], [11.9281416, 44.511058], [11.9281593, 44.5109807], [11.9282816, 44.5109777], [11.928672, 44.5112378], [11.9286937, 44.5115694], [11.9289463, 44.5116829], [11.9289549, 44.5118603], [11.9288337, 44.5119534], [11.9286217, 44.5119625], [11.9285869, 44.5120498], [11.9281174, 44.5121597], [11.927851, 44.5124288], [11.927639, 44.5124379], [11.9276042, 44.5125251], [11.9273922, 44.5125342], [11.9273574, 44.5126215], [11.9271255, 44.5126408], [11.9271078, 44.5127181], [11.9269855, 44.5127211], [11.9267252, 44.5125477], [11.9267064, 44.5123883], [11.9264604, 44.5122844], [11.9264478, 44.5121327], [11.9263258, 44.5121078]], [[11.927282, 44.5117737], [11.9271315, 44.5118667], [11.9272312, 44.5119444], [11.9273759, 44.5118772], [11.927282, 44.5117737]]]}}, {"type": "Feature", "properties": {"flooded": true, "source": "satellite", "area_m2": 100124.2}, "geometry": {"type": "Polygon", "coordinates": [[[11.9227373, 44.5258835], [11.9227283, 44.5257041], [11.9229707, 44.5255179], [11.9233085, 44.5255056], [11.9233432, 44.5254183], [11.9235752, 44.525399], [11.9235901, 44.5253219], [11.9239711, 44.5254022], [11.9239899, 44.5255616], [11.9243661, 44.5257522], [11.924385, 44.5259115], [11.924631, 44.5260155], [11.9247845, 44.5263514], [11.9250306, 44.5264554], [11.9250494, 44.5266147], [11.9254256, 44.5268053], [11.9254445, 44.5269647], [11.9256905, 44.5270686], [11.9257094, 44.527228], [11.9260119, 44.5273748], [11.9260771, 44.5272387], [11.9262022, 44.5272355], [11.9263558, 44.5275715], [11.926732, 44.5277621], [11.9267447, 44.5279138], [11.9268667, 44.5279387], [11.9270203, 44.5282747], [11.9272663, 44.5283786], [11.9274199, 44.5287145], [11.9276659, 44.5288184], [11.9276893, 44.5290677], [11.9279353, 44.5291716], [11.9279623, 44.5293376], [11.9283304, 44.5295216], [11.9283431, 44.5296733], [11.9285953, 44.5297849], [11.9286142, 44.5299442], [11.9289814, 44.529955], [11.9290084, 44.5304941], [11.9287576, 44.5305005], [11.9286049, 44.5303378], [11.9284738, 44.5303311], [11.9285192, 44.5307767], [11.9281669, 44.5307493], [11.9280255, 44.5309694], [11.9278027, 44.5309829], [11.9275362, 44.531252], [11.9273241, 44.5312611], [11.9272893, 44.5313484], [11.9268375, 44.531361], [11.9267911, 44.5314512], [11.9266687, 44.5314545], [11.9265357, 44.5313677], [11.9263884, 44.5310394], [11.9262663, 44.5310145], [11.9262446, 44.530683], [11.9261226, 44.5306581], [11.925969, 44.5303222], [11.925723, 44.5302182], [11.9257041, 44.5300589], [11.9254581, 44.529955], [11.9253144, 44.5295989], [11.9255568, 44.5294127], [11.9258829, 44.5294033], [11.9259294, 44.5293131], [11.9261521, 44.5292996], [11.9265398, 44.5289373], [11.9270094, 44.5288275], [11.9271527, 44.5287136], [11.927142, 44.5284994], [11.9268898, 44.5283878], [11.9268766, 44.5281545], [11.9267506, 44.5281213], [11.9267235, 44.5279554], [11.9264149, 44.5279509], [11.9263685, 44.5280411], [11.9261364, 44.5280604], [11.9261216, 44.5281375], [11.9258988, 44.528151], [11.9258747, 44.5282338], [11.9256519, 44.5282473], [11.9256279, 44.5283302], [11.9254051, 44.5283437], [11.925381, 44.5284265], [11.9251582, 44.52844], [11.9248917, 44.5287091], [11.9246796, 44.5287182], [11.9246449, 44.5288055], [11.9240674, 44.5288213], [11.9240209, 44.5289115], [11.9237701, 44.5289179], [11.9237476, 44.5284688], [11.92387, 44.5284292], [11.9238553, 44.5281059], [11.9239616, 44.5280898], [11.923972, 44.5279229], [11.9240944, 44.5278833], [11.9240797, 44.52756], [11.924202, 44.5275205], [11.9241783, 44.5270173], [11.9243007, 44.5269778], [11.9242863, 44.5266905], [11.9238676, 44.5264025], [11.9236441, 44.5264005], [11.9234705, 44.5262285], [11.923258, 44.5262303], [11.9227373, 44.5258835]], [[11.9281478, 44.5305474], [11.928294, 44.530435], [11.9281434, 44.5304396], [11.9281478, 44.5305474]]]}}, {"type": "Feature", "properties": {"flooded": true, "source": "satellite", "area_m2": 18233.3}, "geometry": {"type": "Polygon", "coordinates": [[[11.9251195, 44.5181704], [11.9251106, 44.517991], [11.9255801, 44.5178811], [11.9257254, 44.5177051], [11.9261843, 44.5175997], [11.926219, 44.5175124], [11.9265954, 44.5175028], [11.9267256, 44.5175895], [11.9267445, 44.5177488], [11.9269905, 44.5178527], [11.9270093, 44.5180121], [11.9272553, 44.518116], [11.9272643, 44.5182955], [11.9271505, 44.5183186], [11.9271476, 44.5184785], [11.9270338, 44.5185016], [11.927031, 44.5186615], [11.9269098, 44.5187547], [11.9265721, 44.518767], [11.9265373, 44.5188542], [11.9263053, 44.5188736], [11.9262905, 44.5189506], [11.9255371, 44.5189699], [11.9255281, 44.5187905], [11.9256419, 44.5187674], [11.925645, 44.5186435], [11.9253889, 44.5185236], [11.9252415, 44.5181953], [11.9251195, 44.5181704]]]}}, {"type": "Feature", "properties": {"flooded": true, "source": "satellite", "area_m2": 130930.4}, "geometry": {"type": "Polygon", "coordinates": [[[11.9190061, 44.5015823], [11.918867, 44.5013162], [11.9191093, 44.5011299], [11.919332, 44.5011165], [11.9194772, 44.5009405], [11.9196999, 44.500927], [11.9198451, 44.500751], [11.9203145, 44.5006412], [11.9203386, 44.5005583], [11.9208406, 44.5005455], [11.9212632, 44.500887], [11.9216754, 44.500884], [11.9218551, 44.5006996], [11.9223246, 44.5005897], [11.9224698, 44.5004138], [11.9226818, 44.5004047], [11.9227165, 44.5003174], [11.9232185, 44.5003046], [11.9232455, 44.5004705], [11.9234787, 44.5004779], [11.9236322, 44.5008139], [11.9240082, 44.5010045], [11.9240271, 44.5011639], [11.9244031, 44.5013545], [11.924422, 44.5015139], [11.924798, 44.5017045], [11.9248106, 44.5018562], [11.9249326, 44.5018811], [11.9249596, 44.5020471], [11.9251974, 44.5021444], [11.9252162, 44.5023037], [11.9255923, 44.5024943], [11.9256057, 44.5027637], [11.9253635, 44.5029499], [11.9251408, 44.5029634], [11.9249956, 44.5031394], [11.9247729, 44.5031529], [11.9246277, 44.5033289], [11.924405, 44.5033424], [11.9242598, 44.5035184], [11.9240478, 44.5035274], [11.924013, 44.5036147], [11.9237811, 44.503634], [11.9236451, 44.5038042], [11.9231757, 44.503914], [11.9230304, 44.50409], [11.9224073, 44.504196], [11.9223902, 44.5039544], [11.9222682, 44.5039295], [11.9222555, 44.5037778], [11.9221111, 44.5036768], [11.9213798, 44.5037722], [11.9212496, 44.5036855], [11.9212308, 44.5035261], [11.9208548, 44.5033355], [11.9208359, 44.5031761], [11.9204599, 44.5029855], [11.9204464, 44.5027162], [11.9206899, 44.5025835], [11.92068, 44.5023861], [11.9205541, 44.5023529], [11.9205352, 44.5021936], [11.9202938, 44.5021795], [11.9202385, 44.502092], [11.9196612, 44.5021057], [11.9191407, 44.5017589], [11.9191281, 44.5016072], [11.9190061, 44.5015823]]]}}, {"type": "Feature", "properties": {"flooded": true, "source": "satellite", "area_m2": 38122.0}, "geometry": {"type": "Polygon", "coordinates": [[[11.9197246, 44.5134472], [11.9197156, 44.5132678], [11.9199122, 44.5133074], [11.9203153, 44.5132447], [11.9203349, 44.5130719], [11.9205773, 44.5128856], [11.9208, 44.5128722], [11.9210664, 44.5126031], [11.9213058, 44.5125767], [11.9213688, 44.5123678], [11.9211785, 44.5123297], [11.9212927, 44.5121019], [11.921165, 44.51206], [11.9211561, 44.5118806], [11.921391, 44.5117643], [11.9215106, 44.5114214], [11.9217613, 44.5114149], [11.9221951, 44.5117603], [11.9225332, 44.5117553], [11.9226633, 44.511842], [11.9226822, 44.5120013], [11.9229281, 44.5121053], [11.922947, 44.5122646], [11.9233231, 44.5124552], [11.9233357, 44.512607], [11.9234577, 44.5126318], [11.9233456, 44.5129044], [11.9231032, 44.5130906], [11.9228638, 44.513117], [11.9228609, 44.5132769], [11.9226489, 44.513286], [11.9226141, 44.5133733], [11.9219111, 44.5133923], [11.9218647, 44.5134825], [11.9214013, 44.513498], [11.9213666, 44.5135852], [11.9211346, 44.5136046], [11.9211198, 44.5136816], [11.9207937, 44.513691], [11.9207473, 44.5137811], [11.9205246, 44.5137946], [11.9205005, 44.5138775], [11.9199984, 44.5138903], [11.9199857, 44.5137386], [11.9198637, 44.5137137], [11.9198466, 44.5134721], [11.9197246, 44.5134472]]]}}, {"type": "Feature", "properties": {"flooded": true, "source": "satellite", "area_m2": 7387.9}, "geometry": {"type": "Polygon", "coordinates": [[[11.9221573, 44.5168059], [11.9221483, 44.5166265], [11.9223991, 44.51662], [11.9225292, 44.5167067], [11.9225419, 44.5168585], [11.9227941, 44.51697], [11.9228129, 44.5171294], [11.9230589, 44.5172333], [11.9232062, 44.5175617], [11.9233282, 44.5175865], [11.9233462, 44.5179458], [11.9231341, 44.5179548], [11.9230993, 44.5180421], [11.9227257, 44.5180519], [11.9225927, 44.5179651], [11.9225751, 44.5176418], [11.9224491, 44.5176086], [11.9224269, 44.5171955], [11.9223009, 44.5171623], [11.9222833, 44.5168391], [11.9221573, 44.5168059]]]}}, {"type": "Feature", "properties": {"flooded": true, "source": "satellite", "area_m2": 28248.2}, "geometry": {"type": "Polygon", "coordinates": [[[11.9162467, 44.4992222], [11.9161077, 44.4989561], [11.9165922, 44.4985836], [11.9168042, 44.4985745], [11.9169601, 44.4983941], [11.917192, 44.4983748], [11.917328, 44.4982047], [11.9175507, 44.4981912], [11.9176959, 44.4980152], [11.9180722, 44.4980056], [11.9183549, 44.498255], [11.9185427, 44.4983072], [11.9185842, 44.4981725], [11.9190537, 44.4980627], [11.9191989, 44.4978867], [11.9194216, 44.4978733], [11.9195668, 44.4976973], [11.9197788, 44.4976882], [11.9198135, 44.4976009], [11.9200642, 44.4975945], [11.9200867, 44.4976706], [11.9203199, 44.497678], [11.9203633, 44.4977633], [11.9205757, 44.4977615], [11.920966, 44.4980216], [11.9209795, 44.4982909], [11.9207372, 44.4984772], [11.9202785, 44.4985826], [11.9202437, 44.4986698], [11.9200317, 44.4986789], [11.919997, 44.4987662], [11.9197849, 44.4987752], [11.9197502, 44.4988625], [11.9195382, 44.4988716], [11.9195034, 44.4989589], [11.9193784, 44.4989621], [11.918988, 44.498702], [11.9189692, 44.4985426], [11.9185341, 44.4983089], [11.9183607, 44.4983713], [11.9183459, 44.4984483], [11.9181232, 44.4984618], [11.917978, 44.4986378], [11.9177553, 44.4986513], [11.9176101, 44.4988272], [11.9171407, 44.498937], [11.9168743, 44.4992061], [11.9162467, 44.4992222]]]}}, {"type": "Feature", "properties": {"flooded": true, "source": "satellite", "area_m2": 23471.1}, "geometry": {"type": "Polygon", "coordinates": [[[11.9170905, 44.5236874], [11.9170322, 44.5225189], [11.9171514, 44.5224879], [11.9171354, 44.5220662], [11.9172578, 44.5220266], [11.9172205, 44.5212558], [11.917343, 44.5212142], [11.9173284, 44.5208909], [11.9174535, 44.5208877], [11.9177691, 44.5211487], [11.918045, 44.5211416], [11.9180914, 44.5210515], [11.9182165, 44.5210483], [11.9183467, 44.521135], [11.9183638, 44.5213766], [11.9184858, 44.5214015], [11.9185039, 44.5217587], [11.9182763, 44.52187], [11.9182659, 44.5220369], [11.9181435, 44.5220764], [11.9182973, 44.5226663], [11.9179412, 44.5228756], [11.9179473, 44.5232154], [11.9175911, 44.5234247], [11.9174715, 44.5237677], [11.9173523, 44.5237987], [11.9173548, 44.5239507], [11.9172297, 44.5239539], [11.9172126, 44.5237122], [11.9170905, 44.5236874]]]}}, {"type": "Feature", "properties": {"flooded": true, "source": "satellite", "area_m2": 6445.6}, "geometry": {"type": "Polygon", "coordinates": [[[11.9150131, 44.4946624], [11.9150041, 44.494483], [11.9151233, 44.494452], [11.9151208, 44.4943], [11.9155795, 44.4941946], [11.9156143, 44.4941073], [11.915865, 44.4941009], [11.9159202, 44.4941885], [11.9164975, 44.4941748], [11.9165109, 44.4944441], [11.9162989, 44.4944531], [11.9161431, 44.4946336], [11.9159204, 44.494647], [11.9157752, 44.494823], [11.9152733, 44.4948358], [11.9150131, 44.4946624]]]}}, {"type": "Feature", "properties": {"flooded": true, "source": "satellite", "area_m2": 7075.5}, "geometry": {"type": "Polygon", "coordinates": [[[11.9074877, 44.4799102], [11.9074788, 44.4797308], [11.9083266, 44.479079], [11.9085492, 44.4790656], [11.9086944, 44.4788896], [11.9089495, 44.4789731], [11.9087251, 44.4795186], [11.9081195, 44.4799841], [11.9076177, 44.4799969], [11.9074877, 44.4799102]]]}}, {"type": "Feature", "properties": {"flooded": true, "source": "satellite", "area_m2": 90415.1}, "geometry": {"type": "Polygon", "coordinates": [[[11.8696336, 44.5233602], [11.8696159, 44.5230009], [11.8697372, 44.5229079], [11.870075, 44.5228957], [11.8701098, 44.5228085], [11.8704476, 44.5227963], [11.8704825, 44.5227091], [11.8708203, 44.5226969], [11.8708551, 44.5226097], [11.8713069, 44.5225972], [11.8713534, 44.5225071], [11.8720565, 44.5224883], [11.872103, 44.5223982], [11.8728134, 44.5222867], [11.8728483, 44.5221994], [11.8733117, 44.5221841], [11.8733466, 44.5220968], [11.873695, 44.5220803], [11.8737192, 44.5219974], [11.874171, 44.521985], [11.8742203, 44.5218946], [11.8768606, 44.5219183], [11.8769039, 44.5220036], [11.8771164, 44.5220019], [11.8771289, 44.5221536], [11.8772509, 44.5221785], [11.8772679, 44.5224202], [11.8773902, 44.5224471], [11.8773987, 44.5226245], [11.8772775, 44.5227176], [11.8770653, 44.5227266], [11.8770305, 44.5228138], [11.8766927, 44.522826], [11.8766579, 44.5229133], [11.8763201, 44.5229254], [11.8762853, 44.5230127], [11.8759475, 44.5230248], [11.8759127, 44.5231121], [11.8749626, 44.5232271], [11.8749161, 44.5233173], [11.8744643, 44.5233297], [11.8744178, 44.5234198], [11.8740693, 44.5234364], [11.8740452, 44.5235192], [11.8735934, 44.5235317], [11.8735469, 44.5236218], [11.8731984, 44.5236384], [11.8731742, 44.5237212], [11.8722241, 44.5238362], [11.8721776, 44.5239264], [11.8718292, 44.5239429], [11.871805, 44.5240258], [11.8713532, 44.5240382], [11.8713067, 44.5241283], [11.8708549, 44.5241408], [11.8708084, 44.5242309], [11.8703449, 44.5242462], [11.8703073, 44.5243337], [11.8700592, 44.5243398], [11.8699291, 44.524253], [11.8699118, 44.5239298], [11.8697858, 44.5238965], [11.8698368, 44.5236659], [11.8697596, 44.5233934], [11.8696336, 44.5233602]]]}}, {"type": "Feature", "properties": {"flooded": true, "source": "satellite", "area_m2": 77634.8}, "geometry": {"type": "Polygon", "coordinates": [[[11.8702556, 44.5257752], [11.870238, 44.525416], [11.8703592, 44.5253229], [11.870582, 44.5253095], [11.8706062, 44.5252266], [11.8713166, 44.5251151], [11.8713515, 44.5250278], [11.8723016, 44.5249128], [11.8723481, 44.5248227], [11.8727999, 44.5248103], [11.8728464, 44.5247201], [11.8732229, 44.5247107], [11.8735309, 44.5250594], [11.873956, 44.5250487], [11.8741101, 44.5249304], [11.8740944, 44.5245087], [11.8742157, 44.5244156], [11.8746675, 44.5244031], [11.874714, 44.524313], [11.8750624, 44.5242965], [11.8750866, 44.5242136], [11.8758401, 44.5241946], [11.8758527, 44.5243464], [11.8759747, 44.5243713], [11.8759917, 44.5246129], [11.8761137, 44.5246378], [11.8761358, 44.525087], [11.8754253, 44.5251986], [11.8753905, 44.5252858], [11.8749387, 44.5252983], [11.8748922, 44.5253884], [11.8746602, 44.5254077], [11.8746453, 44.5254847], [11.8741934, 44.5254971], [11.8741469, 44.5255872], [11.8739242, 44.5256006], [11.8739133, 44.5259532], [11.8734282, 44.5263255], [11.8729363, 44.5264559], [11.8729473, 44.5267517], [11.8730733, 44.526785], [11.8730777, 44.5268745], [11.8728352, 44.5270607], [11.8726124, 44.5270741], [11.8725882, 44.5271569], [11.8718777, 44.5272684], [11.8718429, 44.5273557], [11.8716109, 44.5273749], [11.8715959, 44.527452], [11.8710937, 44.5274646], [11.8710675, 44.5269615], [11.8709415, 44.5269283], [11.8709147, 44.5267623], [11.870807, 44.5267516], [11.8707839, 44.5265023], [11.8705379, 44.5263983], [11.870521, 44.5261566], [11.870399, 44.5261317], [11.8703816, 44.5258085], [11.8702556, 44.5257752]]]}}, {"type": "Feature", "properties": {"flooded": true, "source": "satellite", "area_m2": 7015568.0}, "geometry": {"type": "Polygon", "coordinates": [[[11.833817, 44.5217345], [11.8338083, 44.5215551], [11.8342262, 44.5212506], [11.8341548, 44.5209163], [11.8342686, 44.5208932], [11.8342736, 44.5207781], [11.834146, 44.520736], [11.8341373, 44.5205566], [11.8342566, 44.5205257], [11.8342499, 44.5202837], [11.8344727, 44.5202704], [11.8345569, 44.5201472], [11.8342915, 44.5201033], [11.834245, 44.5201934], [11.8341198, 44.5201966], [11.8341068, 44.5199272], [11.834986, 44.5199054], [11.8350182, 44.5199868], [11.8351791, 44.5199904], [11.8352379, 44.5198991], [11.835363, 44.519896], [11.8355363, 44.5200681], [11.8360754, 44.5200573], [11.8362358, 44.5199441], [11.8362389, 44.5197842], [11.8363602, 44.5196912], [11.8368436, 44.5196658], [11.8369189, 44.5195465], [11.8368499, 44.5194089], [11.8370963, 44.5193128], [11.8371231, 44.5194788], [11.8373564, 44.5194864], [11.8378766, 44.5198335], [11.8379033, 44.5199995], [11.8381367, 44.5200071], [11.838141, 44.5200966], [11.8372986, 44.5203054], [11.8370317, 44.5205743], [11.8361525, 44.5205962], [11.8361258, 44.5204302], [11.835869, 44.5204266], [11.8359105, 44.5205824], [11.8360267, 44.5206017], [11.8360307, 44.5206892], [11.8359114, 44.5207202], [11.8359137, 44.5208722], [11.8354115, 44.5208847], [11.8353331, 44.5207522], [11.8349781, 44.5210329], [11.8352941, 44.521068], [11.8351212, 44.5213828], [11.835245, 44.5214739], [11.8356685, 44.5212186], [11.8356717, 44.5210586], [11.8357968, 44.5210555], [11.8358055, 44.521235], [11.8356991, 44.521251], [11.8356885, 44.5214179], [11.8355661, 44.5214574], [11.8356224, 44.521599], [11.8358042, 44.5215821], [11.8359317, 44.5212322], [11.8361782, 44.5211361], [11.8361913, 44.5214054], [11.8360774, 44.5214285], [11.8360741, 44.5215524], [11.8362, 44.5215857], [11.8362268, 44.5217517], [11.8363344, 44.5217624], [11.8363574, 44.5220117], [11.8366033, 44.5221158], [11.8366201, 44.5223575], [11.836742, 44.5223824], [11.8367033, 44.5226344], [11.8370109, 44.5227358], [11.8370474, 44.5229072], [11.837271, 44.5229094], [11.8374458, 44.5230375], [11.8375229, 44.5229032], [11.8377737, 44.5228969], [11.8376611, 44.5231694], [11.837536, 44.5231725], [11.8374813, 44.5230403], [11.8372915, 44.5231088], [11.8372972, 44.5234485], [11.8371747, 44.523488], [11.8372081, 44.5236234], [11.8374316, 44.5236256], [11.837436, 44.5237151], [11.8372132, 44.5237285], [11.8371287, 44.5238536], [11.8372403, 44.5239433], [11.8374447, 44.5238954], [11.8374104, 44.5242373], [11.8376948, 44.5242359], [11.8377054, 44.5240689], [11.837946, 44.5239449], [11.8379436, 44.5237929], [11.8383001, 44.5235838], [11.8383032, 44.5234239], [11.8385588, 44.5235096], [11.8385628, 44.5235971], [11.8383222, 44.5237211], [11.8383523, 44.523865], [11.8385372, 44.5238646], [11.8385721, 44.5237773], [11.838972, 44.5237639], [11.8389404, 44.5235881], [11.8390617, 44.5234951], [11.8392845, 44.5234817], [11.8399003, 44.5230107], [11.8399109, 44.5228438], [11.8402686, 44.5228215], [11.8402792, 44.5226545], [11.8404913, 44.5226456], [11.84064, 44.5225353], [11.8406431, 44.5223754], [11.8407683, 44.5223723], [11.840823, 44.5225045], [11.8412754, 44.5224497], [11.8412878, 44.5226014], [11.8416699, 44.5228], [11.8416886, 44.5229594], [11.8423246, 44.5233238], [11.8423377, 44.5235932], [11.8422184, 44.5236241], [11.8422307, 44.5237561], [11.8424218, 44.5237705], [11.8424683, 44.5236803], [11.8425935, 44.5236772], [11.8425978, 44.5237667], [11.8423573, 44.5238907], [11.8423727, 44.5243125], [11.8422495, 44.5243608], [11.8423018, 44.5244482], [11.8425028, 44.5243997], [11.842535, 44.5246998], [11.8428698, 44.5245572], [11.8428804, 44.5243903], [11.8430055, 44.5243872], [11.8430607, 44.5244747], [11.843387, 44.5244677], [11.8434422, 44.5245553], [11.8438941, 44.5245451], [11.8440242, 44.5246318], [11.8440428, 44.5247912], [11.8446789, 44.5251557], [11.8446975, 44.5253151], [11.8450735, 44.5255059], [11.8450921, 44.5256653], [11.8455981, 44.525943], [11.8456168, 44.5261024], [11.8459927, 44.5262932], [11.8460114, 44.5264526], [11.8465174, 44.5267303], [11.8466606, 44.5270864], [11.8464485, 44.5270953], [11.8464136, 44.5271826], [11.8462015, 44.5271915], [11.8460528, 44.5273018], [11.8460653, 44.5277766], [11.8463186, 44.5278155], [11.8466187, 44.5284248], [11.8467697, 44.5285209], [11.8469821, 44.5285192], [11.8470254, 44.5286045], [11.8473133, 44.5285999], [11.8473598, 44.5285098], [11.8475918, 44.5284906], [11.8479707, 44.5281344], [11.8480959, 44.5281313], [11.8483564, 44.5283069], [11.8483692, 44.5285742], [11.8482628, 44.5285902], [11.8482522, 44.5287572], [11.8481298, 44.5287967], [11.8481526, 44.5292638], [11.8483338, 44.5293846], [11.8487857, 44.5293744], [11.8487901, 44.5294639], [11.8485464, 44.5295965], [11.8485618, 44.5297199], [11.8486776, 44.5297372], [11.8486221, 44.5298779], [11.8487132, 44.530083], [11.848876, 44.5301813], [11.8493092, 44.5301582], [11.8494466, 44.5300417], [11.8494236, 44.5295385], [11.84967, 44.5294424], [11.8503204, 44.5298762], [11.8503473, 44.5300422], [11.8508452, 44.5303133], [11.850872, 44.5304793], [11.8522806, 44.5313577], [11.8522931, 44.5315094], [11.8525452, 44.5316212], [11.852572, 44.5317872], [11.852842, 44.5319661], [11.8531568, 44.5320067], [11.853183, 44.5317853], [11.8533081, 44.5317821], [11.8533634, 44.5318697], [11.8534979, 44.5318329], [11.853412, 44.5317025], [11.8533043, 44.5316918], [11.8532856, 44.5315324], [11.8529096, 44.5313416], [11.8528971, 44.5311898], [11.8527527, 44.5310888], [11.8525193, 44.5310813], [11.8525064, 44.5308479], [11.8523805, 44.5308147], [11.8523618, 44.5306553], [11.8517256, 44.5302909], [11.8516988, 44.5301249], [11.8508106, 44.5295935], [11.8507838, 44.5294275], [11.8501558, 44.5290697], [11.8501433, 44.528918], [11.8498912, 44.5288063], [11.8498788, 44.5286545], [11.8496267, 44.5285428], [11.8495999, 44.5283768], [11.8493665, 44.5283693], [11.8492364, 44.5282825], [11.8492178, 44.5281231], [11.8488418, 44.5279322], [11.848815, 44.5277662], [11.8485816, 44.5277587], [11.8485692, 44.5276069], [11.8483171, 44.5274952], [11.8483046, 44.5273434], [11.8480525, 44.5272317], [11.8480257, 44.5270657], [11.8477924, 44.5270582], [11.8477656, 44.5268922], [11.8470076, 44.5264476], [11.8469889, 44.5262882], [11.8464829, 44.5260105], [11.8463216, 44.5256679], [11.8458281, 44.5254867], [11.8458113, 44.5252451], [11.8456893, 44.5252201], [11.8456575, 44.524791], [11.8452383, 44.5245148], [11.8450539, 44.5245235], [11.8450297, 44.5246064], [11.8447788, 44.5246126], [11.8441285, 44.5241787], [11.8441017, 44.5240127], [11.843864, 44.5239152], [11.8438553, 44.5237358], [11.8456774, 44.5236902], [11.845739, 44.5235986], [11.8467411, 44.5235738], [11.8467733, 44.5236553], [11.8469813, 44.5236887], [11.8470533, 44.5235252], [11.8469743, 44.5234078], [11.8467329, 44.5233936], [11.8466963, 44.5232222], [11.8464727, 44.52322], [11.8465151, 44.5228096], [11.8464322, 44.5226111], [11.8463164, 44.5225938], [11.8462977, 44.5224344], [11.8461819, 44.5224171], [11.8461633, 44.5222577], [11.8459673, 44.5221988], [11.8459256, 44.5223334], [11.8458005, 44.5223365], [11.845788, 44.5221848], [11.8456228, 44.5220745], [11.8449498, 44.5220448], [11.8447932, 44.5221118], [11.8447898, 44.5222357], [11.8450415, 44.5222658], [11.8450458, 44.5223554], [11.8448337, 44.5223643], [11.8447961, 44.5224518], [11.8443389, 44.5224201], [11.8441748, 44.5225571], [11.8438487, 44.5225663], [11.8438022, 44.5226564], [11.8435794, 44.5226698], [11.8433146, 44.5228766], [11.8433213, 44.5231185], [11.8430749, 44.5232147], [11.8428147, 44.5230411], [11.842788, 44.5228751], [11.8425546, 44.5228676], [11.842536, 44.5227082], [11.8421601, 44.5225173], [11.8421333, 44.5223513], [11.8417655, 44.522167], [11.8417487, 44.5219253], [11.8416267, 44.5219004], [11.8416224, 44.5218109], [11.8422417, 44.5218196], [11.8422376, 44.5215255], [11.8424814, 44.521393], [11.8424299, 44.5212967], [11.8422289, 44.5213453], [11.8422245, 44.5212557], [11.8423469, 44.5212163], [11.8423371, 44.5209829], [11.8426791, 44.5210151], [11.8427097, 44.5208836], [11.842945, 44.5209085], [11.843078, 44.5206943], [11.8434042, 44.5206851], [11.8434507, 44.520595], [11.8436735, 44.5205817], [11.8439382, 44.5203748], [11.8439315, 44.5201329], [11.8441721, 44.5200089], [11.8441566, 44.5195872], [11.844279, 44.5195477], [11.844265, 44.5192604], [11.844009, 44.5191403], [11.8439966, 44.5189886], [11.8438746, 44.5189636], [11.8438615, 44.5186943], [11.8441041, 44.5185082], [11.844465, 44.51853], [11.8444682, 44.518265], [11.8443423, 44.5182318], [11.8443379, 44.5181422], [11.8445868, 44.5180908], [11.8445706, 44.5179762], [11.8443984, 44.5179159], [11.844333, 44.5180519], [11.8442078, 44.5180551], [11.844191, 44.5178134], [11.844069, 44.5177884], [11.8440603, 44.517609], [11.8441826, 44.5176058], [11.8442122, 44.5177719], [11.8443763, 44.5178255], [11.8444458, 44.5177792], [11.8444336, 44.5176273], [11.8443116, 44.5176023], [11.8442848, 44.5174363], [11.8441772, 44.5174256], [11.8440209, 44.5167998], [11.8442635, 44.5166137], [11.8444862, 44.5166003], [11.8446317, 44.5164244], [11.8448825, 44.5164182], [11.8450126, 44.516505], [11.8450298, 44.5168282], [11.8451558, 44.5168615], [11.8451825, 44.5170275], [11.8453454, 44.5171258], [11.8457586, 44.5171129], [11.8457934, 44.5170257], [11.8460162, 44.5170123], [11.8462841, 44.5167969], [11.8462705, 44.5165912], [11.8461485, 44.5165663], [11.8459954, 44.5162302], [11.8458797, 44.5162129], [11.8458709, 44.5160334], [11.8459922, 44.5159404], [11.8464513, 44.5158353], [11.8464861, 44.515748], [11.8466982, 44.5157391], [11.8467331, 44.5156518], [11.8469452, 44.5156429], [11.84698, 44.5155557], [11.8471921, 44.5155467], [11.847227, 44.5154595], [11.8475647, 44.5154474], [11.8475996, 44.5153601], [11.8477247, 44.515357], [11.8477799, 44.5154446], [11.8483574, 44.5154313], [11.8484007, 44.5155166], [11.8486131, 44.5155149], [11.8489165, 44.5157738], [11.8496316, 44.5157596], [11.8496441, 44.5159113], [11.8498961, 44.516023], [11.8499086, 44.5161748], [11.8500306, 44.5161997], [11.8501918, 44.5165424], [11.8503427, 44.5166384], [11.8506809, 44.5166336], [11.8507241, 44.5167189], [11.8509366, 44.5167172], [11.8509799, 44.5168026], [11.8514364, 44.5167045], [11.8514825, 44.51679], [11.8517703, 44.5167854], [11.8519381, 44.5166022], [11.8520604, 44.5165989], [11.8521184, 44.5166866], [11.8525703, 44.5166764], [11.8526422, 44.5168545], [11.8528024, 44.5168429], [11.8528266, 44.51676], [11.853781, 44.5167351], [11.8538303, 44.5166447], [11.8544553, 44.5166293], [11.8544986, 44.5167146], [11.8547111, 44.5167129], [11.8548543, 44.517069], [11.854733, 44.5171621], [11.8545102, 44.5171754], [11.8542584, 44.5173674], [11.854256, 44.5175965], [11.8544332, 44.5177091], [11.8553877, 44.5176862], [11.8555178, 44.517773], [11.8555347, 44.5180147], [11.8556567, 44.5180396], [11.8556179, 44.5183767], [11.8557065, 44.5184807], [11.85593, 44.5184829], [11.8560601, 44.5185697], [11.856069, 44.5187471], [11.8555667, 44.5187617], [11.8555234, 44.5186764], [11.855311, 44.518678], [11.8552391, 44.5185], [11.8548498, 44.5185106], [11.8548033, 44.5186007], [11.8544655, 44.5186128], [11.8543169, 44.5187231], [11.854327, 44.5191528], [11.8542038, 44.5192011], [11.8542186, 44.5194796], [11.8543446, 44.5195128], [11.8543706, 44.5200159], [11.854497, 44.5200512], [11.8543857, 44.5204119], [11.8541333, 44.520328], [11.854116, 44.5200047], [11.85399, 44.5199714], [11.853967, 44.5197221], [11.8538512, 44.5197048], [11.8538343, 44.5194632], [11.8537123, 44.5194382], [11.8536819, 44.5188452], [11.8535559, 44.518812], [11.853539, 44.5185703], [11.8534171, 44.5185454], [11.8534002, 44.5183037], [11.8532782, 44.5182788], [11.8532613, 44.5180371], [11.8530961, 44.5179268], [11.8524313, 44.5179409], [11.8523848, 44.518031], [11.851933, 44.5180434], [11.8518865, 44.5181335], [11.8515487, 44.5181456], [11.8515139, 44.5182328], [11.8509364, 44.5182483], [11.8508899, 44.5183385], [11.8504381, 44.5183508], [11.8503916, 44.5184409], [11.8501596, 44.5184601], [11.8501446, 44.5185371], [11.8495671, 44.5185526], [11.8495206, 44.5186427], [11.8491828, 44.5186548], [11.849148, 44.5187421], [11.8486962, 44.5187544], [11.8486497, 44.5188445], [11.8481707, 44.5189599], [11.8481601, 44.5191268], [11.8479786, 44.5192622], [11.8480605, 44.5196334], [11.8483121, 44.5196636], [11.8482595, 44.5198128], [11.848451, 44.5199302], [11.8484696, 44.5200896], [11.8485854, 44.5201069], [11.8487549, 44.5210025], [11.8486357, 44.5210334], [11.8486468, 44.5213653], [11.8485275, 44.5213962], [11.8485299, 44.5215483], [11.8482873, 44.5217344], [11.8480552, 44.5217535], [11.8480447, 44.5219205], [11.8475657, 44.5220358], [11.8475551, 44.5222028], [11.8474319, 44.522251], [11.8475913, 44.5227222], [11.8477071, 44.5227395], [11.8477504, 44.5228692], [11.8479629, 44.5228231], [11.8480929, 44.5229099], [11.8480973, 44.5229994], [11.8477944, 44.5232279], [11.8478913, 44.5233573], [11.8481148, 44.5233595], [11.8479504, 44.5236997], [11.8480658, 44.5237654], [11.8483838, 44.5237129], [11.8483925, 44.5238923], [11.8481697, 44.5239057], [11.8481499, 44.5240784], [11.8480275, 44.5241179], [11.8481632, 44.5243462], [11.8480406, 44.5243877], [11.8480655, 44.5248995], [11.8483151, 44.5248849], [11.8483194, 44.5249744], [11.8480691, 44.5249724], [11.8482304, 44.5251493], [11.8487009, 44.5250553], [11.8485881, 44.5252918], [11.8488011, 44.5253193], [11.8488315, 44.5251421], [11.8491329, 44.5251155], [11.8490741, 44.524956], [11.8491993, 44.5249529], [11.8491499, 44.5251077], [11.849295, 44.5251269], [11.8493299, 44.5250396], [11.8495619, 44.5250205], [11.8496962, 44.5249125], [11.8496938, 44.5247605], [11.8499289, 44.5246444], [11.8499042, 44.5244925], [11.8495549, 44.5244935], [11.8495506, 44.524404], [11.8497955, 44.5243699], [11.8497609, 44.524136], [11.8495761, 44.5241365], [11.8495412, 44.5242238], [11.8494161, 44.5242269], [11.8493398, 44.5239589], [11.8490646, 44.5239692], [11.8490297, 44.5240565], [11.8486576, 44.5241558], [11.8485275, 44.524069], [11.8485186, 44.5238916], [11.8488566, 44.5238775], [11.8489454, 44.5237649], [11.8488781, 44.5235225], [11.8489921, 44.5234975], [11.8490535, 44.5233039], [11.8489864, 44.5231577], [11.8495639, 44.5231422], [11.8496105, 44.5230521], [11.8499589, 44.5230356], [11.8499743, 44.5227729], [11.8500956, 44.5226799], [11.8502208, 44.5226768], [11.850276, 44.5227643], [11.8511049, 44.5227447], [11.8511601, 44.5228323], [11.8519891, 44.5228126], [11.8520443, 44.5229002], [11.8528733, 44.5228806], [11.8528239, 44.5230354], [11.8530077, 44.5230572], [11.853051, 44.5231426], [11.8536405, 44.5231314], [11.8536957, 44.523219], [11.8542734, 44.5232056], [11.8543166, 44.523291], [11.8547139, 44.5233292], [11.8550318, 44.5232767], [11.8550641, 44.5233581], [11.8552876, 44.5233603], [11.8554647, 44.5234888], [11.8556691, 44.5234408], [11.8557167, 44.523616], [11.8560549, 44.5236112], [11.8560982, 44.5236965], [11.8564955, 44.5237348], [11.8566877, 44.5236854], [11.8567199, 44.5237668], [11.8570692, 44.5237659], [11.8571244, 44.5238534], [11.857702, 44.52384], [11.8577453, 44.5239254], [11.8579578, 44.5239237], [11.858143, 44.524098], [11.8585494, 44.5241324], [11.8585911, 44.5239978], [11.8587163, 44.5239947], [11.8587529, 44.524166], [11.8591021, 44.5241651], [11.8591245, 44.5242411], [11.8593579, 44.5242487], [11.8594012, 44.524334], [11.8596137, 44.5243323], [11.8598034, 44.5245966], [11.8599759, 44.5245855], [11.8600001, 44.5245027], [11.8603681, 44.5245176], [11.8603646, 44.5243411], [11.8602426, 44.5243161], [11.8602206, 44.523867], [11.8604172, 44.5239066], [11.8606948, 44.5238473], [11.860719, 44.5237644], [11.8609002, 44.5237334], [11.8608358, 44.5235815], [11.8612167, 44.5236619], [11.8612719, 44.5237495], [11.861591, 44.5236524], [11.861649, 44.5237401], [11.8621009, 44.5237298], [11.8622356, 44.5239041], [11.862113, 44.5239456], [11.8621362, 44.5244487], [11.8620169, 44.5244797], [11.8620237, 44.5247216], [11.8616859, 44.5247337], [11.861651, 44.524821], [11.8611813, 44.5249306], [11.8611571, 44.5250134], [11.8606829, 44.5250331], [11.8606761, 44.5254396], [11.8608021, 44.5254728], [11.8608289, 44.5256388], [11.8609366, 44.5256495], [11.8609553, 44.5258089], [11.8610711, 44.5258262], [11.8610942, 44.5260755], [11.8613401, 44.5261795], [11.8613669, 44.5263455], [11.8616047, 44.526443], [11.8616216, 44.5266847], [11.8617436, 44.5267096], [11.8618968, 44.5270456], [11.8620126, 44.5270629], [11.8620255, 44.5272963], [11.8621515, 44.5273295], [11.862164, 44.5274813], [11.862286, 44.5275062], [11.8623029, 44.5277479], [11.8624249, 44.5277728], [11.8625781, 44.5281088], [11.862824, 44.5282129], [11.8628365, 44.5283646], [11.8629585, 44.5283896], [11.862971, 44.5285413], [11.8631483, 44.5286538], [11.8637071, 44.5286275], [11.8638445, 44.528511], [11.8638276, 44.5281425], [11.8637, 44.5281005], [11.8636732, 44.5279345], [11.8634354, 44.5278371], [11.8634048, 44.5272441], [11.8631487, 44.5271241], [11.8631362, 44.5269723], [11.8630142, 44.5269474], [11.8628584, 44.5264391], [11.8627364, 44.5264142], [11.8628533, 44.5262316], [11.8632298, 44.5262222], [11.8632427, 44.5264555], [11.8633687, 44.5264888], [11.8633874, 44.5266481], [11.8636289, 44.5266623], [11.8636476, 44.5268217], [11.8643514, 44.5272741], [11.8646373, 44.5272594], [11.8651466, 44.5268042], [11.8653694, 44.5267909], [11.8655148, 44.5266149], [11.8657376, 44.5266016], [11.8658831, 44.5264256], [11.8660952, 44.5264167], [11.86613, 44.5263294], [11.8669633, 44.5263975], [11.8670098, 44.5263073], [11.867336, 44.5262981], [11.8673825, 44.5262079], [11.8676672, 44.5261935], [11.867625, 44.5260218], [11.867873, 44.5260154], [11.8678507, 44.5261888], [11.8679823, 44.5261851], [11.8680065, 44.5261022], [11.8682573, 44.5260959], [11.8685176, 44.5262694], [11.868522, 44.526359], [11.8683995, 44.5263985], [11.8684095, 44.5266319], [11.8681744, 44.526748], [11.8681067, 44.5268603], [11.8681758, 44.5269978], [11.8680534, 44.5270373], [11.8680732, 44.5272507], [11.8683192, 44.5273547], [11.8683324, 44.5276241], [11.8682131, 44.527655], [11.8682155, 44.527807], [11.8680034, 44.527816], [11.8678473, 44.5279964], [11.8676245, 44.5280097], [11.8673578, 44.5282787], [11.8666473, 44.5283902], [11.8666124, 44.5284775], [11.8663896, 44.5284909], [11.8661218, 44.5287063], [11.8661447, 44.5291734], [11.866433, 44.5293749], [11.8666566, 44.529377], [11.8667118, 44.5294646], [11.8676666, 44.5294417], [11.867671, 44.5295312], [11.8673448, 44.5295405], [11.8672983, 44.5296306], [11.8669498, 44.5296471], [11.8669256, 44.52973], [11.8665878, 44.5297421], [11.866553, 44.5298294], [11.8662151, 44.5298415], [11.8661803, 44.5299288], [11.8658424, 44.5299409], [11.8658076, 44.5300281], [11.8654311, 44.5300376], [11.8654181, 44.5298043], [11.8652921, 44.529771], [11.8652748, 44.5294478], [11.8651488, 44.5294145], [11.8651257, 44.5291652], [11.8648364, 44.5289758], [11.8645608, 44.5289793], [11.8645021, 44.5290706], [11.8642793, 44.529084], [11.8642551, 44.5291669], [11.863929, 44.5291761], [11.8638825, 44.5292662], [11.8636504, 44.5292854], [11.8635131, 44.529402], [11.8635255, 44.5296805], [11.8636531, 44.5297225], [11.8638002, 44.5300509], [11.8639222, 44.5300759], [11.8639391, 44.5303175], [11.8640611, 44.5303425], [11.8640736, 44.5304942], [11.8642279, 44.5306006], [11.8643849, 44.530649], [11.8649542, 44.5305901], [11.8651166, 44.5307583], [11.8653401, 44.5307605], [11.865883, 44.5311836], [11.8661164, 44.5311911], [11.8662465, 44.5312779], [11.8662652, 44.5314372], [11.8666413, 44.531628], [11.8666538, 44.5317798], [11.8668191, 44.53189], [11.8669972, 44.5319299], [11.867149, 44.5317053], [11.8673999, 44.531699], [11.8674175, 44.5320583], [11.8669695, 44.5320249], [11.8665539, 44.5321902], [11.8665508, 44.5323501], [11.8664284, 44.5323896], [11.8664469, 44.5327668], [11.8667353, 44.5329683], [11.8669589, 44.5329704], [11.8669714, 44.5331222], [11.8671288, 44.5331857], [11.8673448, 44.5331408], [11.8673771, 44.5332222], [11.8676006, 44.5332244], [11.8677872, 44.5333541], [11.8678526, 44.5332181], [11.8681079, 44.5333017], [11.8681204, 44.5334534], [11.8682424, 44.5334783], [11.8682693, 44.5336443], [11.8683773, 44.533657], [11.8683902, 44.5339243], [11.868155, 44.5340405], [11.8681557, 44.5341727], [11.8686549, 44.5341882], [11.8689151, 44.5343617], [11.8689338, 44.534521], [11.8690496, 44.5345383], [11.8690803, 44.5351313], [11.8692063, 44.5351646], [11.8692332, 44.5353306], [11.8693408, 44.5353412], [11.8693498, 44.5355186], [11.8691143, 44.5354957], [11.8691115, 44.5357967], [11.8688709, 44.5359208], [11.8688832, 44.5360527], [11.8689991, 44.53607], [11.8690314, 44.5363701], [11.8692357, 44.5363264], [11.8692599, 44.5362435], [11.8695977, 44.5362314], [11.8696326, 44.5361441], [11.8703476, 44.5361225], [11.8703852, 44.536035], [11.8722647, 44.5359877], [11.8723976, 44.5360746], [11.8724109, 44.5363439], [11.8722916, 44.5363749], [11.872294, 44.5365269], [11.8721727, 44.53662], [11.8719499, 44.5366334], [11.8719257, 44.5367162], [11.8717029, 44.5367296], [11.8716787, 44.5368124], [11.8714559, 44.5368258], [11.8714317, 44.5369087], [11.8701121, 44.5369421], [11.8700533, 44.5370334], [11.8694253, 44.5370492], [11.8694128, 44.5368974], [11.8692908, 44.5368725], [11.8692694, 44.5365409], [11.8691474, 44.536516], [11.8690807, 44.5363829], [11.8686788, 44.5364414], [11.868644, 44.5365287], [11.8683096, 44.5364942], [11.8681456, 44.5366312], [11.8679227, 44.5366446], [11.8679173, 44.5368872], [11.8682934, 44.537078], [11.8683059, 44.5372298], [11.8684279, 44.5372547], [11.8683135, 44.5374824], [11.8684412, 44.5375244], [11.8684762, 44.5382073], [11.8686022, 44.5382406], [11.8686066, 44.5383301], [11.8683945, 44.5383391], [11.8683568, 44.5384266], [11.8674087, 44.5384056], [11.8668903, 44.5384669], [11.8668555, 44.5385542], [11.8665331, 44.5385177], [11.8663645, 44.5385867], [11.8663614, 44.5387466], [11.866111, 44.5387446], [11.8661318, 44.5391665], [11.8662578, 44.5391997], [11.8662847, 44.5393657], [11.8663924, 44.5393764], [11.8663369, 44.5395171], [11.8664137, 44.539708], [11.8666659, 44.5398197], [11.8666927, 44.5399857], [11.8669261, 44.5399932], [11.8669814, 44.5400808], [11.8675592, 44.5400673], [11.8676144, 44.5401549], [11.8681922, 44.5401414], [11.868201, 44.5403208], [11.8680871, 44.5403439], [11.8680878, 44.5404762], [11.86834, 44.5405878], [11.8683668, 44.5407538], [11.8686047, 44.5408512], [11.8686172, 44.541003], [11.8687392, 44.5410279], [11.8687668, 44.5413671], [11.8689259, 44.5414697], [11.8691385, 44.541468], [11.8691606, 44.5419172], [11.8690542, 44.5419332], [11.8690437, 44.5421002], [11.8689244, 44.5421311], [11.8688954, 44.5426278], [11.8690037, 44.5426863], [11.8696988, 44.5426242], [11.8697664, 44.5427124], [11.871712, 44.5426634], [11.871845, 44.5427503], [11.8718538, 44.5429297], [11.871126, 44.5434882], [11.8707997, 44.5434974], [11.8707532, 44.5435876], [11.8704047, 44.5436041], [11.8703805, 44.543687], [11.8700426, 44.5436991], [11.8700077, 44.5437864], [11.8694184, 44.5438048], [11.8693835, 44.5438921], [11.8690456, 44.5439042], [11.8688895, 44.5440846], [11.8687643, 44.5440877], [11.868504, 44.5439142], [11.8684771, 44.5437482], [11.8682437, 44.5437407], [11.8682268, 44.543499], [11.8679746, 44.5433874], [11.8679559, 44.543228], [11.8677143, 44.5432139], [11.8676776, 44.5430425], [11.867454, 44.5430404], [11.8674415, 44.5428886], [11.8671893, 44.5427769], [11.8671706, 44.5426176], [11.8661438, 44.541993], [11.8661313, 44.5418412], [11.8658791, 44.5417295], [11.8658604, 44.5415702], [11.8656188, 44.541556], [11.8656063, 44.5414043], [11.865224, 44.5412059], [11.8652053, 44.5410465], [11.8650461, 44.5409439], [11.8648336, 44.5409456], [11.8648149, 44.5407862], [11.8643087, 44.5405086], [11.86429, 44.5403493], [11.8637837, 44.5400717], [11.863765, 44.5399123], [11.8629985, 44.5394612], [11.8629798, 44.5393018], [11.8622134, 44.5388507], [11.8622009, 44.538699], [11.8619487, 44.5385873], [11.86193, 44.5384279], [11.8616841, 44.5383239], [11.8617922, 44.5379614], [11.863775, 44.5379039], [11.8640398, 44.537697], [11.8640286, 44.5373652], [11.864151, 44.5373257], [11.8641322, 44.5369125], [11.8642535, 44.5368194], [11.8644657, 44.5368105], [11.8645033, 44.5367229], [11.8647514, 44.5367169], [11.8647836, 44.5367983], [11.8649569, 44.5368007], [11.8650034, 44.5367106], [11.8653296, 44.5367013], [11.8653761, 44.5366112], [11.8657414, 44.5365818], [11.8657226, 44.5360083], [11.8655966, 44.5359751], [11.8655878, 44.5357956], [11.8657119, 44.5357023], [11.8658342, 44.5356994], [11.8658776, 44.5357847], [11.866062, 44.5357759], [11.8660774, 44.5355133], [11.8663263, 44.5354618], [11.8663008, 44.5352964], [11.8660685, 44.535333], [11.8658083, 44.5351595], [11.8658039, 44.53507], [11.8659291, 44.5350669], [11.8660816, 44.5352297], [11.8662608, 44.5352832], [11.8664219, 44.5352212], [11.8664324, 44.5350542], [11.8665549, 44.5350147], [11.8665368, 44.5347191], [11.8664148, 44.5346942], [11.8663879, 44.5345282], [11.8661497, 44.5344287], [11.8661281, 44.5339816], [11.8663247, 44.5340212], [11.8664378, 44.5339417], [11.8663471, 44.5336748], [11.8661428, 44.5337185], [11.8661231, 44.5338913], [11.8659979, 44.5338944], [11.8659847, 44.5336251], [11.8663608, 44.5336239], [11.8663431, 44.5334558], [11.8660747, 44.5332757], [11.8658656, 44.5332311], [11.8658489, 44.5333304], [11.8659709, 44.5333553], [11.8659753, 44.5334449], [11.8657273, 44.5334513], [11.865765, 44.5331165], [11.8653989, 44.5330549], [11.8653307, 44.5331912], [11.8652084, 44.533194], [11.8651532, 44.5331065], [11.864638, 44.5331185], [11.8645765, 44.5332101], [11.8626971, 44.5332573], [11.8626621, 44.5331757], [11.8624385, 44.5331735], [11.8623833, 44.533086], [11.8613601, 44.5330658], [11.8611853, 44.533295], [11.8607359, 44.5331715], [11.8606825, 44.5333076], [11.8604316, 44.5333139], [11.8603883, 44.5332286], [11.8601758, 44.5332303], [11.8601714, 44.5331407], [11.8607452, 44.533171], [11.8610121, 44.533116], [11.861213, 44.5328608], [11.8610837, 44.5328039], [11.861042, 44.5329385], [11.860794, 44.5329449], [11.8605935, 44.5327699], [11.8574549, 44.5328037], [11.8560443, 44.5328872], [11.8560094, 44.5329745], [11.8557973, 44.5329834], [11.8556486, 44.5330938], [11.8555808, 44.5332061], [11.8556543, 44.5334335], [11.8555292, 44.5334367], [11.8555741, 44.5331919], [11.8553903, 44.5331701], [11.855347, 44.5330847], [11.8551345, 44.5330864], [11.8551855, 44.5328559], [11.855107, 44.5327472], [11.8547398, 44.5327362], [11.8545774, 44.532568], [11.8543539, 44.5325658], [11.8543352, 44.5324064], [11.854057, 44.5322209], [11.8538992, 44.5322686], [11.8540931, 44.5323927], [11.8541118, 44.5325521], [11.8542276, 44.5325694], [11.8542364, 44.5327488], [11.8541112, 44.5327519], [11.8536872, 44.5324536], [11.8535972, 44.5325399], [11.853985, 44.5327555], [11.8540118, 44.5329215], [11.8542496, 44.5330189], [11.8542727, 44.5332682], [11.8550346, 44.5336295], [11.8550471, 44.5337812], [11.8552992, 44.5338929], [11.8553179, 44.5340523], [11.8555638, 44.5341564], [11.8555208, 44.5343184], [11.8556983, 44.5343331], [11.8557115, 44.5346024], [11.8554562, 44.5345188], [11.8554771, 44.5342555], [11.8553454, 44.5342593], [11.8551979, 44.5343904], [11.8553487, 44.5346817], [11.8554645, 44.534699], [11.8553662, 44.5350414], [11.8556417, 44.5350473], [11.8555995, 44.5348757], [11.8557247, 44.5348726], [11.855672, 44.5350218], [11.8558636, 44.5351392], [11.8558724, 44.5353186], [11.8557511, 44.5354116], [11.8554132, 44.5354237], [11.8552559, 44.5355505], [11.8553074, 44.5356467], [11.8555085, 44.5355982], [11.8555128, 44.5356877], [11.8552705, 44.5356696], [11.8552705, 44.535874], [11.8555217, 44.5358679], [11.855526, 44.5359574], [11.8553207, 44.535919], [11.8552771, 44.5360089], [11.8554047, 44.5360509], [11.855422, 44.5363741], [11.855548, 44.5364074], [11.8555609, 44.5366407], [11.8556869, 44.536674], [11.8557056, 44.5368334], [11.8563874, 44.5368363], [11.8564462, 44.536745], [11.8570714, 44.5367292], [11.8571294, 44.5368169], [11.8579082, 44.5367974], [11.8581973, 44.5365211], [11.8584482, 44.5365148], [11.8585783, 44.5366016], [11.8586052, 44.5367676], [11.8588385, 44.5367751], [11.8588654, 44.5369411], [11.8590988, 44.5369487], [11.8592289, 44.5370354], [11.8592414, 44.5371872], [11.8594935, 44.5372989], [11.8595122, 44.5374582], [11.8597582, 44.5375623], [11.859767, 44.5377417], [11.8596437, 44.53779], [11.8596945, 44.5384508], [11.8599876, 44.5386358], [11.8609425, 44.5386129], [11.8609858, 44.5386982], [11.8611983, 44.5386965], [11.8612252, 44.5388625], [11.8618533, 44.5392203], [11.8618665, 44.5394896], [11.8617441, 44.5395291], [11.8617698, 44.5400774], [11.8618974, 44.5401194], [11.8619161, 44.5402788], [11.8621577, 44.5402929], [11.8622252, 44.5403811], [11.8630377, 44.5402708], [11.8630564, 44.5404302], [11.863953, 44.5409681], [11.8639717, 44.5411275], [11.8642177, 44.5412315], [11.8642302, 44.5413833], [11.8643522, 44.5414082], [11.8643566, 44.5414977], [11.8642342, 44.5415372], [11.8641883, 44.5419028], [11.8642761, 44.5422001], [11.8644353, 44.5423027], [11.8647735, 44.5422979], [11.8648288, 44.5423854], [11.8654066, 44.542372], [11.8664477, 44.543066], [11.8663308, 44.5432486], [11.8661186, 44.5432576], [11.8659699, 44.5433679], [11.8659856, 44.5436876], [11.8662868, 44.5438792], [11.86694, 44.5438628], [11.8669865, 44.5437727], [11.8673631, 44.5437632], [11.8673818, 44.5439226], [11.8680182, 44.5442869], [11.8680451, 44.5444529], [11.8689337, 44.5449841], [11.8689462, 44.5451359], [11.8693285, 44.5453343], [11.8693473, 44.5454936], [11.8699837, 44.5458579], [11.8699963, 44.5460097], [11.8703786, 44.5462081], [11.8703973, 44.5463675], [11.8707735, 44.5465583], [11.870786, 44.54671], [11.8709081, 44.5467349], [11.8709213, 44.5470043], [11.8702976, 44.54711], [11.8701241, 44.5469379], [11.8697024, 44.546902], [11.8694244, 44.5470621], [11.8694214, 44.5472221], [11.8693, 44.5473151], [11.8690604, 44.5473414], [11.8690744, 44.5477433], [11.8691964, 44.5477683], [11.8692398, 44.5478979], [11.8694523, 44.5478518], [11.8694755, 44.5481011], [11.8696928, 44.5481523], [11.8697132, 44.5480253], [11.8698325, 44.5479944], [11.8698301, 44.5478423], [11.8700423, 44.5478334], [11.8700799, 44.5477458], [11.8705795, 44.5477335], [11.8707688, 44.5478633], [11.8709423, 44.547801], [11.8709573, 44.547724], [11.8717111, 44.547705], [11.8718846, 44.5478771], [11.8722229, 44.5478722], [11.8722662, 44.5479575], [11.8724788, 44.5479558], [11.8725142, 44.5486747], [11.872391, 44.548723], [11.8724327, 44.549577], [11.8723188, 44.5496], [11.8723158, 44.54976], [11.8720732, 44.5499461], [11.871861, 44.5499551], [11.8718261, 44.5500424], [11.8717038, 44.5500456], [11.8716457, 44.5499579], [11.8709421, 44.5499746], [11.8708988, 44.5498893], [11.8706231, 44.5498928], [11.8705643, 44.5499841], [11.8699866, 44.5499997], [11.8699401, 44.5500898], [11.8698149, 44.5500929], [11.8696525, 44.5499248], [11.8694288, 44.5499226], [11.8692987, 44.5498359], [11.8692553, 44.5497062], [11.868917, 44.5497554], [11.8689126, 44.5496659], [11.8692859, 44.549673], [11.8692768, 44.5494227], [11.8691186, 44.549308], [11.8688949, 44.5493059], [11.8688627, 44.5492244], [11.8685825, 44.5491793], [11.8685143, 44.5493156], [11.867935, 44.549241], [11.8678998, 44.5495561], [11.8680275, 44.5495981], [11.8680625, 44.550281], [11.8683187, 44.550401], [11.8683275, 44.5505805], [11.8678683, 44.5506857], [11.8678334, 44.5507729], [11.8674955, 44.550785], [11.8674606, 44.5508723], [11.8670086, 44.5508847], [11.8669621, 44.5509749], [11.8663843, 44.5509905], [11.8663378, 44.5510806], [11.8658354, 44.5510932], [11.8658265, 44.5509138], [11.8659329, 44.5508977], [11.8659435, 44.5507308], [11.8660628, 44.5506998], [11.8660604, 44.5505478], [11.866257, 44.5505875], [11.8666605, 44.5505249], [11.866804, 44.5504111], [11.8668016, 44.5502591], [11.8670453, 44.5501265], [11.8670357, 44.5499292], [11.8669096, 44.5498959], [11.8668827, 44.5497299], [11.8667317, 44.5496339], [11.8665191, 44.5496356], [11.8664758, 44.5495503], [11.8662001, 44.5495538], [11.8661414, 44.5496451], [11.8658963, 44.5496793], [11.865912, 44.550101], [11.8658056, 44.5501171], [11.8657951, 44.550284], [11.8656758, 44.550315], [11.8656782, 44.550467], [11.8654659, 44.5504759], [11.8654311, 44.5505632], [11.8644761, 44.5505882], [11.8643232, 44.5506944], [11.8643215, 44.5510412], [11.864199, 44.5510807], [11.8642178, 44.5514939], [11.8638798, 44.551506], [11.863845, 44.5515933], [11.863393, 44.5516057], [11.8633436, 44.5516961], [11.8625172, 44.5517177], [11.8624706, 44.5518078], [11.8618929, 44.5518234], [11.8618463, 44.5519135], [11.8613943, 44.5519259], [11.8613478, 44.552016], [11.8610098, 44.5520281], [11.8609749, 44.5521154], [11.8600199, 44.5521404], [11.8599734, 44.5522305], [11.8596248, 44.552247], [11.8596006, 44.5523299], [11.858897, 44.5523486], [11.8588477, 44.552439], [11.8579736, 44.5524609], [11.8579521, 44.5523014], [11.8577061, 44.5521973], [11.8576749, 44.5519414], [11.8575239, 44.5518454], [11.8573113, 44.5518471], [11.857268, 44.5517618], [11.8569752, 44.5517219], [11.8569372, 44.5518289], [11.8570593, 44.5518538], [11.8572125, 44.5521899], [11.8574907, 44.5523754], [11.8577144, 44.5523775], [11.8577188, 44.5524671], [11.8574761, 44.5526532], [11.8571381, 44.5526653], [11.8571033, 44.5527525], [11.8563997, 44.5527712], [11.8563532, 44.5528613], [11.8555993, 44.5528802], [11.8555806, 44.5527208], [11.8551722, 44.5524486], [11.8547357, 44.5524553], [11.8539802, 44.5530309], [11.8539772, 44.5531909], [11.8538558, 44.5532839], [11.8535295, 44.5532931], [11.853483, 44.5533833], [11.8530309, 44.5533956], [11.8529844, 44.5534858], [11.8523371, 44.5535954], [11.8523688, 44.5537712], [11.8520503, 44.5536894], [11.8519916, 44.5537806], [11.8517594, 44.5537998], [11.8509025, 44.5544582], [11.8508994, 44.5546182], [11.8507769, 44.5546576], [11.8507868, 44.554891], [11.8506804, 44.5549071], [11.8506698, 44.555074], [11.8505505, 44.555105], [11.8505529, 44.555257], [11.8499461, 44.5557223], [11.8496951, 44.5557285], [11.8496629, 44.5556471], [11.8491833, 44.5555613], [11.84914, 44.5554759], [11.8489274, 44.5554776], [11.8486349, 44.5552226], [11.8484112, 44.5552204], [11.8481285, 44.5549708], [11.8478951, 44.5549632], [11.8477327, 44.554795], [11.847509, 44.5547928], [11.8468583, 44.5543589], [11.8467113, 44.5540305], [11.8465893, 44.5540056], [11.8465805, 44.5538261], [11.8469384, 44.5538038], [11.8470727, 44.5536958], [11.8470704, 44.5535438], [11.8477911, 44.5530555], [11.8477941, 44.5528956], [11.8479166, 44.5528561], [11.8479042, 44.5525776], [11.8477766, 44.5525355], [11.8477579, 44.5523762], [11.8472083, 44.5520132], [11.8466689, 44.5520241], [11.8461444, 44.5524164], [11.8461413, 44.5525763], [11.8458986, 44.5527624], [11.8450189, 44.5527844], [11.8450064, 44.5526326], [11.8447543, 44.5525209], [11.8447356, 44.5523615], [11.8439691, 44.5519103], [11.8439504, 44.5517509], [11.8435743, 44.55156], [11.8435557, 44.5514007], [11.8433097, 44.5512966], [11.8432735, 44.5507775], [11.8431024, 44.5506726], [11.8426503, 44.5506828], [11.8418696, 44.5501621], [11.8418571, 44.5500104], [11.8417351, 44.5499854], [11.8417226, 44.5498337], [11.8416006, 44.5498087], [11.8415881, 44.549657], [11.8414661, 44.549632], [11.8413129, 44.5492959], [11.841067, 44.5491918], [11.8410538, 44.5489225], [11.8415318, 44.5486203], [11.841525, 44.5484804], [11.8412243, 44.5484231], [11.8409062, 44.5484756], [11.8394749, 44.547521], [11.839328, 44.5471925], [11.839206, 44.5471676], [11.8391935, 44.5470158], [11.8390715, 44.5469909], [11.839059, 44.5468391], [11.838937, 44.5468142], [11.8389245, 44.5466624], [11.8388025, 44.5466375], [11.8387901, 44.5464857], [11.838668, 44.5464608], [11.8386552, 44.5462274], [11.8385292, 44.5461941], [11.8385024, 44.5460281], [11.8383947, 44.5460174], [11.8383779, 44.5457758], [11.8382558, 44.5457508], [11.8381027, 44.5454147], [11.8379869, 44.5453974], [11.8378265, 44.5447176], [11.8377004, 44.5446843], [11.8376737, 44.5445183], [11.837566, 44.5445076], [11.8375398, 44.5439685], [11.837663, 44.5439202], [11.8376305, 44.5432461], [11.8377538, 44.5431978], [11.8376994, 44.542074], [11.8378227, 44.5420258], [11.8378065, 44.5419111], [11.8376907, 44.5418938], [11.8376818, 44.5417164], [11.8378044, 44.5416749], [11.8377639, 44.5408121], [11.8378833, 44.5407811], [11.8378766, 44.5405392], [11.8383402, 44.5405241], [11.8386197, 44.5402955], [11.8386006, 44.5399271], [11.8383445, 44.539807], [11.8383079, 44.5396356], [11.8381385, 44.5395875], [11.8379866, 44.5396436], [11.8379021, 44.5397688], [11.8379711, 44.5399063], [11.8378459, 44.5399094], [11.8378285, 44.5395501], [11.8380133, 44.539511], [11.8379455, 44.5393672], [11.8381653, 44.5394012], [11.8383108, 44.5393379], [11.8383158, 44.5392227], [11.8381559, 44.5390993], [11.8379323, 44.539097], [11.8378022, 44.5390102], [11.8377496, 44.5379337], [11.8378637, 44.5379086], [11.8378624, 44.5376588], [11.8379849, 44.5376193], [11.8380266, 44.5371638], [11.8379138, 44.5361271], [11.8383426, 44.5358934], [11.8383229, 44.5356028], [11.8380089, 44.5354941], [11.8379871, 44.535045], [11.838465, 44.5347428], [11.838585, 44.5343999], [11.8388817, 44.5341885], [11.8388146, 44.5339441], [11.838937, 44.5339046], [11.8389216, 44.5337812], [11.8388054, 44.5337618], [11.8387553, 44.53273], [11.8386277, 44.532688], [11.838593, 44.5320051], [11.838467, 44.5319718], [11.8384458, 44.5316402], [11.8383234, 44.5316132], [11.8382976, 44.5310761], [11.8385297, 44.531057], [11.8386001, 44.530839], [11.8383692, 44.5305416], [11.8378942, 44.5305456], [11.837862, 44.5304642], [11.8376385, 44.530462], [11.8373783, 44.5302884], [11.8373528, 44.5298669], [11.8371007, 44.5297551], [11.8370833, 44.5293959], [11.8376924, 44.5293673], [11.83782, 44.5290175], [11.8379393, 44.5289865], [11.8379326, 44.5287446], [11.838055, 44.5287051], [11.8380173, 44.5282611], [11.837785, 44.5282977], [11.8377417, 44.5282124], [11.8374036, 44.5282172], [11.8373714, 44.5281358], [11.8371478, 44.5281335], [11.8370174, 44.5280447], [11.8370046, 44.5277774], [11.8373308, 44.5277682], [11.8373774, 44.5276781], [11.8377426, 44.5276488], [11.8377413, 44.527399], [11.8378638, 44.5273595], [11.8378371, 44.526884], [11.8374637, 44.5268653], [11.8374085, 44.5267777], [11.8370069, 44.5267877], [11.8369604, 44.5268778], [11.836461, 44.5268904], [11.8363281, 44.5268035], [11.8363113, 44.5265619], [11.8361893, 44.5265369], [11.836159, 44.5259439], [11.8360331, 44.5259106], [11.8360025, 44.5252816], [11.8362147, 44.5252727], [11.8362495, 44.5251854], [11.8366073, 44.5251632], [11.836601, 44.5247542], [11.8364791, 44.5247292], [11.8364623, 44.5244875], [11.836297, 44.5243773], [11.835079, 44.5244039], [11.8350531, 44.5239008], [11.8347971, 44.5237807], [11.8347756, 44.5233676], [11.8346496, 44.5233343], [11.8346228, 44.5231683], [11.8345152, 44.5231576], [11.8345024, 44.5229242], [11.8343764, 44.5228909], [11.8343534, 44.5226416], [11.8342376, 44.5226243], [11.8342208, 44.5223826], [11.8340989, 44.5223577], [11.8340721, 44.5221917], [11.8339645, 44.522181], [11.8339429, 44.5217678], [11.833817, 44.5217345]], [[11.8693705, 44.5487177], [11.8696189, 44.5487644], [11.8696098, 44.5485141], [11.8694036, 44.5484393], [11.8693705, 44.5487177]], [[11.8652759, 44.5472986], [11.8653979, 44.5473236], [11.8654166, 44.5474829], [11.8662155, 44.5480154], [11.8664391, 44.5480176], [11.8665917, 44.5481804], [11.8668251, 44.548188], [11.8669986, 44.54836], [11.8673604, 44.5483511], [11.8673286, 44.5481753], [11.8675408, 44.5481663], [11.8676821, 44.548063], [11.8677524, 44.547845], [11.8676668, 44.5474742], [11.8672844, 44.5472758], [11.8672756, 44.5470963], [11.8678456, 44.5471718], [11.8679043, 44.5470805], [11.8681272, 44.5470672], [11.8682638, 44.5467114], [11.8683831, 44.5466804], [11.868377, 44.5465561], [11.868255, 44.5465312], [11.8682281, 44.5463652], [11.8679947, 44.5463577], [11.8679394, 44.5462701], [11.8677668, 44.5462812], [11.8676213, 44.5464571], [11.8672447, 44.5464665], [11.8672124, 44.5463851], [11.8670275, 44.5463856], [11.8668734, 44.5465039], [11.8668758, 44.5466559], [11.8667565, 44.5466868], [11.8667633, 44.5469288], [11.866642, 44.5470218], [11.8661396, 44.5470345], [11.8660963, 44.5469491], [11.8658084, 44.5469538], [11.8656405, 44.547137], [11.8652827, 44.5471594], [11.8652759, 44.5472986]], [[11.8672779, 44.5372524], [11.8671315, 44.5373647], [11.8672822, 44.5373601], [11.8672779, 44.5372524]], [[11.8668684, 44.5369407], [11.8668917, 44.5371999], [11.8670126, 44.5371925], [11.8670368, 44.5371096], [11.8672843, 44.5371199], [11.8671148, 44.5369308], [11.8668684, 44.5369407]], [[11.8630329, 44.5320917], [11.8626615, 44.5323779], [11.8626582, 44.5325018], [11.8627842, 44.5325351], [11.8628011, 44.5327767], [11.8629665, 44.532887], [11.8640085, 44.5328634], [11.8641743, 44.5327423], [11.8641457, 44.5320868], [11.8639764, 44.5319683], [11.8632998, 44.5319852], [11.863265, 44.5320725], [11.8630329, 44.5320917]], [[11.8635376, 44.5329693], [11.8636596, 44.5330928], [11.8637449, 44.5329872], [11.8635376, 44.5329693]], [[11.8633483, 44.5329743], [11.8632661, 44.5331341], [11.8634049, 44.5331461], [11.8634935, 44.5329935], [11.8633483, 44.5329743]], [[11.8628939, 44.5330847], [11.8630509, 44.5331894], [11.8630446, 44.5330817], [11.8628939, 44.5330847]], [[11.8579493, 44.5432798], [11.8577803, 44.5434095], [11.8577983, 44.5437051], [11.8582129, 44.543985], [11.8584365, 44.5439872], [11.8585891, 44.54415], [11.8588225, 44.5441576], [11.8588777, 44.5442451], [11.8590503, 44.5442341], [11.8593097, 44.5440351], [11.859291, 44.5434617], [11.8591327, 44.5433469], [11.8589091, 44.5433448], [11.8588416, 44.5432566], [11.8579493, 44.5432798]], [[11.8523592, 44.5473808], [11.8520774, 44.547587], [11.8520725, 44.5477022], [11.8522001, 44.5477442], [11.8522408, 44.5483531], [11.8528772, 44.5487175], [11.852904, 44.5488835], [11.8542053, 44.5497512], [11.8545645, 44.5497556], [11.8546947, 44.5498424], [11.8547116, 44.5500841], [11.855224, 44.5503693], [11.8552509, 44.5505353], [11.8561394, 44.5510666], [11.8561581, 44.551226], [11.8566644, 44.5515036], [11.8566913, 44.5516696], [11.8570261, 44.551711], [11.8570429, 44.5516117], [11.8569208, 44.5515868], [11.8567676, 44.5512507], [11.8561312, 44.5508864], [11.8561136, 44.5505271], [11.8562361, 44.5504876], [11.8562148, 44.5500292], [11.8560872, 44.5499872], [11.8560685, 44.5498278], [11.8559093, 44.5497252], [11.855571, 44.5497301], [11.8555277, 44.5496447], [11.8551894, 44.5496496], [11.8548969, 44.5493946], [11.8546732, 44.5493924], [11.8545431, 44.5493057], [11.8545162, 44.5491397], [11.8536277, 44.5486084], [11.853584, 44.5477456], [11.8531753, 44.5474627], [11.8526904, 44.5474615], [11.8526471, 44.5473761], [11.8523592, 44.5473808]], [[11.854974, 44.5416439], [11.8547463, 44.5418782], [11.8548374, 44.5420833], [11.8549884, 44.5421793], [11.8552009, 44.5421777], [11.8554612, 44.5423512], [11.85547, 44.5425306], [11.8552348, 44.5426467], [11.8552361, 44.5428966], [11.8551136, 44.5429361], [11.8552636, 44.5432362], [11.8555648, 44.5434278], [11.8564917, 44.5433979], [11.8566352, 44.5432841], [11.8566247, 44.5430699], [11.8561123, 44.5427846], [11.8561034, 44.5426072], [11.8563442, 44.5424812], [11.8563374, 44.5422392], [11.8564599, 44.5421997], [11.8564356, 44.5418965], [11.8561574, 44.541711], [11.8558081, 44.5417119], [11.8557406, 44.5416238], [11.854974, 44.5416439]], [[11.8545451, 44.5483164], [11.8544415, 44.5484662], [11.8546331, 44.5485836], [11.8546518, 44.548743], [11.855158, 44.5490206], [11.8551767, 44.54918], [11.8554452, 44.5493601], [11.8561628, 44.5493422], [11.8562922, 44.549037], [11.8561645, 44.548995], [11.8561472, 44.5486718], [11.8560211, 44.5486385], [11.8559899, 44.5483826], [11.8557565, 44.5483751], [11.8556889, 44.5482869], [11.8545451, 44.5483164]], [[11.8529221, 44.5331428], [11.8527524, 44.5332812], [11.8528024, 44.534279], [11.8529284, 44.5343123], [11.8529514, 44.5345616], [11.8531105, 44.5346642], [11.8532727, 44.5346627], [11.8533148, 44.5344827], [11.8534373, 44.5344432], [11.8534229, 44.5341199], [11.8535422, 44.5340889], [11.8535399, 44.5339369], [11.8541398, 44.5339141], [11.8542151, 44.5336004], [11.8540207, 44.5334744], [11.8539686, 44.5332092], [11.8537, 44.5332388], [11.8537687, 44.5334807], [11.8535207, 44.5334871], [11.853569, 44.5332564], [11.8534725, 44.5331358], [11.8529221, 44.5331428]], [[11.8537478, 44.5483977], [11.8540552, 44.548597], [11.8542172, 44.5485904], [11.854252, 44.5485031], [11.8544382, 44.5484555], [11.8543509, 44.5483336], [11.8541175, 44.548326], [11.8540623, 44.5482385], [11.8537472, 44.5482655], [11.8537478, 44.5483977]], [[11.8532081, 44.5322068], [11.8533623, 44.5323131], [11.8535774, 44.5323397], [11.853564, 44.5322388], [11.853235, 44.5321029], [11.8532081, 44.5322068]], [[11.8527485, 44.5403559], [11.8526104, 44.5404618], [11.852611, 44.540594], [11.8527331, 44.5406189], [11.8527517, 44.5407783], [11.8530201, 44.5409585], [11.8532535, 44.540966], [11.8534389, 44.5411404], [11.8538721, 44.5411172], [11.8538827, 44.5409503], [11.8540059, 44.540902], [11.8539871, 44.5406152], [11.8538651, 44.5405902], [11.8538482, 44.5403486], [11.8537258, 44.5403216], [11.8537218, 44.5402341], [11.853845, 44.5401858], [11.8538011, 44.5392867], [11.8536734, 44.5392447], [11.8536601, 44.5389773], [11.8537741, 44.5389523], [11.8537791, 44.5388371], [11.8536515, 44.5387951], [11.853639, 44.5386433], [11.8534737, 44.5385331], [11.85302, 44.5386588], [11.8530926, 44.5402494], [11.8529713, 44.5403425], [11.8527485, 44.5403559]], [[11.8523326, 44.5348949], [11.8523349, 44.535047], [11.8522125, 44.5350864], [11.8522309, 44.5354636], [11.8523569, 44.5354969], [11.8523738, 44.5357386], [11.8525391, 44.5358488], [11.8529643, 44.5358382], [11.8531205, 44.5356579], [11.8533434, 44.5356445], [11.8536081, 44.5354377], [11.8534676, 44.5351366], [11.8533456, 44.5351117], [11.8532935, 44.5348466], [11.8529552, 44.5348514], [11.8529, 44.5347638], [11.8524984, 44.5347739], [11.8523326, 44.5348949]], [[11.8530193, 44.5359503], [11.8530206, 44.5362001], [11.8528982, 44.5362396], [11.8529122, 44.5365269], [11.8532518, 44.5366878], [11.8535383, 44.5365113], [11.8535155, 44.5360441], [11.8533895, 44.5360109], [11.8533567, 44.5358852], [11.8530193, 44.5359503]], [[11.8529082, 44.5466738], [11.8529106, 44.5468258], [11.8527967, 44.5468488], [11.8527933, 44.5469727], [11.8529194, 44.547006], [11.8529319, 44.5471578], [11.8530861, 44.5472641], [11.8536757, 44.547237], [11.8536658, 44.5468433], [11.8535398, 44.5468101], [11.8535032, 44.5466387], [11.8530624, 44.5465555], [11.8529082, 44.5466738]], [[11.8511369, 44.5285503], [11.8512283, 44.5291332], [11.8514166, 44.5291287], [11.8514718, 44.5292163], [11.8518734, 44.5292062], [11.8521551, 44.529], [11.8521453, 44.5286063], [11.8520193, 44.5285731], [11.8520068, 44.5284213], [11.8518526, 44.5283149], [11.8512632, 44.5283421], [11.8512602, 44.528502], [11.8511369, 44.5285503]], [[11.8511193, 44.5408591], [11.8510696, 44.5413399], [11.8511815, 44.5415543], [11.8521484, 44.5415338], [11.8522159, 44.5416219], [11.8526498, 44.5415833], [11.8526294, 44.5414447], [11.8520991, 44.5410923], [11.8518755, 44.5410901], [11.851572, 44.5408312], [11.851288, 44.5407901], [11.8511193, 44.5408591]], [[11.8507618, 44.5336628], [11.8509344, 44.5335755], [11.8507868, 44.5335145], [11.8507618, 44.5336628]], [[11.8508677, 44.5337024], [11.8507213, 44.5338147], [11.8508719, 44.5338102], [11.8508677, 44.5337024]], [[11.8504489, 44.5336093], [11.8503794, 44.5336556], [11.8505414, 44.533824], [11.8506898, 44.533809], [11.8506032, 44.5336576], [11.8504489, 44.5336093]], [[11.8471037, 44.5464671], [11.8470625, 44.5469314], [11.8471536, 44.5471366], [11.8473205, 44.5471904], [11.8475881, 44.5471381], [11.8483628, 44.5464897], [11.8488623, 44.546477], [11.8488876, 44.5465532], [11.849121, 44.5465608], [11.8491643, 44.5466461], [11.8493768, 44.5466444], [11.8494201, 44.5467297], [11.8497584, 44.5467249], [11.8498017, 44.5468102], [11.8502235, 44.5468462], [11.850507, 44.5466782], [11.8504917, 44.5462925], [11.8503224, 44.5461739], [11.8501098, 44.5461756], [11.8500423, 44.5460874], [11.8484078, 44.5461282], [11.8483462, 44.5462198], [11.8480981, 44.5462258], [11.8480429, 44.5461382], [11.8473897, 44.5461545], [11.8472238, 44.5462756], [11.8472262, 44.5464276], [11.8471037, 44.5464671]], [[11.8462971, 44.5244081], [11.8463672, 44.5249333], [11.846485, 44.5250196], [11.8468743, 44.5250107], [11.8469331, 44.5249194], [11.8471651, 44.5249002], [11.8471401, 44.5243871], [11.8467811, 44.5243827], [11.8467489, 44.5243012], [11.8465879, 44.5242977], [11.8465291, 44.5243889], [11.8462971, 44.5244081]], [[11.8471097, 44.5327939], [11.8468885, 44.5329906], [11.8470183, 44.5330643], [11.8470718, 44.5329282], [11.847197, 44.532925], [11.8471869, 44.5331919], [11.8474513, 44.5330708], [11.8474056, 44.532833], [11.8471097, 44.5327939]], [[11.8468974, 44.5420448], [11.8469882, 44.5428328], [11.8470984, 44.5430066], [11.8476256, 44.5429969], [11.8479195, 44.5427895], [11.8478922, 44.5420362], [11.8477662, 44.5420029], [11.8477296, 44.5418316], [11.8471675, 44.5418414], [11.8468974, 44.5420448]], [[11.8471274, 44.5331842], [11.8469704, 44.5330795], [11.8469767, 44.5331872], [11.8471274, 44.5331842]], [[11.8451635, 44.5194996], [11.8453511, 44.5206618], [11.845591, 44.5206317], [11.8457763, 44.5208061], [11.8461958, 44.5206989], [11.8464605, 44.520492], [11.8464501, 44.5202778], [11.8463281, 44.5202528], [11.8463109, 44.5199296], [11.8461849, 44.5198963], [11.8461637, 44.5195647], [11.8459161, 44.5195429], [11.8457427, 44.5193708], [11.8453293, 44.5193785], [11.8451635, 44.5194996]], [[11.8457909, 44.5221207], [11.8460341, 44.5221752], [11.8460346, 44.522007], [11.8458285, 44.5219322], [11.8457909, 44.5221207]], [[11.8447199, 44.5336446], [11.8447942, 44.533975], [11.8451757, 44.5340555], [11.8452344, 44.5339643], [11.8455723, 44.5339522], [11.8457265, 44.533834], [11.845716, 44.5336197], [11.8455507, 44.5335095], [11.8452125, 44.5335143], [11.8451803, 44.5334328], [11.8449954, 44.5334333], [11.8447199, 44.5336446]], [[11.8444243, 44.5268757], [11.8442082, 44.5271072], [11.8442937, 44.5274779], [11.8445414, 44.5274997], [11.8445846, 44.5275851], [11.8448841, 44.5275776], [11.844919, 44.5274903], [11.8451311, 44.5274814], [11.8452853, 44.5273632], [11.8452705, 44.527059], [11.8449751, 44.526862], [11.8444243, 44.5268757]], [[11.8432865, 44.5274686], [11.8433738, 44.5280688], [11.8434916, 44.528155], [11.8440067, 44.5281431], [11.8441847, 44.5280208], [11.8441651, 44.5275452], [11.8438658, 44.5273398], [11.843578, 44.5273444], [11.8435314, 44.5274345], [11.8432865, 44.5274686]], [[11.8432516, 44.5335642], [11.843205, 44.5336543], [11.84296, 44.5336884], [11.8429936, 44.5340967], [11.8434827, 44.534188], [11.8435379, 44.5342755], [11.8438139, 44.5342687], [11.8438604, 44.5341786], [11.8440925, 44.5341594], [11.8440946, 44.5338487], [11.8439686, 44.5338154], [11.8439561, 44.5336636], [11.8438117, 44.5335626], [11.8432516, 44.5335642]], [[11.8415191, 44.5272347], [11.8415966, 44.527753], [11.8417144, 44.5278392], [11.8422294, 44.5278272], [11.842402, 44.5277129], [11.8423927, 44.5274008], [11.8422707, 44.5273759], [11.8422582, 44.5272241], [11.842104, 44.5271177], [11.8416794, 44.5271216], [11.8415191, 44.5272347]], [[11.8387433, 44.5241405], [11.8385966, 44.5242629], [11.8386352, 44.5250809], [11.8387628, 44.5251229], [11.8387887, 44.525626], [11.8389147, 44.5256593], [11.8389406, 44.5261624], [11.8390666, 44.5261957], [11.8390934, 44.5263617], [11.8392685, 44.5264605], [11.8405254, 44.5264293], [11.8405842, 44.526338], [11.8407065, 44.5263347], [11.8407415, 44.5264163], [11.8409025, 44.5264199], [11.8409613, 44.5263286], [11.8414447, 44.5263032], [11.8416393, 44.5260995], [11.8416321, 44.5259022], [11.8415466, 44.5255314], [11.8414246, 44.5255064], [11.8413856, 44.5247336], [11.8412596, 44.5247003], [11.841238, 44.5242872], [11.841112, 44.5242539], [11.8411033, 44.5240744], [11.8412284, 44.5240713], [11.8412836, 44.5241589], [11.841673, 44.5241501], [11.8417317, 44.5240588], [11.8419545, 44.5240454], [11.8421602, 44.5238206], [11.84197, 44.5237824], [11.8419432, 44.5236164], [11.8416622, 44.5234336], [11.8411862, 44.5234428], [11.8412065, 44.5236213], [11.8409591, 44.523611], [11.8409683, 44.5238973], [11.8400919, 44.5239194], [11.8400704, 44.5237598], [11.8397923, 44.5235743], [11.8393678, 44.5235781], [11.8393213, 44.5236683], [11.8390199, 44.5236948], [11.8390874, 44.5240342], [11.838966, 44.5241272], [11.8387433, 44.5241405]], [[11.8395667, 44.5328457], [11.8393977, 44.5329753], [11.8394363, 44.5337934], [11.8395961, 44.5339169], [11.8398197, 44.5339191], [11.8398749, 44.5340067], [11.8402882, 44.5339938], [11.8403231, 44.5339065], [11.8405352, 44.5338976], [11.8406765, 44.5337943], [11.8406899, 44.5336271], [11.8409379, 44.5336212], [11.8411232, 44.5337955], [11.8416896, 44.5337623], [11.8416759, 44.5333603], [11.8413916, 44.5331671], [11.8409553, 44.5331738], [11.8409248, 44.533351], [11.8407996, 44.5333541], [11.8404094, 44.5330938], [11.840397, 44.532942], [11.8402317, 44.5328318], [11.8395667, 44.5328457]], [[11.8412982, 44.5308913], [11.8412382, 44.5307327], [11.8410612, 44.5307571], [11.8410859, 44.530909], [11.8412982, 44.5308913]], [[11.8400306, 44.5432062], [11.8402053, 44.5436285], [11.8406413, 44.5436135], [11.8406611, 44.5434407], [11.8409062, 44.5434067], [11.8408852, 44.5430949], [11.8404158, 44.5430041], [11.8402702, 44.54318], [11.8400306, 44.5432062]], [[11.8387034, 44.5417988], [11.8387678, 44.5420473], [11.8389561, 44.5420428], [11.8390113, 44.5421304], [11.8396645, 44.5421141], [11.839711, 44.542024], [11.8400596, 44.5420075], [11.8402633, 44.5417743], [11.8400751, 44.5417445], [11.8400318, 44.5416591], [11.8398192, 44.5416608], [11.8398748, 44.5415202], [11.8397751, 44.5414424], [11.8392322, 44.5414964], [11.8390643, 44.5416796], [11.8388521, 44.5416885], [11.8387034, 44.5417988]], [[11.8374267, 44.5250668], [11.8372609, 44.5251879], [11.8373021, 44.5253357], [11.8374866, 44.5253269], [11.8376902, 44.5250937], [11.8374267, 44.5250668]], [[11.838021, 44.5394789], [11.8382017, 44.5395574], [11.8381623, 44.5394107], [11.838021, 44.5394789]]]}}, {"type": "Feature", "properties": {"flooded": true, "source": "satellite", "area_m2": 67260.7}, "geometry": {"type": "Polygon", "coordinates": [[[11.8654728, 44.5231947], [11.865464, 44.5230152], [11.8658298, 44.5227808], [11.8658017, 44.5222326], [11.8656757, 44.5221993], [11.8656544, 44.5218677], [11.865532, 44.5218408], [11.8655236, 44.5216634], [11.8657051, 44.521528], [11.8656191, 44.5211484], [11.8654967, 44.5211215], [11.8654706, 44.5205844], [11.8655919, 44.5204913], [11.8664667, 44.5203793], [11.8666137, 44.5207077], [11.8667357, 44.5207327], [11.8667922, 44.5210877], [11.8672173, 44.521077], [11.8673734, 44.5208967], [11.8676917, 44.5209785], [11.8677505, 44.5208872], [11.8681241, 44.5208776], [11.8681592, 44.5209592], [11.8683827, 44.5209614], [11.8685128, 44.5210481], [11.8685253, 44.5211999], [11.8686473, 44.5212248], [11.8686691, 44.5216379], [11.8687954, 44.5216732], [11.8688083, 44.5219405], [11.868689, 44.5219715], [11.8686914, 44.5221235], [11.8684793, 44.5221325], [11.8684445, 44.5222198], [11.8681067, 44.5222319], [11.8680719, 44.5223191], [11.8678491, 44.5223325], [11.8675898, 44.5225315], [11.8675221, 44.5226438], [11.8675968, 44.5227981], [11.8678426, 44.5227754], [11.8679859, 44.5231315], [11.8678608, 44.5231347], [11.8678242, 44.5229633], [11.8676393, 44.5229638], [11.8675442, 44.5230934], [11.8676133, 44.5232309], [11.8673708, 44.5234171], [11.8667773, 44.5233912], [11.8666255, 44.5236158], [11.8664134, 44.5236248], [11.8662647, 44.5237351], [11.866218, 44.5238839], [11.8665131, 44.5238891], [11.8665351, 44.5243383], [11.8664213, 44.5243614], [11.8664183, 44.5245213], [11.8661757, 44.5247074], [11.8659205, 44.5246238], [11.8659031, 44.5243006], [11.8657768, 44.5242653], [11.8658194, 44.5238569], [11.8657422, 44.5235844], [11.8656158, 44.5235492], [11.865661, 44.5232245], [11.8654728, 44.5231947]]]}}, {"type": "Feature", "properties": {"flooded": true, "source": "satellite", "area_m2": 10977.9}, "geometry": {"type": "Polygon", "coordinates": [[[11.8692371, 44.5716233], [11.8692283, 44.5714439], [11.8695924, 44.5711646], [11.8700625, 44.571055], [11.870208, 44.5708791], [11.8707106, 44.5708664], [11.8708408, 44.5709532], [11.8708595, 44.5711126], [11.8709754, 44.5711299], [11.8709931, 44.5714891], [11.8707504, 44.5716753], [11.8704123, 44.5716874], [11.8703775, 44.5717747], [11.8701453, 44.5717939], [11.8701303, 44.5718709], [11.8695019, 44.5718867], [11.8693717, 44.5718], [11.869353, 44.5716406], [11.8692371, 44.5716233]]]}}, {"type": "Feature", "properties": {"flooded": true, "source": "satellite", "area_m2": 1648636.3}, "geometry": {"type": "Polygon", "coordinates": [[[11.838818, 44.5624814], [11.8388136, 44.5623919], [11.8390302, 44.5624272], [11.8391822, 44.5622026], [11.8394219, 44.5621765], [11.8394897, 44.5620642], [11.8394206, 44.5619266], [11.8397859, 44.5617011], [11.8398407, 44.5615153], [11.8397716, 44.5613778], [11.839891, 44.5613468], [11.8399402, 44.5609727], [11.8398711, 44.5608351], [11.8403412, 44.5607256], [11.8405932, 44.5605337], [11.8406038, 44.5603668], [11.8407263, 44.5603273], [11.8407165, 44.5600939], [11.8409486, 44.5600747], [11.8410762, 44.5597249], [11.841256, 44.5595982], [11.8411989, 44.5591847], [11.8408371, 44.5591939], [11.8406809, 44.5593742], [11.8405556, 44.5593773], [11.8405469, 44.5591979], [11.8406608, 44.5591748], [11.8406639, 44.5590149], [11.8407703, 44.5589989], [11.8407809, 44.558832], [11.8409034, 44.5587925], [11.8408848, 44.5583793], [11.8413873, 44.5583667], [11.8414539, 44.5584999], [11.8416244, 44.5584375], [11.8416394, 44.5583605], [11.8418516, 44.5583516], [11.8418821, 44.5581744], [11.8420788, 44.5582141], [11.8422308, 44.5581579], [11.8426117, 44.5578659], [11.8426148, 44.557706], [11.8428469, 44.5576868], [11.8428531, 44.55743], [11.8430959, 44.5572439], [11.8437086, 44.5572595], [11.8437159, 44.5570484], [11.8439388, 44.5570351], [11.8442069, 44.5568197], [11.8441841, 44.5563526], [11.8440581, 44.5563193], [11.844045, 44.5560499], [11.8451762, 44.5560217], [11.8453386, 44.5561899], [11.8455622, 44.5561922], [11.8456924, 44.5562789], [11.845711, 44.5564383], [11.846004, 44.5565841], [11.8462956, 44.5565303], [11.8464519, 44.55635], [11.8465771, 44.5563469], [11.8465895, 44.5564986], [11.8468417, 44.5566104], [11.8468604, 44.5567697], [11.8472366, 44.5569606], [11.847249, 44.5571124], [11.8475012, 44.5572241], [11.8475281, 44.5573901], [11.8477659, 44.5574876], [11.8477846, 44.5576469], [11.8480306, 44.557751], [11.8480493, 44.5579104], [11.8485556, 44.558188], [11.8485743, 44.5583474], [11.8488203, 44.5584515], [11.8489735, 44.5587876], [11.8494798, 44.5590652], [11.8494985, 44.5592246], [11.8498747, 44.5594154], [11.8498933, 44.5595748], [11.8501394, 44.5596789], [11.850158, 44.5598383], [11.8505342, 44.5600291], [11.8506875, 44.5603652], [11.8509335, 44.5604693], [11.850946, 44.560621], [11.8511982, 44.5607328], [11.851225, 44.5608987], [11.8514629, 44.5609962], [11.8514816, 44.5611556], [11.8517276, 44.5612597], [11.8517463, 44.561419], [11.8519924, 44.5615231], [11.852011, 44.5616825], [11.8522571, 44.5617866], [11.8522758, 44.561946], [11.8525174, 44.5619601], [11.8525343, 44.5622018], [11.8527865, 44.5623135], [11.8528052, 44.5624729], [11.8533116, 44.5627505], [11.8533241, 44.5629022], [11.8535763, 44.5630139], [11.8536032, 44.5631799], [11.8538411, 44.5632774], [11.8538598, 44.5634368], [11.8541058, 44.5635409], [11.8541245, 44.5637002], [11.8543705, 44.5638043], [11.8543892, 44.5639637], [11.8547655, 44.5641545], [11.8549187, 44.5644906], [11.8551648, 44.5645947], [11.855318, 44.5649307], [11.8556943, 44.5651215], [11.855713, 44.5652809], [11.855959, 44.565385], [11.8559777, 44.5655444], [11.8562238, 44.5656484], [11.8562425, 44.5658078], [11.8564842, 44.565822], [11.8564967, 44.5659737], [11.8567489, 44.5660854], [11.8567758, 44.5662514], [11.8570137, 44.5663489], [11.8570324, 44.5665082], [11.8574086, 44.5666991], [11.8574273, 44.5668585], [11.8578036, 44.5670493], [11.8578223, 44.5672087], [11.8581985, 44.5673995], [11.8582254, 44.5675655], [11.8584589, 44.567573], [11.8584714, 44.5677248], [11.8585935, 44.5677497], [11.8586204, 44.5679157], [11.8588583, 44.5680131], [11.858877, 44.5681725], [11.8593834, 44.5684501], [11.859396, 44.5686018], [11.8596482, 44.5687135], [11.8596751, 44.5688795], [11.859913, 44.568977], [11.8599317, 44.5691363], [11.860308, 44.5693272], [11.8603124, 44.5694167], [11.8601931, 44.5694477], [11.8602053, 44.5695796], [11.8603966, 44.569594], [11.8604432, 44.5695038], [11.8606661, 44.5694905], [11.8608117, 44.5693145], [11.8611885, 44.5693051], [11.8612318, 44.5693904], [11.8614445, 44.5693887], [11.8615747, 44.5694755], [11.8615934, 44.5696348], [11.8619696, 44.5698257], [11.8619884, 44.569985], [11.8623647, 44.5701758], [11.8623834, 44.5703352], [11.8627597, 44.570526], [11.8627722, 44.5706778], [11.8628943, 44.5707027], [11.8630476, 44.5710388], [11.8632937, 44.5711428], [11.8634408, 44.5714712], [11.8635629, 44.5714961], [11.8635861, 44.5717454], [11.8647436, 44.5724568], [11.8647623, 44.5726162], [11.8650084, 44.5727202], [11.8650272, 44.5728796], [11.8652733, 44.5729836], [11.8654204, 44.573312], [11.8655425, 44.573337], [11.8655657, 44.5735863], [11.8664628, 44.5741241], [11.8664754, 44.5742758], [11.8667277, 44.5743875], [11.8667464, 44.5745469], [11.867253, 44.5748244], [11.8672717, 44.5749838], [11.8675178, 44.5750878], [11.8675303, 44.5752396], [11.8676524, 44.5752645], [11.8676793, 44.5754305], [11.8679173, 44.5755279], [11.867936, 44.5756873], [11.8683124, 44.5758781], [11.8683249, 44.5760298], [11.868447, 44.5760547], [11.8684735, 44.5765938], [11.8681094, 44.5768731], [11.8678772, 44.5768923], [11.8677409, 44.5770624], [11.8675179, 44.5770757], [11.867251, 44.5773447], [11.867028, 44.5773581], [11.8668844, 44.577472], [11.8668868, 44.577624], [11.8666745, 44.5776329], [11.8666396, 44.5777202], [11.8665144, 44.5777233], [11.8664591, 44.5776358], [11.8653806, 44.577662], [11.8653225, 44.5775743], [11.8644928, 44.5775941], [11.8644605, 44.5775126], [11.864111, 44.5775136], [11.8640676, 44.5774283], [11.8637291, 44.5774332], [11.8636858, 44.5773479], [11.8633473, 44.5773527], [11.8633249, 44.5772767], [11.8630913, 44.5772691], [11.863048, 44.5771838], [11.8627095, 44.5771887], [11.8626772, 44.5771073], [11.8621975, 44.5770215], [11.8621541, 44.5769362], [11.8619415, 44.5769379], [11.8618981, 44.5768526], [11.8616855, 44.5768543], [11.861523, 44.5766861], [11.8610432, 44.5766003], [11.8607506, 44.5763454], [11.8605268, 44.5763432], [11.8605081, 44.5761838], [11.8601093, 44.5759169], [11.8598758, 44.5759094], [11.8597022, 44.5757373], [11.8594896, 44.575739], [11.8585557, 44.5750556], [11.8583221, 44.5750481], [11.8571279, 44.5741911], [11.8568943, 44.5741836], [11.8555699, 44.5732398], [11.8553364, 44.5732323], [11.855076, 44.5730588], [11.8550716, 44.5729692], [11.8551941, 44.5729297], [11.8551798, 44.5726064], [11.8552862, 44.5725904], [11.8552968, 44.5724235], [11.8554193, 44.572384], [11.8553913, 44.572164], [11.8548129, 44.5722629], [11.8546693, 44.5723767], [11.8546717, 44.5725287], [11.8542977, 44.5725383], [11.8537741, 44.5721911], [11.8537697, 44.5721016], [11.8538949, 44.5720984], [11.8539174, 44.5721745], [11.8541509, 44.5721821], [11.8541942, 44.5722674], [11.8543881, 44.5722528], [11.8542497, 44.5718393], [11.8538735, 44.5716485], [11.8537202, 44.5713124], [11.8534741, 44.5712083], [11.8534554, 44.5710489], [11.8532093, 44.5709449], [11.8531906, 44.5707855], [11.8529221, 44.5706053], [11.8521855, 44.5706104], [11.852173, 44.5704586], [11.8520509, 44.5704337], [11.8520333, 44.5700744], [11.8522563, 44.5700611], [11.8524019, 44.5698852], [11.8527673, 44.5698558], [11.8528351, 44.5697435], [11.852766, 44.569606], [11.8530067, 44.569482], [11.853, 44.56924], [11.8531849, 44.5692009], [11.8531082, 44.5688772], [11.8533479, 44.568851], [11.8533465, 44.5686012], [11.8535743, 44.5684921], [11.8535849, 44.5683252], [11.8538256, 44.5682011], [11.8538189, 44.5679592], [11.8541199, 44.5677395], [11.8540484, 44.5675034], [11.8541678, 44.5674724], [11.8541654, 44.5673204], [11.8542868, 44.5672273], [11.8545097, 44.567214], [11.8545339, 44.5671311], [11.854872, 44.567119], [11.8551347, 44.5669227], [11.8551452, 44.5667557], [11.8552677, 44.5667162], [11.8552578, 44.5664828], [11.8554701, 44.5664739], [11.8556243, 44.5663557], [11.8556182, 44.5662313], [11.8554639, 44.566125], [11.8553098, 44.5661475], [11.8553742, 44.5662995], [11.8548904, 44.566325], [11.8548799, 44.5664919], [11.8546477, 44.5665111], [11.8546371, 44.566678], [11.854273, 44.5669572], [11.8539349, 44.5669693], [11.8539001, 44.5670565], [11.8536878, 44.5670655], [11.8536529, 44.5671528], [11.8531828, 44.5672623], [11.8527945, 44.5676243], [11.8525822, 44.5676333], [11.8525473, 44.5677205], [11.8520679, 44.5678359], [11.8520574, 44.5680029], [11.851936, 44.5680959], [11.8515872, 44.5681124], [11.8514417, 44.5682883], [11.8512294, 44.5682972], [11.8510731, 44.5684776], [11.8508409, 44.5684968], [11.8505832, 44.5687599], [11.8502568, 44.5687691], [11.8502102, 44.5688592], [11.8499979, 44.5688682], [11.8498417, 44.5690485], [11.8495906, 44.5690547], [11.8493303, 44.5688812], [11.8493178, 44.5687294], [11.8490656, 44.5686177], [11.8490387, 44.5684517], [11.8488008, 44.5683543], [11.8487821, 44.5681949], [11.8485361, 44.5680908], [11.8485174, 44.5679314], [11.8481412, 44.5677406], [11.8481287, 44.5675888], [11.8480066, 44.5675639], [11.8479978, 44.5673844], [11.8481172, 44.5673535], [11.8481148, 44.5672015], [11.8483545, 44.5671753], [11.8483969, 44.5669366], [11.8481297, 44.5669384], [11.8479841, 44.5671143], [11.8477519, 44.5671335], [11.8476155, 44.5673036], [11.8472388, 44.567313], [11.8472263, 44.5671612], [11.8471042, 44.5671363], [11.8470909, 44.5668689], [11.847205, 44.5668439], [11.847208, 44.566684], [11.8473306, 44.5666445], [11.8473078, 44.5661774], [11.8471817, 44.5661441], [11.8471773, 44.5660546], [11.8475037, 44.5660453], [11.8475503, 44.5659552], [11.8476727, 44.565952], [11.8477188, 44.5660374], [11.8480572, 44.5660326], [11.8482196, 44.5662008], [11.8484433, 44.566203], [11.8484755, 44.5662844], [11.8486993, 44.5662866], [11.8488294, 44.5663734], [11.8487888, 44.5667081], [11.8490598, 44.5667241], [11.8490947, 44.5666369], [11.8493269, 44.5666177], [11.849643, 44.566321], [11.849548, 44.5661828], [11.8493243, 44.5661806], [11.8493067, 44.5658214], [11.8494261, 44.5657904], [11.8494237, 44.5656384], [11.8496291, 44.5656768], [11.8496709, 44.5655422], [11.8499031, 44.565523], [11.8499136, 44.5653561], [11.8501259, 44.5653472], [11.8502672, 44.5652438], [11.8502778, 44.5650769], [11.8507571, 44.5649615], [11.8507677, 44.5647946], [11.8508891, 44.5647015], [11.8515017, 44.564576], [11.8514966, 44.5643539], [11.8512488, 44.5643321], [11.8512444, 44.5642425], [11.8513669, 44.5642031], [11.8513526, 44.5638797], [11.8516009, 44.5638371], [11.8515732, 44.5632461], [11.8516959, 44.5632046], [11.8516816, 44.5628813], [11.8519212, 44.5628551], [11.8519199, 44.5626052], [11.8520338, 44.5625822], [11.8520709, 44.5624283], [11.8519299, 44.5624379], [11.8517936, 44.562608], [11.8515706, 44.5626213], [11.8515464, 44.5627042], [11.8513235, 44.5627175], [11.8512993, 44.5628004], [11.8510763, 44.5628137], [11.8510521, 44.5628966], [11.8508292, 44.5629099], [11.850805, 44.5629928], [11.8506798, 44.5629959], [11.8506365, 44.5629106], [11.8504519, 44.5629194], [11.8504321, 44.5630921], [11.8502198, 44.5631011], [11.8501849, 44.5631883], [11.8499727, 44.5631973], [11.8499378, 44.5632845], [11.8497255, 44.5632934], [11.8495767, 44.5634038], [11.8495089, 44.5635161], [11.8495824, 44.5637435], [11.8494572, 44.5637466], [11.8494206, 44.5635753], [11.8492249, 44.5635802], [11.848958, 44.5638491], [11.8484879, 44.5639587], [11.8483423, 44.5641346], [11.84813, 44.5641435], [11.8479738, 44.5643238], [11.8477416, 44.564343], [11.8476052, 44.5645131], [11.8473823, 44.5645264], [11.8472367, 44.5647023], [11.8470137, 44.5647157], [11.8468681, 44.5648916], [11.846398, 44.5650011], [11.846131, 44.56527], [11.8456517, 44.5653854], [11.8453939, 44.5656485], [11.8449238, 44.565758], [11.8447782, 44.5659339], [11.84453, 44.5659403], [11.844495, 44.5658588], [11.8442713, 44.5658565], [11.8441411, 44.5657698], [11.8439879, 44.5654337], [11.8436117, 44.5652428], [11.8435931, 44.5650834], [11.843347, 44.5649793], [11.8433202, 44.5648133], [11.842822, 44.5645423], [11.8428095, 44.5643905], [11.842665, 44.5642895], [11.8422304, 44.564288], [11.8421838, 44.5643781], [11.8418071, 44.5643875], [11.8416769, 44.5643007], [11.8416582, 44.5641414], [11.8412821, 44.5639505], [11.8412696, 44.5637987], [11.8410174, 44.563687], [11.8409906, 44.563521], [11.8407527, 44.5634235], [11.840734, 44.5632641], [11.840488, 44.56316], [11.8404749, 44.5628907], [11.8405942, 44.5628597], [11.8405875, 44.5626178], [11.8407069, 44.5625868], [11.8407438, 44.562356], [11.8406024, 44.5623547], [11.8404568, 44.5625306], [11.8402445, 44.5625395], [11.8402097, 44.5626268], [11.8399867, 44.5626401], [11.8399625, 44.562723], [11.8397396, 44.5627363], [11.8397153, 44.5628192], [11.8393414, 44.5628287], [11.8390783, 44.562655], [11.8390504, 44.5624448], [11.838818, 44.5624814]], [[11.8485133, 44.5668347], [11.848431, 44.5669945], [11.8485699, 44.5670064], [11.8486586, 44.5668539], [11.8485133, 44.5668347]]]}}, {"type": "Feature", "properties": {"flooded": true, "source": "satellite", "area_m2": 13794.2}, "geometry": {"type": "Polygon", "coordinates": [[[11.8597291, 44.4984018], [11.8597247, 44.4983123], [11.8599652, 44.4981883], [11.8600708, 44.4976735], [11.860796, 44.4976475], [11.8613051, 44.4971924], [11.8615278, 44.497179], [11.8616732, 44.4970031], [11.8620108, 44.496991], [11.8620484, 44.4969035], [11.862422, 44.4968943], [11.8624895, 44.4969824], [11.8627646, 44.4969721], [11.8627994, 44.4968848], [11.8631757, 44.4968754], [11.8631801, 44.4969649], [11.8629377, 44.497151], [11.8627256, 44.49716], [11.8626908, 44.4972473], [11.8624589, 44.4972665], [11.8623227, 44.4974365], [11.8618532, 44.4975461], [11.8617078, 44.497722], [11.8614759, 44.4977412], [11.8613397, 44.4979113], [11.8610021, 44.4979234], [11.8609672, 44.4980107], [11.8607552, 44.4980196], [11.8607204, 44.4981069], [11.8602508, 44.4982165], [11.8602267, 44.4982993], [11.859889, 44.4983114], [11.8598542, 44.4983987], [11.8597291, 44.4984018]]]}}, {"type": "Feature", "properties": {"flooded": true, "source": "satellite", "area_m2": 14623.4}, "geometry": {"type": "Polygon", "coordinates": [[[11.8638105, 44.5662681], [11.8637884, 44.565819], [11.8640312, 44.5656328], [11.8643692, 44.5656207], [11.8644041, 44.5655334], [11.8650324, 44.5655177], [11.8650493, 44.5657593], [11.8651714, 44.5657842], [11.8651983, 44.5659502], [11.865306, 44.5659609], [11.8653274, 44.5662925], [11.8655796, 44.5664042], [11.8655929, 44.5666735], [11.8653806, 44.5666825], [11.8653457, 44.5667697], [11.8648819, 44.566785], [11.8648471, 44.5668723], [11.8644703, 44.5668817], [11.864317, 44.5665457], [11.8638105, 44.5662681]]]}}, {"type": "Feature", "properties": {"flooded": true, "source": "satellite", "area_m2": 22502.2}, "geometry": {"type": "Polygon", "coordinates": [[[11.8624292, 44.5637821], [11.8622902, 44.5635159], [11.8624116, 44.5634228], [11.8634171, 44.5633976], [11.8634297, 44.5635494], [11.8635517, 44.5635743], [11.8637051, 44.5639103], [11.8639511, 44.5640144], [11.8640983, 44.5643428], [11.8642203, 44.5643677], [11.8642329, 44.5645195], [11.8643549, 44.5645444], [11.8643679, 44.5647777], [11.864494, 44.564811], [11.8644983, 44.5649005], [11.864039, 44.5650057], [11.8640041, 44.565093], [11.8637918, 44.5651019], [11.863757, 44.5651892], [11.8630029, 44.5652081], [11.8629595, 44.5651228], [11.8627469, 44.5651245], [11.8627337, 44.5648552], [11.8628476, 44.5648321], [11.8628509, 44.5647082], [11.8627249, 44.5646749], [11.862698, 44.5645089], [11.8624645, 44.5645014], [11.8623343, 44.5644147], [11.8623299, 44.5643251], [11.8624492, 44.5642942], [11.862438, 44.5639623], [11.8625519, 44.5639393], [11.8625569, 44.5638241], [11.8624292, 44.5637821]]]}}, {"type": "Feature", "properties": {"flooded": true, "source": "satellite", "area_m2": 50543.3}, "geometry": {"type": "Polygon", "coordinates": [[[11.8593981, 44.5533252], [11.8593893, 44.5531458], [11.8598413, 44.5531334], [11.8598879, 44.5530433], [11.8602142, 44.553034], [11.8602607, 44.5529439], [11.8604836, 44.5529305], [11.8605078, 44.5528477], [11.8610856, 44.5528322], [11.8611321, 44.552742], [11.861886, 44.5527231], [11.8619294, 44.5528084], [11.8622173, 44.5528038], [11.8622638, 44.5527136], [11.862496, 44.5526944], [11.8625109, 44.5526174], [11.8630887, 44.5526019], [11.8631352, 44.5525117], [11.8633862, 44.5525054], [11.8632736, 44.5527779], [11.8631543, 44.5528089], [11.8631655, 44.5531408], [11.8630591, 44.5531568], [11.8630486, 44.5533237], [11.8629293, 44.5533547], [11.8629361, 44.5535966], [11.8628222, 44.5536197], [11.8628236, 44.5538695], [11.8627011, 44.553909], [11.8627111, 44.5541424], [11.8625918, 44.5541734], [11.8625942, 44.5543254], [11.8623432, 44.5543317], [11.862311, 44.5542503], [11.8621499, 44.5542467], [11.8619773, 44.5543611], [11.8619742, 44.554521], [11.8618517, 44.5545605], [11.8618705, 44.5549737], [11.8613593, 44.5548065], [11.8613328, 44.5542674], [11.8614467, 44.5542444], [11.8614517, 44.5541292], [11.861324, 44.5540872], [11.8613009, 44.5538379], [11.8610226, 44.5536524], [11.8608616, 44.5536489], [11.8605676, 44.5538563], [11.8605819, 44.5543398], [11.8607079, 44.5543731], [11.8607211, 44.5546424], [11.8605987, 44.5546819], [11.8606174, 44.5550952], [11.8605035, 44.5551182], [11.8605005, 44.5552781], [11.8603792, 44.5553712], [11.8600025, 44.5553807], [11.8598723, 44.5552939], [11.8598536, 44.5551345], [11.8597377, 44.5551172], [11.8597289, 44.5549378], [11.8598514, 44.5548983], [11.8598302, 44.5544399], [11.8597025, 44.5543979], [11.8597447, 44.5539875], [11.8596635, 44.5537067], [11.8594113, 44.553595], [11.8595258, 44.5533672], [11.8593981, 44.5533252]]]}}, {"type": "Feature", "properties": {"flooded": true, "source": "satellite", "area_m2": 125635.1}, "geometry": {"type": "Polygon", "coordinates": [[[11.8544976, 44.4943016], [11.8543588, 44.4940354], [11.8547225, 44.4937562], [11.8549544, 44.493737], [11.8552118, 44.4934739], [11.8556813, 44.4933644], [11.8558267, 44.4931885], [11.8560387, 44.4931795], [11.8560736, 44.4930922], [11.8563995, 44.493083], [11.856446, 44.4929929], [11.8566779, 44.4929737], [11.8566929, 44.4928967], [11.8570305, 44.4928846], [11.8573617, 44.4925859], [11.8571565, 44.4921925], [11.8570346, 44.4921675], [11.8570221, 44.4920158], [11.8567701, 44.4919041], [11.8567577, 44.4917523], [11.8566357, 44.4917274], [11.8564827, 44.4913913], [11.8562369, 44.4912873], [11.8562201, 44.4910456], [11.8560981, 44.4910207], [11.8560894, 44.4908412], [11.856541, 44.4908289], [11.8567012, 44.4907157], [11.8566823, 44.4901062], [11.857031, 44.489904], [11.8570435, 44.4897819], [11.8567859, 44.4896531], [11.8567735, 44.4895013], [11.8566515, 44.4894764], [11.8566391, 44.4893246], [11.8565171, 44.4892997], [11.8565047, 44.4891479], [11.8563828, 44.489123], [11.8563703, 44.4889713], [11.8562484, 44.4889463], [11.8562359, 44.4887946], [11.856114, 44.4887696], [11.8561015, 44.4886179], [11.8559796, 44.4885929], [11.855975, 44.4885054], [11.8564491, 44.4884838], [11.8568369, 44.4881218], [11.8574644, 44.488106], [11.8575944, 44.4881928], [11.8576077, 44.4884601], [11.8574938, 44.4884852], [11.8574907, 44.4886451], [11.8573684, 44.4886846], [11.8573824, 44.4889719], [11.8575087, 44.4890072], [11.8575171, 44.4891846], [11.857394, 44.4892329], [11.8573624, 44.4898683], [11.8574435, 44.4901492], [11.8582477, 44.4906894], [11.8584324, 44.4906889], [11.8584672, 44.4906016], [11.8588435, 44.4905922], [11.8593636, 44.4909393], [11.8593723, 44.4911187], [11.8591603, 44.4911277], [11.8590032, 44.4912544], [11.8590168, 44.4914601], [11.8591611, 44.4915612], [11.8594813, 44.4915629], [11.8597586, 44.4912895], [11.8600092, 44.4912832], [11.860036, 44.4914492], [11.8602692, 44.4914567], [11.8603993, 44.4915435], [11.8604124, 44.4918129], [11.8599262, 44.4919353], [11.8599232, 44.4920952], [11.8596882, 44.4922113], [11.8596851, 44.4923712], [11.8595057, 44.4924979], [11.8595771, 44.492734], [11.859452, 44.4927372], [11.8592898, 44.492569], [11.8590749, 44.4925425], [11.8590801, 44.4926367], [11.8591959, 44.492654], [11.859209, 44.4929233], [11.8590899, 44.4929543], [11.8590966, 44.4931962], [11.858733, 44.4934754], [11.8582634, 44.493585], [11.8582437, 44.4937577], [11.8580012, 44.4939438], [11.8577892, 44.4939528], [11.8577544, 44.4940401], [11.8575424, 44.494049], [11.8575075, 44.4941363], [11.857038, 44.4942458], [11.8567714, 44.4945148], [11.8565487, 44.4945281], [11.8562821, 44.4947971], [11.8560594, 44.4948105], [11.855914, 44.4949864], [11.8552864, 44.4950021], [11.8548964, 44.4947418], [11.8547495, 44.4944133], [11.8544976, 44.4943016]]]}}, {"type": "Feature", "properties": {"flooded": true, "source": "satellite", "area_m2": 10146.6}, "geometry": {"type": "Polygon", "coordinates": [[[11.8573623, 44.4963005], [11.8573447, 44.4959412], [11.8577096, 44.4957156], [11.8576941, 44.4955922], [11.8575784, 44.4955749], [11.8575615, 44.4953332], [11.8574396, 44.4953083], [11.8574262, 44.495041], [11.8576384, 44.49503], [11.8576733, 44.4949427], [11.8577983, 44.4949396], [11.8580906, 44.4951946], [11.8584396, 44.4951936], [11.8584718, 44.495275], [11.8586953, 44.4952772], [11.8589553, 44.4954508], [11.8589641, 44.4956302], [11.8588429, 44.4957233], [11.8586308, 44.4957322], [11.858596, 44.4958195], [11.8581265, 44.495929], [11.8579811, 44.496105], [11.8575222, 44.4962101], [11.8574874, 44.4962974], [11.8573623, 44.4963005]]]}}, {"type": "Feature", "properties": {"flooded": true, "source": "satellite", "area_m2": 13768.0}, "geometry": {"type": "Polygon", "coordinates": [[[11.859287, 44.5664716], [11.8592782, 44.5662922], [11.859655, 44.5662827], [11.8599153, 44.5664562], [11.8599279, 44.566608], [11.8601801, 44.5667197], [11.8601988, 44.566879], [11.8604449, 44.5669831], [11.8605982, 44.5673192], [11.8608443, 44.5674232], [11.860863, 44.5675826], [11.8610222, 44.5676852], [11.8612349, 44.5676835], [11.8613871, 44.5682194], [11.8610103, 44.5682289], [11.8609436, 44.5680958], [11.8607731, 44.5681582], [11.8607582, 44.5682352], [11.860633, 44.5682383], [11.8603726, 44.5680648], [11.8602193, 44.5677288], [11.8597128, 44.5674512], [11.8597003, 44.5672994], [11.8595782, 44.5672745], [11.8596249, 44.566954], [11.8595433, 44.5665916], [11.859287, 44.5664716]]]}}, {"type": "Feature", "properties": {"flooded": true, "source": "satellite", "area_m2": 117329.2}, "geometry": {"type": "Polygon", "coordinates": [[[11.8519235, 44.5549527], [11.8519104, 44.5546833], [11.8523958, 44.5543111], [11.8526279, 44.5542919], [11.8527642, 44.5541218], [11.8531022, 44.5541098], [11.8531371, 44.5540225], [11.8533692, 44.5540033], [11.8533842, 44.5539263], [11.8542135, 44.5539045], [11.8543814, 44.5537213], [11.8553364, 44.5536963], [11.855383, 44.5536062], [11.8558467, 44.553591], [11.8558816, 44.5535037], [11.8570837, 44.5533825], [11.8571302, 44.5532924], [11.8578338, 44.5532737], [11.8578803, 44.5531836], [11.8586343, 44.5531647], [11.8587644, 44.5532515], [11.8587864, 44.5537007], [11.8585742, 44.5537096], [11.858418, 44.5538899], [11.857948, 44.5539995], [11.8576811, 44.5542685], [11.8572111, 44.5543781], [11.8570656, 44.554554], [11.8568334, 44.5545732], [11.8564544, 44.5549294], [11.8562422, 44.5549383], [11.8560934, 44.5550486], [11.8560904, 44.5552086], [11.8559671, 44.5552569], [11.8559815, 44.5554538], [11.8561036, 44.5554787], [11.8561168, 44.555748], [11.8560104, 44.5557641], [11.8559998, 44.555931], [11.8558805, 44.555962], [11.8558829, 44.556114], [11.8551697, 44.5565953], [11.8551592, 44.5567623], [11.854927, 44.5567815], [11.8549165, 44.5569484], [11.8545524, 44.5572276], [11.8541757, 44.557237], [11.8541532, 44.5571609], [11.8539198, 44.5571534], [11.8538764, 44.5570681], [11.8536638, 44.5570698], [11.8532734, 44.5568094], [11.8532561, 44.5564862], [11.85313, 44.5564529], [11.8531132, 44.5562113], [11.8529911, 44.5561863], [11.8529643, 44.5560203], [11.8527264, 44.5559229], [11.8527077, 44.5557635], [11.8523315, 44.5555726], [11.8521845, 44.5552442], [11.8520625, 44.5552193], [11.8520456, 44.5549776], [11.8519235, 44.5549527]]]}}, {"type": "Feature", "properties": {"flooded": true, "source": "satellite", "area_m2": 226822.2}, "geometry": {"type": "Polygon", "coordinates": [[[11.8499746, 44.5588724], [11.8498313, 44.5585163], [11.8500779, 44.5584201], [11.8501047, 44.5585861], [11.8511459, 44.5592803], [11.851345, 44.5593294], [11.8513719, 44.5592256], [11.8512498, 44.5592007], [11.8512278, 44.5587515], [11.8514508, 44.5587381], [11.8514725, 44.5586101], [11.8512146, 44.5584813], [11.8511925, 44.5580342], [11.851312, 44.5580012], [11.8513009, 44.5576694], [11.8514202, 44.5576384], [11.8514178, 44.5574864], [11.8520461, 44.5574707], [11.8520894, 44.557556], [11.8523651, 44.5575525], [11.8524239, 44.5574612], [11.8531779, 44.5574424], [11.8533305, 44.5576052], [11.8535639, 44.5576128], [11.8537263, 44.557781], [11.85395, 44.5577832], [11.8539823, 44.5578646], [11.8542059, 44.5578668], [11.8542382, 44.5579482], [11.8544618, 44.5579504], [11.854592, 44.5580372], [11.8546052, 44.5583065], [11.8543929, 44.5583155], [11.8542387, 44.5584337], [11.8542496, 44.5587295], [11.854419, 44.5588481], [11.8546316, 44.5588464], [11.8546503, 44.5590058], [11.8550587, 44.5592781], [11.8552544, 44.5592732], [11.8555138, 44.5590742], [11.8555772, 44.558872], [11.8555037, 44.5586446], [11.855623, 44.5586136], [11.8556206, 44.5584616], [11.8559945, 44.558452], [11.8561708, 44.5586242], [11.8566349, 44.5586163], [11.8566574, 44.5586923], [11.8568909, 44.5586999], [11.8569342, 44.5587852], [11.8572726, 44.5587803], [11.857446, 44.5589524], [11.8577844, 44.5589476], [11.8579468, 44.5591158], [11.8581705, 44.559118], [11.8584308, 44.5592915], [11.858444, 44.5595608], [11.8583227, 44.5596539], [11.8580997, 44.5596673], [11.8577115, 44.5600293], [11.8574992, 44.5600382], [11.8574644, 44.5601255], [11.8572138, 44.5601235], [11.8572254, 44.560284], [11.8573474, 44.5603089], [11.8575007, 44.5606449], [11.8577467, 44.560749], [11.8577654, 44.5609084], [11.8581416, 44.5610992], [11.8581603, 44.5612586], [11.8584064, 44.5613627], [11.8584251, 44.561522], [11.8589315, 44.5617996], [11.858944, 44.5619514], [11.8590661, 44.5619763], [11.8590705, 44.5620658], [11.8588277, 44.5622519], [11.8585881, 44.5622782], [11.858585, 44.5624381], [11.8583528, 44.5624573], [11.8583467, 44.5627141], [11.85812, 44.5626833], [11.8579782, 44.5629034], [11.857853, 44.5629065], [11.8578163, 44.5627352], [11.8574669, 44.5627361], [11.8573367, 44.5626494], [11.8571834, 44.5623133], [11.8568072, 44.5621225], [11.8567947, 44.5619707], [11.8565425, 44.561859], [11.8565156, 44.5616931], [11.8562777, 44.5615956], [11.856259, 44.5614362], [11.8558828, 44.5612454], [11.8558641, 44.561086], [11.8556181, 44.5609819], [11.8555994, 44.5608226], [11.8552232, 44.5606317], [11.8550761, 44.5603033], [11.8546937, 44.5601048], [11.8546669, 44.5599388], [11.8545039, 44.5598406], [11.8541143, 44.5598494], [11.8539331, 44.5599802], [11.8540831, 44.5602803], [11.8543291, 44.5603844], [11.854356, 44.5605504], [11.8545938, 44.5606479], [11.8546125, 44.5608072], [11.8549887, 44.5609981], [11.8550012, 44.5611498], [11.8552535, 44.5612615], [11.8552803, 44.5614275], [11.8555182, 44.561525], [11.8555369, 44.5616844], [11.8557829, 44.5617884], [11.8559362, 44.5621245], [11.8564426, 44.5624021], [11.8564551, 44.5625538], [11.8567073, 44.5626655], [11.8567342, 44.5628315], [11.8569677, 44.5628391], [11.8570979, 44.5629258], [11.8571148, 44.5631675], [11.8572368, 44.5631924], [11.8572637, 44.5633584], [11.8573714, 44.5633691], [11.8573839, 44.5635209], [11.8576362, 44.5636326], [11.8576494, 44.5639019], [11.8574066, 44.564088], [11.8570686, 44.5641001], [11.8570381, 44.5642773], [11.8567871, 44.5642836], [11.8567505, 44.5641122], [11.8564676, 44.5640669], [11.8562752, 44.5641163], [11.8562627, 44.5639646], [11.8561182, 44.5638636], [11.8558847, 44.563856], [11.8557546, 44.5637693], [11.8557421, 44.5636175], [11.85562, 44.5635926], [11.8554667, 44.5632565], [11.8552207, 44.5631525], [11.855202, 44.5629931], [11.8549559, 44.562889], [11.8549434, 44.5627373], [11.8548213, 44.5627123], [11.8548045, 44.5624707], [11.8546824, 44.5624457], [11.8546611, 44.5621142], [11.854539, 44.5620892], [11.8543858, 44.5617532], [11.8541397, 44.5616491], [11.854121, 44.5614897], [11.8538317, 44.5613003], [11.8534933, 44.5613052], [11.8533631, 44.5612184], [11.8533363, 44.5610524], [11.8531852, 44.5609564], [11.8529726, 44.5609581], [11.8524183, 44.560573], [11.8523338, 44.5606764], [11.8524558, 44.5607013], [11.8524827, 44.5608673], [11.8527206, 44.5609648], [11.8527293, 44.5611442], [11.852474, 44.5610606], [11.8524373, 44.5608892], [11.8522136, 44.560887], [11.8521968, 44.5606454], [11.8519445, 44.5605337], [11.8519177, 44.5603677], [11.8516842, 44.5603601], [11.8514239, 44.5601866], [11.8514114, 44.5600348], [11.8512669, 44.5599338], [11.8510334, 44.5599263], [11.8507731, 44.5597527], [11.8507606, 44.559601], [11.8506386, 44.559576], [11.8504853, 44.55924], [11.8502393, 44.5591359], [11.8502125, 44.5589699], [11.8499746, 44.5588724]], [[11.8522261, 44.5603959], [11.8522587, 44.560526], [11.8524126, 44.5605631], [11.8524395, 44.5604592], [11.8522261, 44.5603959]], [[11.8519631, 44.5603458], [11.8521848, 44.5603028], [11.8521506, 44.5601762], [11.8519383, 44.5601939], [11.8519631, 44.5603458]]]}}, {"type": "Feature", "properties": {"flooded": true, "source": "satellite", "area_m2": 6584.7}, "geometry": {"type": "Polygon", "coordinates": [[[11.8577172, 44.578124], [11.8575738, 44.5777679], [11.8580765, 44.5777553], [11.8581317, 44.5778429], [11.8585841, 44.5778326], [11.8586065, 44.5779087], [11.8588401, 44.5779163], [11.8588834, 44.5780016], [11.8592219, 44.5779967], [11.8593844, 44.5781649], [11.8596081, 44.5781671], [11.8596169, 44.5783465], [11.8587397, 44.5783687], [11.8586816, 44.578281], [11.8581034, 44.5782944], [11.8580712, 44.578213], [11.8578474, 44.5782108], [11.8577172, 44.578124]]]}}, {"type": "Feature", "properties": {"flooded": true, "source": "satellite", "area_m2": 13080.9}, "geometry": {"type": "Polygon", "coordinates": [[[11.8523712, 44.502277], [11.8523537, 44.5019177], [11.852476, 44.5018782], [11.8524574, 44.501465], [11.8526999, 44.5012789], [11.853022, 44.5013154], [11.8532995, 44.5012561], [11.8533236, 44.5011733], [11.8536458, 44.5012098], [11.8540697, 44.5010644], [11.8543326, 44.5012381], [11.8542201, 44.5015106], [11.8541009, 44.5015415], [11.8541032, 44.5016935], [11.8538912, 44.5017025], [11.8537351, 44.5018828], [11.8535124, 44.5018961], [11.8531245, 44.5022582], [11.8529124, 44.5022671], [11.8528776, 44.5023544], [11.8525012, 44.5023638], [11.8523712, 44.502277]]]}}, {"type": "Feature", "properties": {"flooded": true, "source": "satellite", "area_m2": 5339.0}, "geometry": {"type": "Polygon", "coordinates": [[[11.85542, 44.5569358], [11.8554068, 44.5566665], [11.855639, 44.5566473], [11.8556452, 44.5563904], [11.8559831, 44.5563783], [11.8560136, 44.5562011], [11.8561388, 44.556198], [11.8561557, 44.5564397], [11.8562778, 44.5564646], [11.8563046, 44.5566306], [11.8564123, 44.5566413], [11.8564343, 44.5570905], [11.8561878, 44.5571867], [11.8561691, 44.5570273], [11.8558429, 44.5568817], [11.8558099, 44.5571961], [11.8556847, 44.5571992], [11.8555546, 44.5571125], [11.8555359, 44.5569531], [11.85542, 44.5569358]]]}}, {"type": "Feature", "properties": {"flooded": true, "source": "satellite", "area_m2": 12357.0}, "geometry": {"type": "Polygon", "coordinates": [[[11.8498613, 44.499819], [11.8497225, 44.4995528], [11.8498418, 44.4995218], [11.8498394, 44.4993698], [11.8503169, 44.4990676], [11.85032, 44.4989077], [11.8505476, 44.4987986], [11.8505581, 44.4986317], [11.8507986, 44.4985076], [11.8507962, 44.4983556], [11.8510387, 44.4981695], [11.8512894, 44.4981633], [11.8514194, 44.49825], [11.8514381, 44.4984094], [11.8515538, 44.4984267], [11.851567, 44.4986961], [11.851332, 44.4988122], [11.8513289, 44.4989721], [11.8508514, 44.4992743], [11.8507314, 44.4996172], [11.8504889, 44.4998033], [11.850117, 44.4999026], [11.8500737, 44.4998173], [11.8498613, 44.499819]]]}}, {"type": "Feature", "properties": {"flooded": true, "source": "satellite", "area_m2": 62180.1}, "geometry": {"type": "Polygon", "coordinates": [[[11.8455753, 44.4970451], [11.8455622, 44.4967758], [11.8456814, 44.4967448], [11.8456747, 44.4965029], [11.846031, 44.4962938], [11.8460341, 44.4961338], [11.8462461, 44.4961249], [11.8462838, 44.4960374], [11.8465317, 44.4960314], [11.8465441, 44.4961832], [11.846666, 44.4962081], [11.8466785, 44.4963599], [11.8468326, 44.4964662], [11.8473073, 44.4964622], [11.8473297, 44.4965383], [11.8475629, 44.4965458], [11.8476062, 44.4966311], [11.8479162, 44.4966193], [11.8479914, 44.4963055], [11.8479104, 44.4960246], [11.8477885, 44.4959997], [11.8477716, 44.495758], [11.8476497, 44.495733], [11.8476366, 44.4954637], [11.8477578, 44.4953706], [11.848381, 44.4952651], [11.848641, 44.4954386], [11.8486597, 44.495598], [11.8489054, 44.4957021], [11.8490584, 44.4960382], [11.8494342, 44.496229], [11.849461, 44.496395], [11.8496942, 44.4964026], [11.8497617, 44.4964907], [11.8499218, 44.4964792], [11.849946, 44.4963963], [11.8503223, 44.4963869], [11.8504524, 44.4964737], [11.8506054, 44.4968098], [11.8508512, 44.4969139], [11.8508636, 44.4970656], [11.8509856, 44.4970906], [11.8510031, 44.4974498], [11.8501544, 44.4981012], [11.8499037, 44.4981075], [11.8497736, 44.4980207], [11.849755, 44.4978613], [11.8496392, 44.497844], [11.8496206, 44.4976846], [11.8493748, 44.4975805], [11.8493624, 44.4974288], [11.8492404, 44.4974038], [11.8492174, 44.4971545], [11.8488095, 44.4968822], [11.8486364, 44.4968798], [11.8485898, 44.4969699], [11.8483579, 44.4969891], [11.848343, 44.4970661], [11.8481203, 44.4970795], [11.8480961, 44.4971623], [11.8478734, 44.4971756], [11.8476067, 44.4974446], [11.8471372, 44.4975541], [11.8469917, 44.49773], [11.8467797, 44.4977389], [11.8467448, 44.4978262], [11.8463729, 44.4979255], [11.8462429, 44.4978387], [11.8462242, 44.4976793], [11.8459785, 44.4975752], [11.845966, 44.4974235], [11.8458441, 44.4973985], [11.8456911, 44.4970625], [11.8455753, 44.4970451]]]}}, {"type": "Feature", "properties": {"flooded": true, "source": "satellite", "area_m2": 5313.7}, "geometry": {"type": "Polygon", "coordinates": [[[11.8499043, 44.5780493], [11.8498955, 44.5778699], [11.8501466, 44.5778636], [11.8502142, 44.5779518], [11.8521638, 44.5779033], [11.8522071, 44.5779886], [11.852923, 44.5779743], [11.8529783, 44.5780619], [11.8536822, 44.5780454], [11.8536866, 44.5781349], [11.8519288, 44.578179], [11.8518707, 44.5780913], [11.8506635, 44.5781204], [11.8506083, 44.5780328], [11.8499043, 44.5780493]]]}}, {"type": "Feature", "properties": {"flooded": true, "source": "satellite", "area_m2": 8349.3}, "geometry": {"type": "Polygon", "coordinates": [[[11.8479795, 44.5128296], [11.8479664, 44.5125602], [11.8480877, 44.5124672], [11.8483104, 44.5124538], [11.8483346, 44.512371], [11.848711, 44.5123616], [11.8488411, 44.5124484], [11.8488597, 44.5126077], [11.8489755, 44.5126251], [11.8489942, 44.5127844], [11.8491099, 44.5128018], [11.8491286, 44.5129611], [11.8492444, 44.5129784], [11.8492575, 44.5132478], [11.8491362, 44.5133408], [11.8489135, 44.5133542], [11.8488893, 44.513437], [11.8485129, 44.5134464], [11.8483828, 44.5133597], [11.8483642, 44.5132003], [11.8482484, 44.513183], [11.8482297, 44.5130236], [11.848114, 44.5130063], [11.8480953, 44.5128469], [11.8479795, 44.5128296]]]}}, {"type": "Feature", "properties": {"flooded": true, "source": "satellite", "area_m2": 11875.9}, "geometry": {"type": "Polygon", "coordinates": [[[11.8463322, 44.4945056], [11.846319, 44.4942362], [11.8470292, 44.4941248], [11.8471853, 44.4939445], [11.8473103, 44.4939414], [11.8475703, 44.494115], [11.8477233, 44.494451], [11.8479691, 44.4945551], [11.847991, 44.4950043], [11.8477825, 44.4949666], [11.8476185, 44.4951036], [11.8469953, 44.4952092], [11.8468653, 44.4951224], [11.8468467, 44.4949631], [11.8466009, 44.494859], [11.8464479, 44.4945229], [11.8463322, 44.4945056]]]}}, {"type": "Feature", "properties": {"flooded": true, "source": "satellite", "area_m2": 92027.0}, "geometry": {"type": "Polygon", "coordinates": [[[11.8405305, 44.5019421], [11.8405218, 44.5017627], [11.8414007, 44.5017408], [11.8416607, 44.5019144], [11.8416793, 44.5020738], [11.8419251, 44.5021779], [11.8419419, 44.5024196], [11.8421939, 44.5025313], [11.8422125, 44.5026907], [11.8425052, 44.5028365], [11.8428072, 44.5027783], [11.8429526, 44.5026024], [11.8436629, 44.5024911], [11.843819, 44.5023108], [11.844145, 44.5023016], [11.8441915, 44.5022115], [11.8443166, 44.5022083], [11.8444466, 44.5022951], [11.8444653, 44.5024545], [11.844581, 44.5024718], [11.8445941, 44.5027412], [11.8441245, 44.5028507], [11.8438578, 44.5031196], [11.8436457, 44.5031285], [11.8436109, 44.5032158], [11.8433988, 44.5032247], [11.843364, 44.503312], [11.8431519, 44.5033209], [11.8430108, 44.5034242], [11.8430002, 44.5035911], [11.842877, 44.5036394], [11.8428932, 44.503754], [11.8430089, 44.5037714], [11.8430258, 44.504013], [11.8432777, 44.5041248], [11.8432964, 44.5042841], [11.8436946, 44.5045511], [11.8439909, 44.5045569], [11.8440496, 44.5044656], [11.8442816, 44.5044465], [11.8444178, 44.5042764], [11.8446405, 44.5042631], [11.844786, 44.5040872], [11.844998, 44.5040783], [11.8450329, 44.503991], [11.845245, 44.5039821], [11.8452798, 44.5038948], [11.8456518, 44.5037955], [11.8459119, 44.5039691], [11.8460587, 44.5042975], [11.8461807, 44.5043225], [11.8461931, 44.5044742], [11.8463151, 44.5044992], [11.8463275, 44.5046509], [11.8464495, 44.5046759], [11.8464619, 44.5048276], [11.8465839, 44.5048526], [11.8467314, 44.5052986], [11.8465087, 44.505312], [11.8462419, 44.5055809], [11.8460299, 44.5055898], [11.845995, 44.5056771], [11.8455254, 44.5057866], [11.8453799, 44.5059625], [11.8451679, 44.5059714], [11.845133, 44.5060587], [11.8449133, 44.5060247], [11.8447604, 44.506158], [11.8442908, 44.5062675], [11.8442666, 44.5063503], [11.8436389, 44.506366], [11.8436217, 44.5060427], [11.8434958, 44.5060095], [11.843469, 44.5058435], [11.8433614, 44.5058328], [11.8433445, 44.5055911], [11.8430926, 44.5054793], [11.8430658, 44.5053133], [11.8428282, 44.5052159], [11.8428153, 44.5049825], [11.8426894, 44.5049492], [11.8426626, 44.5047832], [11.842555, 44.5047725], [11.8425382, 44.5045309], [11.8424162, 44.5045059], [11.8423895, 44.5043399], [11.8422819, 44.5043292], [11.842265, 44.5040875], [11.8421431, 44.5040626], [11.8421306, 44.5039108], [11.8420087, 44.5038859], [11.8419963, 44.5037341], [11.8418743, 44.5037092], [11.8418619, 44.5035574], [11.8417399, 44.5035325], [11.8417275, 44.5033807], [11.8416055, 44.5033558], [11.8415931, 44.503204], [11.8414712, 44.5031791], [11.8414587, 44.5030273], [11.8413368, 44.5030024], [11.8413243, 44.5028506], [11.8412024, 44.5028257], [11.8410494, 44.5024896], [11.8406736, 44.5022987], [11.8406564, 44.5019754], [11.8405305, 44.5019421]], [[11.8440082, 44.5058479], [11.8441545, 44.5057356], [11.844004, 44.5057401], [11.8440082, 44.5058479]]]}}, {"type": "Feature", "properties": {"flooded": true, "source": "satellite", "area_m2": 11304.7}, "geometry": {"type": "Polygon", "coordinates": [[[11.8420607, 44.5773447], [11.8419262, 44.5771684], [11.8426804, 44.5771496], [11.8427357, 44.5772372], [11.8435654, 44.5772176], [11.8436087, 44.5773029], [11.8443246, 44.5772887], [11.8443799, 44.5773763], [11.8450838, 44.5773598], [11.8451271, 44.5774451], [11.8457172, 44.577434], [11.8457724, 44.5775216], [11.8464736, 44.577505], [11.8465316, 44.5775927], [11.8471098, 44.5775793], [11.847165, 44.5776669], [11.8479948, 44.5776473], [11.84805, 44.5777349], [11.8486282, 44.5777215], [11.8486834, 44.5778091], [11.8491358, 44.5777989], [11.8491446, 44.5779783], [11.8488935, 44.5779846], [11.8488383, 44.577897], [11.8480085, 44.5779166], [11.8479533, 44.577829], [11.8472493, 44.5778455], [11.8471941, 44.577758], [11.8464901, 44.5777745], [11.8464349, 44.5776869], [11.8457309, 44.5777034], [11.8456876, 44.577618], [11.8450975, 44.5776291], [11.8450423, 44.5775415], [11.8443383, 44.577558], [11.8442831, 44.5774704], [11.8435791, 44.5774869], [11.8435239, 44.5773993], [11.8428199, 44.5774158], [11.8427647, 44.5773282], [11.8420607, 44.5773447]]]}}, {"type": "Feature", "properties": {"flooded": true, "source": "satellite", "area_m2": 50880.7}, "geometry": {"type": "Polygon", "coordinates": [[[11.8378571, 44.5012885], [11.8378528, 44.5011989], [11.8383229, 44.5009038], [11.8383335, 44.5007368], [11.8385761, 44.5005508], [11.8387726, 44.5005905], [11.8391849, 44.5005222], [11.8393223, 44.5004058], [11.8393124, 44.5001723], [11.8396762, 44.4998932], [11.8398882, 44.4998843], [11.8399231, 44.4997971], [11.8401551, 44.4997779], [11.8402913, 44.4996078], [11.840514, 44.4995945], [11.8405338, 44.4994218], [11.8406551, 44.4993287], [11.8419152, 44.4993874], [11.8421016, 44.4995171], [11.842167, 44.4993811], [11.8424178, 44.4993748], [11.8428078, 44.4996352], [11.8429546, 44.4999637], [11.8430765, 44.4999886], [11.843089, 44.5001404], [11.8432109, 44.5001653], [11.8432234, 44.5003171], [11.8433453, 44.500342], [11.8433577, 44.5004938], [11.8434797, 44.5005187], [11.8434928, 44.5007881], [11.8433715, 44.5008811], [11.8431208, 44.5008874], [11.8426898, 44.5003657], [11.8425329, 44.5003173], [11.8421398, 44.5003727], [11.8420933, 44.5004628], [11.8418614, 44.500482], [11.8418464, 44.500559], [11.8416237, 44.5005723], [11.8415995, 44.5006552], [11.8413768, 44.5006685], [11.8413526, 44.5007514], [11.8408893, 44.5007665], [11.8407332, 44.5009468], [11.8402742, 44.5010519], [11.8402393, 44.5011392], [11.8399017, 44.5011512], [11.8398668, 44.5012385], [11.8394035, 44.5012536], [11.8393686, 44.5013409], [11.8391367, 44.50136], [11.8391217, 44.501437], [11.8387734, 44.5014535], [11.8387492, 44.5015363], [11.8384984, 44.5015426], [11.8385193, 44.5012793], [11.8378571, 44.5012885]]]}}, {"type": "Feature", "properties": {"flooded": true, "source": "satellite", "area_m2": 159689.5}, "geometry": {"type": "Polygon", "coordinates": [[[11.8355791, 44.5165593], [11.8355616, 44.5162], [11.8360594, 44.5160976], [11.8361894, 44.5161844], [11.8362162, 44.5163504], [11.8363671, 44.5164465], [11.8365795, 44.5164448], [11.8366347, 44.5165324], [11.8369106, 44.5165255], [11.8369571, 44.5164354], [11.8371799, 44.5164221], [11.8374446, 44.5162153], [11.8374295, 44.5158295], [11.8371735, 44.5157095], [11.8371611, 44.5155577], [11.8370069, 44.5154513], [11.8368221, 44.5154517], [11.8367872, 44.515539], [11.8366649, 44.5155422], [11.8365321, 44.5154553], [11.8365062, 44.5149522], [11.8363802, 44.5149189], [11.8363671, 44.5146496], [11.8368189, 44.5146373], [11.8368682, 44.5145469], [11.8371959, 44.5146279], [11.8372424, 44.5145378], [11.8374652, 44.5145245], [11.837485, 44.5143517], [11.8377276, 44.5141656], [11.8380928, 44.5141364], [11.8380922, 44.5140041], [11.8379702, 44.5139792], [11.8379659, 44.5138897], [11.838091, 44.5138865], [11.8383734, 44.5141362], [11.8385857, 44.5141789], [11.8386671, 44.5140927], [11.838451, 44.5135175], [11.8387062, 44.5136012], [11.8387701, 44.5138686], [11.8390576, 44.5138589], [11.8390953, 44.5137713], [11.8405495, 44.5137343], [11.8406531, 44.5135845], [11.8405595, 44.5134724], [11.840336, 44.5134702], [11.8403316, 44.5133807], [11.8405742, 44.5131946], [11.8409506, 44.5131852], [11.8409637, 44.5134546], [11.8408499, 44.5134776], [11.8407931, 44.5137028], [11.8409769, 44.5137247], [11.8410245, 44.5138999], [11.8416139, 44.5138889], [11.841744, 44.5139757], [11.8417608, 44.5142174], [11.8418828, 44.5142423], [11.841904, 44.5145739], [11.8421516, 44.5145957], [11.8420388, 44.5148322], [11.8421647, 44.5148655], [11.8421915, 44.5150315], [11.8422991, 44.5150422], [11.8423203, 44.5153737], [11.8425723, 44.5154855], [11.8425852, 44.5157188], [11.8427111, 44.5157521], [11.8427341, 44.5160014], [11.8428499, 44.5160187], [11.8428668, 44.5162604], [11.8429887, 44.5162853], [11.8430155, 44.5164513], [11.8431231, 44.516462], [11.8431363, 44.5167314], [11.8428968, 44.5167576], [11.8428937, 44.5169175], [11.8427712, 44.516957], [11.8427848, 44.5171627], [11.8429743, 44.5172758], [11.8435352, 44.517172], [11.8435538, 44.5173313], [11.843738, 44.5173917], [11.8437871, 44.5171657], [11.8439122, 44.5171626], [11.843925, 44.5173959], [11.844051, 44.5174292], [11.8440553, 44.5175187], [11.8436988, 44.5174011], [11.8438128, 44.5177048], [11.8436006, 44.5177137], [11.8435658, 44.517801], [11.843096, 44.5179105], [11.8429637, 44.5183561], [11.8427157, 44.5183625], [11.8427085, 44.5182729], [11.8428309, 44.5182334], [11.8428063, 44.5180591], [11.8425741, 44.5180958], [11.8423893, 44.5178768], [11.8421883, 44.5179253], [11.8422314, 44.5177633], [11.8420539, 44.5177486], [11.8418806, 44.5175765], [11.8416681, 44.5175782], [11.8416354, 44.5174525], [11.8414124, 44.5174945], [11.8413802, 44.5174131], [11.841207, 44.5174107], [11.8411649, 44.5175907], [11.8407884, 44.5176001], [11.8407753, 44.5173307], [11.8408891, 44.5173077], [11.8408682, 44.5172015], [11.8406733, 44.5172506], [11.8406463, 44.5173337], [11.840524, 44.5173366], [11.8404688, 44.517249], [11.8401426, 44.5172561], [11.8401338, 44.5170766], [11.8402477, 44.5170536], [11.8402508, 44.5168937], [11.8403646, 44.5168706], [11.840426, 44.5166771], [11.8403502, 44.516351], [11.840573, 44.5163377], [11.8405928, 44.5161649], [11.8408417, 44.5161135], [11.8408076, 44.5159869], [11.840584, 44.5159847], [11.8406395, 44.5158441], [11.8405504, 44.5157709], [11.840324, 44.5158111], [11.8402649, 44.515589], [11.8398184, 44.5156717], [11.8398295, 44.5160035], [11.8396444, 44.5160596], [11.8397404, 44.5161784], [11.8399639, 44.5161806], [11.8399683, 44.5162701], [11.8396031, 44.5162994], [11.8396037, 44.5164316], [11.8397257, 44.5164566], [11.8397302, 44.5165441], [11.8396087, 44.5166392], [11.8394836, 44.5166423], [11.839447, 44.5164709], [11.8392235, 44.5164687], [11.8391913, 44.5163873], [11.8388964, 44.5163422], [11.8387278, 44.5164112], [11.8387247, 44.5165711], [11.8384821, 44.5167572], [11.8383569, 44.5167603], [11.8383204, 44.516589], [11.8380377, 44.5165436], [11.8378643, 44.5166059], [11.8378493, 44.5166829], [11.8376528, 44.5166432], [11.8373859, 44.5166981], [11.8372297, 44.5168784], [11.8370176, 44.5168873], [11.8368635, 44.5170055], [11.8368745, 44.5173373], [11.8367553, 44.5173683], [11.836762, 44.5176102], [11.8363855, 44.5176196], [11.8359954, 44.5173592], [11.8359642, 44.5171033], [11.8357309, 44.5170957], [11.8357141, 44.516854], [11.8355922, 44.5168291], [11.8357067, 44.5166013], [11.8355791, 44.5165593]], [[11.8423289, 44.5176595], [11.8422528, 44.5178101], [11.8424003, 44.5178711], [11.8425408, 44.5176223], [11.8423289, 44.5176595]], [[11.841067, 44.515367], [11.8414213, 44.5153139], [11.8414244, 44.515154], [11.8416649, 44.51503], [11.8416348, 44.514886], [11.84143, 44.5148967], [11.8414194, 44.5150637], [11.8412982, 44.5151567], [11.8410587, 44.5151829], [11.841067, 44.515367]], [[11.8413053, 44.5158403], [11.8410882, 44.5159101], [11.8411251, 44.5160124], [11.8413317, 44.5159385], [11.8413053, 44.5158403]], [[11.8409971, 44.5163658], [11.8411435, 44.5162535], [11.8409929, 44.516258], [11.8409971, 44.5163658]], [[11.8399389, 44.5155676], [11.8402759, 44.5155834], [11.8403065, 44.5154519], [11.8405529, 44.5153557], [11.8405573, 44.5154452], [11.8404348, 44.5154847], [11.8404459, 44.515645], [11.8408174, 44.5156192], [11.8406424, 44.5158591], [11.8409374, 44.5158729], [11.8410078, 44.5156549], [11.8408135, 44.5155289], [11.840831, 44.5150009], [11.8404427, 44.5150958], [11.8401759, 44.5153647], [11.8399439, 44.5153839], [11.8399389, 44.5155676]], [[11.8384756, 44.5145102], [11.8385976, 44.5146336], [11.8386829, 44.5145281], [11.8384756, 44.5145102]], [[11.8374595, 44.5147247], [11.8376164, 44.5148294], [11.8376101, 44.5147217], [11.8374595, 44.5147247]]]}}, {"type": "Feature", "properties": {"flooded": true, "source": "satellite", "area_m2": 450666.0}, "geometry": {"type": "Polygon", "coordinates": [[[11.8310334, 44.5499793], [11.8310077, 44.5494422], [11.831129, 44.5493492], [11.8313519, 44.5493359], [11.8313762, 44.549253], [11.8317025, 44.5492439], [11.831749, 44.5491537], [11.8320977, 44.5491373], [11.8321219, 44.5490545], [11.8324598, 44.5490424], [11.8324947, 44.5489552], [11.8327269, 44.548936], [11.8327419, 44.548859], [11.8334527, 44.5487477], [11.8334876, 44.5486605], [11.8337197, 44.5486413], [11.8337347, 44.5485643], [11.834061, 44.5485551], [11.8341075, 44.548465], [11.8344562, 44.5484486], [11.8344804, 44.5483657], [11.8348183, 44.5483537], [11.8348532, 44.5482664], [11.8351912, 44.5482544], [11.8352261, 44.5481672], [11.835564, 44.5481551], [11.8355989, 44.5480679], [11.8364714, 44.547956], [11.8365175, 44.5480414], [11.83673, 44.5480398], [11.837403, 44.5485498], [11.8376364, 44.5485574], [11.8384171, 44.5490781], [11.838313, 44.5494944], [11.838439, 44.5495277], [11.8384562, 44.5498509], [11.8385822, 44.5498842], [11.8385951, 44.5501175], [11.8387211, 44.5501508], [11.8387479, 44.5503168], [11.8391662, 44.5503644], [11.8398615, 44.5503025], [11.8406422, 44.5508232], [11.840669, 44.5509892], [11.8409025, 44.5509968], [11.8409211, 44.5511562], [11.8414274, 44.5514339], [11.8414442, 44.5516755], [11.8415662, 44.5517005], [11.8415878, 44.5521136], [11.8417139, 44.5521469], [11.8417267, 44.5523802], [11.8418528, 44.5524135], [11.8418796, 44.5525795], [11.842113, 44.5525871], [11.8421805, 44.5526752], [11.8423408, 44.5526637], [11.8423651, 44.5525808], [11.8429933, 44.5525652], [11.8433836, 44.5528255], [11.8434104, 44.5529915], [11.8440387, 44.5533493], [11.8440655, 44.5535153], [11.8443033, 44.5536128], [11.8443165, 44.5538822], [11.8440843, 44.5539013], [11.8440737, 44.5540683], [11.8438416, 44.5540874], [11.8437073, 44.5541954], [11.8437096, 44.5543474], [11.8435903, 44.5543784], [11.8436058, 44.5548001], [11.8434844, 44.5548932], [11.8432615, 44.5549065], [11.8430556, 44.5551247], [11.8431058, 44.5553497], [11.8437578, 44.5553369], [11.843888, 44.5554237], [11.843911, 44.555673], [11.8441526, 44.5556871], [11.844157, 44.5557767], [11.8439104, 44.5558728], [11.8434525, 44.5555243], [11.8432922, 44.5555359], [11.843268, 44.5556188], [11.84293, 44.5556308], [11.8428951, 44.5557181], [11.8426786, 44.5556828], [11.8426479, 44.5558143], [11.842428, 44.5557802], [11.8422771, 44.5558515], [11.8422794, 44.5560035], [11.8420672, 44.5560124], [11.8420323, 44.5560997], [11.8418158, 44.5560643], [11.8417852, 44.5561959], [11.8415623, 44.5562092], [11.8414167, 44.5563851], [11.8412044, 44.556394], [11.8411695, 44.5564813], [11.8406902, 44.5565966], [11.8405559, 44.5567046], [11.840567, 44.5570364], [11.8404477, 44.5570674], [11.84045, 44.5572194], [11.8403248, 44.5572225], [11.8399022, 44.5568807], [11.8396785, 44.5568785], [11.8396419, 44.5567071], [11.8392294, 44.5567098], [11.8390492, 44.5568941], [11.8386913, 44.5569164], [11.8386807, 44.5570833], [11.8383582, 44.5570468], [11.8379771, 44.5571019], [11.8378091, 44.5572851], [11.8373066, 44.5572976], [11.8371332, 44.5571254], [11.8367078, 44.557136], [11.8366773, 44.5573132], [11.8364806, 44.5572735], [11.8363119, 44.5573425], [11.8363131, 44.5575923], [11.8361938, 44.5576233], [11.8361961, 44.5577753], [11.835815, 44.5576947], [11.8357717, 44.5575651], [11.8354334, 44.5576142], [11.8352468, 44.5574844], [11.8351813, 44.5576204], [11.8348089, 44.5577197], [11.8347965, 44.557568], [11.8345443, 44.5574562], [11.8345399, 44.5573667], [11.8346593, 44.5573358], [11.834657, 44.5571837], [11.8350811, 44.5572506], [11.8350255, 44.5569945], [11.8355995, 44.5570249], [11.8357785, 44.5568856], [11.8359009, 44.5568828], [11.8359684, 44.5569709], [11.8361287, 44.5569593], [11.8361558, 44.5568762], [11.8367356, 44.5569056], [11.836773, 44.556681], [11.837111, 44.556669], [11.8372598, 44.5565587], [11.8372585, 44.5563089], [11.8376353, 44.5562995], [11.8376785, 44.5563848], [11.8379033, 44.5563819], [11.8378829, 44.5562033], [11.8381339, 44.5561971], [11.8380802, 44.5563439], [11.838218, 44.556374], [11.8382646, 44.5562839], [11.8386225, 44.5562616], [11.8387568, 44.5561536], [11.8387545, 44.5560016], [11.8390808, 44.5559924], [11.8391274, 44.5559023], [11.8393087, 44.5558713], [11.839216, 44.5556832], [11.8389929, 44.5557252], [11.8388459, 44.5553967], [11.8387238, 44.5553718], [11.8387114, 44.55522], [11.8385893, 44.5551951], [11.8385721, 44.5548719], [11.8384461, 44.5548386], [11.8384231, 44.5545893], [11.8383072, 44.5545719], [11.8381428, 44.5538838], [11.8380207, 44.5538589], [11.8379977, 44.5536096], [11.8377195, 44.553424], [11.8375239, 44.5534289], [11.8372719, 44.5536208], [11.8372613, 44.5537877], [11.8371399, 44.5538808], [11.8366878, 44.5538931], [11.8366385, 44.5539835], [11.8350574, 44.5540236], [11.8350109, 44.5541137], [11.8347599, 44.55412], [11.8347512, 44.5539405], [11.834994, 44.5537544], [11.8351906, 44.5537942], [11.8354577, 44.5537393], [11.8354882, 44.5535621], [11.8356134, 44.553559], [11.8356686, 44.5536466], [11.8359447, 44.5536397], [11.8359912, 44.5535496], [11.8362179, 44.5535804], [11.8362384, 44.5534535], [11.8369419, 44.5534349], [11.8369885, 44.5533448], [11.8372007, 44.5533359], [11.8372356, 44.5532486], [11.8375736, 44.5532366], [11.8377149, 44.5531333], [11.8377902, 44.553014], [11.8377211, 44.5528764], [11.8379723, 44.55287], [11.837947, 44.5524483], [11.8376992, 44.5524265], [11.8378138, 44.5521988], [11.8376861, 44.5521567], [11.8376558, 44.5515637], [11.837404, 44.5515336], [11.8374534, 44.5512968], [11.837135, 44.5511802], [11.8371603, 44.5510068], [11.8367995, 44.5510095], [11.8367529, 44.5510996], [11.8361247, 44.5511152], [11.8361079, 44.5508736], [11.8359183, 44.5507605], [11.835758, 44.550772], [11.8356113, 44.5508944], [11.8356267, 44.5510178], [11.8357426, 44.5510351], [11.8357513, 44.5512145], [11.8356299, 44.5513076], [11.8354033, 44.5512768], [11.8353828, 44.5514038], [11.8351861, 44.551364], [11.8347933, 44.551422], [11.8347584, 44.5515093], [11.8339291, 44.5515309], [11.8338798, 44.5516213], [11.8333801, 44.5516335], [11.8331909, 44.5515036], [11.8327858, 44.5515619], [11.8327509, 44.5516492], [11.8318712, 44.551671], [11.8317411, 44.5515842], [11.8317224, 44.5514248], [11.8316066, 44.5514075], [11.8315894, 44.5510842], [11.8314634, 44.5510509], [11.8314404, 44.5508016], [11.8313246, 44.5507843], [11.8313034, 44.5504527], [11.8311814, 44.5504278], [11.8311598, 44.5500146], [11.8310334, 44.5499793]], [[11.8416442, 44.5553069], [11.8415895, 44.5556484], [11.8419916, 44.5556376], [11.8420604, 44.5554953], [11.8417507, 44.5554765], [11.8417856, 44.5553082], [11.8416442, 44.5553069]], [[11.8410611, 44.5555345], [11.8410908, 44.5557508], [11.8413672, 44.5557431], [11.8414403, 44.5556088], [11.8412521, 44.555579], [11.8412773, 44.5554056], [11.8411288, 44.5554222], [11.8410611, 44.5555345]], [[11.8399191, 44.5556132], [11.8398429, 44.5557871], [11.8400781, 44.5557876], [11.8401828, 44.5556401], [11.8399191, 44.5556132]], [[11.8394205, 44.5557156], [11.8393443, 44.5558896], [11.8395795, 44.55589], [11.8396841, 44.5557425], [11.8394205, 44.5557156]]]}}, {"type": "Feature", "properties": {"flooded": true, "source": "satellite", "area_m2": 7329.0}, "geometry": {"type": "Polygon", "coordinates": [[[11.8391996, 44.5107977], [11.8390477, 44.5102617], [11.8393738, 44.5102526], [11.8394203, 44.5101624], [11.8396169, 44.5102022], [11.8397687, 44.510146], [11.8397929, 44.5100632], [11.8401307, 44.5100511], [11.8401612, 44.5098739], [11.8402863, 44.5098708], [11.8404331, 44.5101993], [11.8405551, 44.5102242], [11.8405725, 44.5105835], [11.8399835, 44.5106018], [11.839953, 44.510779], [11.8396348, 44.5106971], [11.839576, 44.5107884], [11.8391996, 44.5107977]]]}}, {"type": "Feature", "properties": {"flooded": true, "source": "satellite", "area_m2": 8643.0}, "geometry": {"type": "Polygon", "coordinates": [[[11.8380832, 44.5033534], [11.8380788, 44.5032639], [11.8385619, 44.5029538], [11.8385493, 44.5025318], [11.8390485, 44.5025196], [11.8390917, 44.5026049], [11.8393041, 44.5026032], [11.8393166, 44.502755], [11.8394385, 44.5027799], [11.8394615, 44.5030292], [11.8396205, 44.5031319], [11.8398333, 44.5031322], [11.8398416, 44.5033097], [11.8396296, 44.5033186], [11.8395919, 44.5034061], [11.8383388, 44.5034371], [11.8382956, 44.5033517], [11.8380832, 44.5033534]]]}}, {"type": "Feature", "properties": {"flooded": true, "source": "satellite", "area_m2": 86393.3}, "geometry": {"type": "Polygon", "coordinates": [[[11.8324808, 44.5019622], [11.8324591, 44.501513], [11.8327851, 44.5015038], [11.8328316, 44.5014137], [11.8329567, 44.5014106], [11.833, 44.5014959], [11.833338, 44.5014912], [11.8333647, 44.5016572], [11.8336663, 44.5017078], [11.8337198, 44.5015717], [11.8339425, 44.5015584], [11.834088, 44.5013825], [11.8349166, 44.5013609], [11.8349631, 44.5012707], [11.8353395, 44.5012614], [11.8354695, 44.5013482], [11.8354823, 44.5015815], [11.8356082, 44.5016148], [11.8356268, 44.5017742], [11.8361282, 44.501962], [11.836145, 44.5022037], [11.8362991, 44.5023101], [11.8367782, 44.502396], [11.836791, 44.5026293], [11.836917, 44.5026626], [11.8369215, 44.5027501], [11.8363039, 44.5028855], [11.836322, 44.5031516], [11.8365619, 44.5031216], [11.8365662, 44.5032111], [11.8364438, 44.5032505], [11.836458, 44.5035739], [11.8363329, 44.503577], [11.8362778, 44.5034894], [11.8358026, 44.5035035], [11.8358342, 44.5036794], [11.8354921, 44.5036015], [11.8354079, 44.503844], [11.8355916, 44.5038659], [11.8356084, 44.5041075], [11.8357304, 44.5041325], [11.8357428, 44.5042842], [11.8358871, 44.5043853], [11.8363717, 44.5043866], [11.8364391, 44.5044748], [11.8367342, 44.5044543], [11.8367448, 44.5042873], [11.8369897, 44.5042533], [11.8369786, 44.5039214], [11.8372294, 44.5039152], [11.837248, 44.5040746], [11.8374894, 44.5040888], [11.8376521, 44.5043012], [11.837875, 44.5042592], [11.83804, 44.505065], [11.8377892, 44.5050712], [11.837604, 44.5048968], [11.837077, 44.5049099], [11.8370304, 44.505], [11.836791, 44.5050262], [11.8367922, 44.505276], [11.8363332, 44.5053811], [11.8362984, 44.5054684], [11.835721, 44.5054838], [11.8356745, 44.5055739], [11.8354425, 44.505593], [11.8354276, 44.50567], [11.8348042, 44.5057756], [11.8345442, 44.505602], [11.8345274, 44.5053603], [11.8344055, 44.5053353], [11.8344011, 44.5052458], [11.8345235, 44.5052063], [11.8345093, 44.504883], [11.8346317, 44.5048436], [11.8346194, 44.504565], [11.8344919, 44.504523], [11.8343532, 44.5042567], [11.834467, 44.5042337], [11.8344701, 44.5040738], [11.8345914, 44.5039807], [11.8348034, 44.5039718], [11.8349521, 44.5038615], [11.835009, 44.5036363], [11.8346996, 44.5036176], [11.8345281, 44.5032253], [11.8341796, 44.5032704], [11.8342307, 44.5030398], [11.8340365, 44.5029138], [11.8340193, 44.5025906], [11.8338934, 44.5025573], [11.8339445, 44.5023267], [11.8338617, 44.5021281], [11.8337027, 44.5020255], [11.8333647, 44.5020303], [11.8333095, 44.5019427], [11.8331371, 44.5019537], [11.8331128, 44.5020365], [11.8326108, 44.502049], [11.8324808, 44.5019622]], [[11.83642, 44.5026915], [11.8366544, 44.5026489], [11.8366538, 44.5025167], [11.8364449, 44.5024975], [11.83642, 44.5026915]], [[11.8351108, 44.5035209], [11.8350285, 44.5036807], [11.8351673, 44.5036927], [11.8352559, 44.5035402], [11.8351108, 44.5035209]]]}}, {"type": "Feature", "properties": {"flooded": true, "source": "satellite", "area_m2": 19484.4}, "geometry": {"type": "Polygon", "coordinates": [[[11.8366082, 44.5455217], [11.8366038, 44.5454322], [11.8368591, 44.5455159], [11.8368716, 44.5456676], [11.8369936, 44.5456926], [11.8371467, 44.5460287], [11.8373927, 44.5461328], [11.8374095, 44.5463744], [11.8375315, 44.5463994], [11.8376846, 44.5467355], [11.8379306, 44.5468396], [11.8379478, 44.5471628], [11.8380738, 44.5471961], [11.8381006, 44.5473621], [11.8382083, 44.5473728], [11.8382207, 44.5475246], [11.8384729, 44.5476363], [11.8384853, 44.5477881], [11.8386074, 44.547813], [11.8387605, 44.5481491], [11.8390064, 44.5482532], [11.8390251, 44.5484126], [11.8394012, 44.5486035], [11.8395481, 44.548932], [11.8396701, 44.5489569], [11.8396789, 44.5491363], [11.8395537, 44.5491395], [11.8395171, 44.5489681], [11.8392935, 44.5489659], [11.839281, 44.5488141], [11.8391366, 44.5487131], [11.8389031, 44.5487055], [11.8385128, 44.5484452], [11.8384941, 44.5482858], [11.8382258, 44.5481056], [11.8379923, 44.548098], [11.8379655, 44.547932], [11.8377321, 44.5479244], [11.8377135, 44.547765], [11.8373374, 44.5475741], [11.837325, 44.5474224], [11.8372029, 44.5473974], [11.8371861, 44.5471558], [11.8370641, 44.5471308], [11.8370373, 44.5469648], [11.8369296, 44.5469541], [11.8368949, 44.5462712], [11.8367685, 44.5462359], [11.8368818, 44.5460015], [11.8367558, 44.5459682], [11.8367342, 44.545555], [11.8366082, 44.5455217]]]}}, {"type": "Feature", "properties": {"flooded": true, "source": "satellite", "area_m2": 106517.0}, "geometry": {"type": "Polygon", "coordinates": [[[11.8328103, 44.5321123], [11.8328059, 44.5320228], [11.8329198, 44.5319998], [11.8329229, 44.5318399], [11.8330443, 44.5317468], [11.8332564, 44.5317379], [11.8332913, 44.5316507], [11.8336292, 44.5316387], [11.8336641, 44.5315514], [11.8338961, 44.5315322], [11.8339111, 44.5314552], [11.8351172, 44.5314242], [11.8352851, 44.5312411], [11.8362902, 44.5312161], [11.8362989, 44.5313955], [11.836185, 44.5314186], [11.8361819, 44.5315785], [11.8360606, 44.5316715], [11.8357227, 44.5316835], [11.8356878, 44.5317708], [11.83535, 44.5317828], [11.8351958, 44.531901], [11.8352441, 44.5320058], [11.8356393, 44.5319972], [11.8356928, 44.5318611], [11.8358179, 44.531858], [11.8358266, 44.5320374], [11.8352442, 44.5320084], [11.835205, 44.5321881], [11.8353326, 44.5322301], [11.8353917, 44.5324523], [11.8355814, 44.5323838], [11.8355845, 44.5322239], [11.8359611, 44.5322145], [11.8360912, 44.5323013], [11.8361043, 44.5325707], [11.8358539, 44.5325686], [11.8359873, 44.5327536], [11.8357364, 44.5327599], [11.8357097, 44.5325939], [11.8354848, 44.532562], [11.8354886, 44.53282], [11.8356146, 44.5328533], [11.8356191, 44.5329408], [11.8354996, 44.5329738], [11.8355075, 44.5331426], [11.8357534, 44.5331199], [11.8358834, 44.5332067], [11.8359021, 44.5333661], [11.8360179, 44.5333834], [11.8360447, 44.5335494], [11.8361956, 44.5336455], [11.8364081, 44.5336438], [11.8366683, 44.5338174], [11.8366807, 44.5339692], [11.8368349, 44.5340756], [11.8370585, 44.5340778], [11.8371109, 44.5351564], [11.8366255, 44.5355285], [11.8360479, 44.535544], [11.8359985, 44.5356343], [11.8356248, 44.5356434], [11.8355696, 44.5355558], [11.8347908, 44.5355752], [11.8347442, 44.5356653], [11.8345121, 44.5356845], [11.8344972, 44.5357615], [11.8342743, 44.5357748], [11.8341288, 44.5359507], [11.8338735, 44.535867], [11.8338567, 44.5356253], [11.8337347, 44.5356004], [11.8337132, 44.5351872], [11.8335872, 44.5351539], [11.8335652, 44.5347067], [11.8336792, 44.5346817], [11.833747, 44.5345694], [11.833678, 44.5344318], [11.8337844, 44.5344158], [11.8338574, 44.5342815], [11.8336692, 44.5342516], [11.833635, 44.5336503], [11.8332529, 44.5334517], [11.8332313, 44.5330386], [11.8331053, 44.5330053], [11.8330838, 44.5325921], [11.8329578, 44.5325588], [11.8329363, 44.5321456], [11.8328103, 44.5321123]], [[11.8353097, 44.5337685], [11.8350448, 44.5339754], [11.8350496, 44.5341725], [11.8352094, 44.534296], [11.8356341, 44.5342922], [11.8357945, 44.534179], [11.8357468, 44.534021], [11.8355742, 44.534032], [11.83555, 44.5341149], [11.8352991, 44.5341211], [11.8352904, 44.5339417], [11.8355974, 44.5339076], [11.8355052, 44.5337637], [11.8353097, 44.5337685]], [[11.8348898, 44.5338304], [11.8347433, 44.5339426], [11.8348939, 44.5339381], [11.8348898, 44.5338304]], [[11.8347066, 44.5334611], [11.8346098, 44.5335911], [11.8348867, 44.5336157], [11.8348636, 44.5335095], [11.8347066, 44.5334611]], [[11.834423, 44.533472], [11.8343924, 44.5336035], [11.8342699, 44.5336429], [11.8342839, 44.5339302], [11.8345477, 44.5339591], [11.8345706, 44.533533], [11.834423, 44.533472]]]}}, {"type": "Feature", "properties": {"flooded": true, "source": "satellite", "area_m2": 82543.2}, "geometry": {"type": "Polygon", "coordinates": [[[11.8289494, 44.4783731], [11.8289407, 44.4781937], [11.8290631, 44.4781542], [11.8290446, 44.477741], [11.8291638, 44.47771], [11.8291571, 44.4774681], [11.8292763, 44.4774372], [11.829274, 44.4772852], [11.829759, 44.476913], [11.8299908, 44.4768939], [11.8300014, 44.476727], [11.8303631, 44.47651], [11.8303564, 44.476268], [11.8304788, 44.4762286], [11.8304603, 44.4758153], [11.8305795, 44.4757844], [11.8305685, 44.4754526], [11.8306897, 44.4753595], [11.8310659, 44.4753502], [11.8312509, 44.4755246], [11.8320289, 44.4755053], [11.8320755, 44.4754152], [11.8323073, 44.475396], [11.8324435, 44.475226], [11.8326661, 44.4752127], [11.8328115, 44.4750368], [11.8330341, 44.4750235], [11.8330584, 44.4749406], [11.8334345, 44.4749313], [11.8335645, 44.4750181], [11.8337112, 44.4753466], [11.8338331, 44.4753715], [11.8338498, 44.4756132], [11.8339717, 44.4756382], [11.8339978, 44.4761773], [11.8337752, 44.4761906], [11.8333948, 44.4764825], [11.8333917, 44.4766425], [11.8332693, 44.4766819], [11.8332792, 44.4769153], [11.8331568, 44.4769548], [11.8331753, 44.477368], [11.8330541, 44.4774611], [11.831963, 44.4774918], [11.8316932, 44.4776951], [11.8316901, 44.477855], [11.8314781, 44.4778639], [11.8314432, 44.4779512], [11.8308545, 44.4779694], [11.8308196, 44.4780567], [11.8306077, 44.4780655], [11.8305728, 44.4781528], [11.8301034, 44.4782623], [11.8300792, 44.4783451], [11.8289494, 44.4783731]]]}}, {"type": "Feature", "properties": {"flooded": true, "source": "satellite", "area_m2": 19744.2}, "geometry": {"type": "Polygon", "coordinates": [[[11.8346418, 44.5387287], [11.8346287, 44.5384593], [11.8347501, 44.5383663], [11.8349729, 44.538353], [11.8349971, 44.5382701], [11.8353737, 44.5382608], [11.8353955, 44.53871], [11.8351727, 44.5387233], [11.8351528, 44.538896], [11.8349771, 44.5389195], [11.8350867, 44.5390771], [11.8354845, 44.5391129], [11.8356364, 44.5390567], [11.8356563, 44.5388839], [11.835899, 44.5386979], [11.8367785, 44.538676], [11.836809, 44.539305], [11.8366952, 44.539328], [11.8366902, 44.5394432], [11.8368178, 44.5394852], [11.8368221, 44.5395748], [11.8365815, 44.5396988], [11.8365925, 44.5400306], [11.8354616, 44.5400587], [11.8354398, 44.5396095], [11.8355591, 44.5395786], [11.8355487, 44.5393643], [11.8352139, 44.5393483], [11.8350577, 44.5395286], [11.8349325, 44.5395317], [11.8349201, 44.5393799], [11.8347981, 44.539355], [11.8347678, 44.538762], [11.8346418, 44.5387287]]]}}, {"type": "Feature", "properties": {"flooded": true, "source": "satellite", "area_m2": 89027.9}, "geometry": {"type": "Polygon", "coordinates": [[[11.831413, 44.5266555], [11.8313912, 44.5262063], [11.8315105, 44.5261754], [11.8315082, 44.5260234], [11.8318391, 44.5260587], [11.8318809, 44.5259241], [11.832006, 44.525921], [11.8320607, 44.5260532], [11.8325132, 44.5259984], [11.8326432, 44.5260852], [11.8326476, 44.5261747], [11.8325251, 44.5262142], [11.8325368, 44.5264563], [11.8327864, 44.5264418], [11.8327996, 44.5267091], [11.8326856, 44.5267342], [11.8326868, 44.526984], [11.8325644, 44.5270235], [11.8325798, 44.5271469], [11.8326956, 44.5271642], [11.8326854, 44.5274311], [11.8328063, 44.5274238], [11.8328305, 44.5273409], [11.8331684, 44.5273289], [11.8332032, 44.5272416], [11.8335517, 44.5272252], [11.8336952, 44.5271114], [11.8336929, 44.5269594], [11.8339325, 44.5269333], [11.8339356, 44.5267733], [11.8341908, 44.526857], [11.8341763, 44.527034], [11.8342972, 44.5270266], [11.8343214, 44.5269438], [11.8346951, 44.5269343], [11.834828, 44.5270212], [11.8349748, 44.5273497], [11.8350968, 44.5273747], [11.835118, 44.5277063], [11.8352404, 44.5277332], [11.8352662, 44.5282703], [11.8350256, 44.5283943], [11.8350363, 44.5286901], [11.8353246, 44.5288916], [11.8355481, 44.5288939], [11.8355606, 44.5290456], [11.8356826, 44.5290706], [11.8356998, 44.5293938], [11.8358261, 44.5294291], [11.8358606, 44.5301461], [11.8353628, 44.5302485], [11.835336, 44.5300825], [11.8350661, 44.5299035], [11.8348425, 44.5299013], [11.834775, 44.5298131], [11.8344891, 44.5298278], [11.8344692, 44.5300006], [11.8340927, 44.5300099], [11.8340375, 44.5299223], [11.8335224, 44.5299343], [11.8334636, 44.5300256], [11.8328357, 44.5300411], [11.8328189, 44.5297995], [11.8326969, 44.5297745], [11.832667, 44.5292631], [11.832545, 44.5292381], [11.8325326, 44.5290864], [11.8323882, 44.5289853], [11.8321548, 44.5289777], [11.8318947, 44.5288041], [11.8318688, 44.5283011], [11.8317425, 44.5282658], [11.8317254, 44.5279085], [11.832082, 44.5276994], [11.8320851, 44.5275395], [11.8324229, 44.5275275], [11.8324578, 44.5274402], [11.8326429, 44.5273841], [11.8324491, 44.52726], [11.8324319, 44.5269367], [11.8322737, 44.526822], [11.8315474, 44.5268322], [11.831535, 44.5266805], [11.831413, 44.5266555]]]}}, {"type": "Feature", "properties": {"flooded": true, "source": "satellite", "area_m2": 628819.2}, "geometry": {"type": "Polygon", "coordinates": [[[11.8227241, 44.5369535], [11.8225854, 44.5366873], [11.8230446, 44.5365823], [11.8230796, 44.536495], [11.8235432, 44.5364799], [11.8235781, 44.5363926], [11.8241674, 44.5363744], [11.8242023, 44.5362872], [11.8252075, 44.5362623], [11.8252246, 44.5365855], [11.8253506, 44.5366189], [11.8253735, 44.5368682], [11.8254893, 44.5368855], [11.8255108, 44.5372987], [11.8256368, 44.537332], [11.8256583, 44.5377451], [11.8257843, 44.5377784], [11.8258011, 44.5380201], [11.8259231, 44.5380451], [11.8259707, 44.5382203], [11.8263843, 44.5382126], [11.8264265, 44.5380326], [11.8265458, 44.5380017], [11.8265394, 44.5377958], [11.8264134, 44.5377625], [11.8263923, 44.5374309], [11.8262703, 44.5374059], [11.8262488, 44.5369927], [11.8261228, 44.5369594], [11.8261057, 44.5366362], [11.8259797, 44.5366029], [11.8259536, 44.5360638], [11.826075, 44.5359707], [11.8265269, 44.5359585], [11.8265735, 44.5358684], [11.8269113, 44.5358564], [11.8269462, 44.5357691], [11.8275239, 44.5357537], [11.8275705, 44.5356636], [11.8281481, 44.5356482], [11.8281947, 44.5355581], [11.8285712, 44.5355488], [11.8285837, 44.5357006], [11.8287057, 44.5357255], [11.8287268, 44.5360571], [11.8288488, 44.5360821], [11.8288703, 44.5364952], [11.8289963, 44.5365285], [11.8290135, 44.5368518], [11.8291395, 44.5368851], [11.8291566, 44.5372083], [11.8292826, 44.5372416], [11.8292994, 44.5374833], [11.8294647, 44.5375936], [11.8297525, 44.537589], [11.8299216, 44.5374594], [11.8299033, 44.5370822], [11.8297773, 44.5370489], [11.8297558, 44.5366358], [11.8296298, 44.5366025], [11.8296086, 44.5362709], [11.8294866, 44.5362459], [11.8293174, 44.5353503], [11.8296552, 44.5353383], [11.8296901, 44.535251], [11.8303935, 44.5352325], [11.8305003, 44.5350935], [11.8302385, 44.5350123], [11.8297201, 44.5350734], [11.8296852, 44.5351607], [11.8291857, 44.5351733], [11.8291786, 44.5350836], [11.8295165, 44.5350716], [11.8295514, 44.5349844], [11.8300033, 44.5349721], [11.8300498, 44.534882], [11.8303984, 44.5348655], [11.8304226, 44.5347827], [11.8319262, 44.5346554], [11.8319306, 44.5347449], [11.8317077, 44.5347582], [11.8316252, 44.5348746], [11.8317094, 44.5353445], [11.8318354, 44.5353778], [11.8318584, 44.5356271], [11.8319742, 44.5356445], [11.831991, 44.5358861], [11.832113, 44.5359111], [11.8321173, 44.5360006], [11.8319949, 44.5360401], [11.8320072, 44.5363186], [11.8321348, 44.5363607], [11.8321603, 44.5367822], [11.8322823, 44.5368071], [11.8323091, 44.5369731], [11.8324168, 44.5369838], [11.8324645, 44.5379365], [11.8325905, 44.5379698], [11.8327548, 44.5386579], [11.8328768, 44.5386829], [11.8328984, 44.5390961], [11.8330244, 44.5391294], [11.8329289, 44.5397255], [11.8330549, 44.5397588], [11.8330677, 44.5399921], [11.8331937, 44.5400254], [11.8332123, 44.5401848], [11.8333282, 44.5402021], [11.8333672, 44.5409749], [11.8334932, 44.5410082], [11.8335278, 44.5416911], [11.8336542, 44.5417264], [11.8336756, 44.5421736], [11.8335617, 44.5421967], [11.8335584, 44.5423206], [11.8339402, 44.5424375], [11.833957, 44.5426792], [11.834079, 44.5427042], [11.8340962, 44.5430274], [11.8342226, 44.5430627], [11.8342525, 44.5436537], [11.8343785, 44.543687], [11.8344015, 44.5439363], [11.8345173, 44.5439536], [11.8345389, 44.5443668], [11.8346649, 44.5444001], [11.8346879, 44.5446494], [11.8348037, 44.5446667], [11.8348209, 44.5449899], [11.8349469, 44.5450232], [11.8349699, 44.5452725], [11.8350858, 44.5452899], [11.8351026, 44.5455315], [11.8352246, 44.5455565], [11.8352414, 44.5457982], [11.8354935, 44.5459099], [11.835511, 44.5462692], [11.8350086, 44.5462816], [11.8349764, 44.5462002], [11.8348154, 44.5461966], [11.8347566, 44.5462879], [11.8338016, 44.5463127], [11.8337551, 44.5464028], [11.8334065, 44.5464192], [11.8333822, 44.5465021], [11.8324273, 44.5465269], [11.8323807, 44.546617], [11.8320321, 44.5466334], [11.8320079, 44.5467163], [11.8311786, 44.5467379], [11.8311321, 44.546828], [11.8307835, 44.5468444], [11.8307592, 44.5469273], [11.8301815, 44.5469427], [11.8301349, 44.5470328], [11.8292596, 44.5471445], [11.8292425, 44.5468213], [11.8291165, 44.546788], [11.829091, 44.5463665], [11.8288432, 44.5463446], [11.8288086, 44.5456617], [11.8286826, 44.5456284], [11.8285183, 44.5449403], [11.8283963, 44.5449153], [11.8283704, 44.5444122], [11.8282444, 44.5443789], [11.8282233, 44.5440473], [11.8281012, 44.5440224], [11.8280749, 44.5434853], [11.8281965, 44.5433902], [11.8284194, 44.5433769], [11.8284436, 44.5432941], [11.8286665, 44.5432808], [11.8286907, 44.5431979], [11.8289136, 44.5431846], [11.8290592, 44.5430088], [11.8292858, 44.5430396], [11.8293644, 44.5428553], [11.8290504, 44.5428285], [11.8287903, 44.5426549], [11.8287635, 44.5424889], [11.8280054, 44.5420442], [11.8279868, 44.5418848], [11.8274803, 44.5416051], [11.8274764, 44.5415176], [11.8277191, 44.5413315], [11.8279313, 44.5413226], [11.8280726, 44.5412193], [11.8280832, 44.5410524], [11.8282025, 44.5410215], [11.8281747, 44.5404475], [11.8280527, 44.5404226], [11.828026, 44.5402566], [11.8276668, 44.5402521], [11.8273745, 44.5399971], [11.8270252, 44.5399979], [11.826993, 44.5399165], [11.8265136, 44.5398305], [11.8264703, 44.5397452], [11.826132, 44.53975], [11.8260888, 44.5396646], [11.8258762, 44.5396663], [11.8255839, 44.5394112], [11.8252346, 44.5394121], [11.8252122, 44.539336], [11.8249788, 44.5393284], [11.8249355, 44.5392431], [11.824723, 44.5392447], [11.8245497, 44.5390726], [11.8242158, 44.5391672], [11.8240503, 44.5390418], [11.8238342, 44.5390867], [11.823672, 44.5389184], [11.8234484, 44.5389161], [11.8234316, 44.5386745], [11.8233096, 44.5386495], [11.8232881, 44.5382363], [11.8231622, 44.538203], [11.8231392, 44.5379537], [11.823023, 44.5379344], [11.8230147, 44.537757], [11.8231361, 44.5376639], [11.8233811, 44.5376299], [11.8233617, 44.5371542], [11.8230624, 44.5369488], [11.8227241, 44.5369535]], [[11.831337, 44.539622], [11.8311691, 44.5398052], [11.8311862, 44.5401288], [11.8313122, 44.5401621], [11.8313334, 44.5404937], [11.8314554, 44.5405187], [11.8314857, 44.5411117], [11.8316117, 44.541145], [11.8316346, 44.5413943], [11.8317505, 44.5414116], [11.831776, 44.5418331], [11.831898, 44.541858], [11.8319195, 44.5422712], [11.8320456, 44.5423045], [11.8320723, 44.5424705], [11.8322554, 44.5424783], [11.8324158, 44.5423651], [11.8324192, 44.5422412], [11.8322932, 44.5422079], [11.832272, 44.5418764], [11.83215, 44.5418514], [11.8321154, 44.5411685], [11.8319894, 44.5411352], [11.8319591, 44.5405422], [11.8318331, 44.5405089], [11.831812, 44.5401773], [11.8316899, 44.5401523], [11.8316684, 44.5397392], [11.8315102, 44.5396244], [11.831337, 44.539622]], [[11.8302784, 44.5428493], [11.8301861, 44.5428906], [11.8302291, 44.5429761], [11.830372, 44.5429497], [11.8302784, 44.5428493]], [[11.8287143, 44.5400472], [11.8287067, 44.5409105], [11.8288327, 44.5409438], [11.8288498, 44.541267], [11.8289758, 44.5413004], [11.828993, 44.5416236], [11.829119, 44.5416569], [11.8291358, 44.5418986], [11.8292578, 44.5419235], [11.8292836, 44.5424266], [11.8294096, 44.5424599], [11.8293733, 44.5428845], [11.8300097, 44.5428941], [11.8300591, 44.5428037], [11.8302727, 44.5428393], [11.8302935, 44.5427279], [11.8300475, 44.5426238], [11.8300264, 44.5422922], [11.8299044, 44.5422672], [11.8298776, 44.5421012], [11.8297699, 44.5420905], [11.8297484, 44.5416773], [11.8296224, 44.541644], [11.8296013, 44.5413124], [11.8294792, 44.5412875], [11.8294534, 44.5407844], [11.8293274, 44.5407511], [11.8292975, 44.5402397], [11.8291755, 44.5402147], [11.8291279, 44.5400395], [11.8287143, 44.5400472]], [[11.8296622, 44.5400928], [11.8296022, 44.5399343], [11.8294252, 44.5399586], [11.8294499, 44.5401105], [11.8296622, 44.5400928]]]}}, {"type": "Feature", "properties": {"flooded": true, "source": "satellite", "area_m2": 5983.4}, "geometry": {"type": "Polygon", "coordinates": [[[11.8312301, 44.5073047], [11.8312171, 44.5070353], [11.8314678, 44.5070291], [11.831523, 44.5071167], [11.8319748, 44.5071066], [11.8321048, 44.5071933], [11.8321216, 44.507435], [11.8322435, 44.50746], [11.8322609, 44.5078193], [11.8321396, 44.5079123], [11.8319044, 44.5078873], [11.831897, 44.5080984], [11.8316419, 44.5080147], [11.8316252, 44.507773], [11.8315032, 44.507748], [11.8314765, 44.507582], [11.8313688, 44.5075713], [11.8313459, 44.507322], [11.8312301, 44.5073047]]]}}, {"type": "Feature", "properties": {"flooded": true, "source": "satellite", "area_m2": 12379.7}, "geometry": {"type": "Polygon", "coordinates": [[[11.8318039, 44.5295266], [11.8317952, 44.5293472], [11.8320379, 44.5291611], [11.832163, 44.529158], [11.8322931, 44.5292448], [11.8323117, 44.5294042], [11.8324275, 44.5294215], [11.8324447, 44.5297447], [11.832571, 44.52978], [11.8326053, 44.530461], [11.8327312, 44.5304943], [11.8327542, 44.5307436], [11.83287, 44.5307609], [11.8328868, 44.5310026], [11.8330088, 44.5310275], [11.8330306, 44.5314767], [11.8329113, 44.5315076], [11.8329136, 44.5316597], [11.8325371, 44.531669], [11.8325246, 44.5315172], [11.8324026, 44.5314923], [11.8323855, 44.531169], [11.8322595, 44.5311357], [11.8322336, 44.5306327], [11.8321076, 44.5305994], [11.8320817, 44.5300963], [11.8319558, 44.530063], [11.8319299, 44.5295599], [11.8318039, 44.5295266]]]}}, {"type": "Feature", "properties": {"flooded": true, "source": "satellite", "area_m2": 12784.8}, "geometry": {"type": "Polygon", "coordinates": [[[11.8302157, 44.5227241], [11.830207, 44.5225447], [11.8304535, 44.5224485], [11.8305055, 44.5227137], [11.8311703, 44.5226998], [11.8312169, 44.5226096], [11.8314489, 44.5225905], [11.8314552, 44.5223337], [11.8317016, 44.5222375], [11.8317493, 44.5224571], [11.8320802, 44.522318], [11.8322453, 44.5224863], [11.8324688, 44.5224886], [11.8326206, 44.5230245], [11.8322566, 44.5233037], [11.8320058, 44.5233099], [11.8320015, 44.5232204], [11.8321239, 44.5231809], [11.8320487, 44.5230844], [11.8318752, 44.5232231], [11.8316524, 44.5232364], [11.8315069, 44.5234123], [11.8313818, 44.5234154], [11.8313385, 44.5233301], [11.8310003, 44.5233348], [11.8308473, 44.5229987], [11.8304393, 44.5227264], [11.8302157, 44.5227241]]]}}, {"type": "Feature", "properties": {"flooded": true, "source": "satellite", "area_m2": 80795.8}, "geometry": {"type": "Polygon", "coordinates": [[[11.8267334, 44.5339735], [11.8267248, 44.5337941], [11.8269369, 44.5337852], [11.8269718, 44.5336979], [11.8275494, 44.5336825], [11.827596, 44.5335924], [11.8279222, 44.5335833], [11.8279688, 44.5334932], [11.8281809, 44.5334843], [11.8282761, 44.5333547], [11.8282071, 44.5332172], [11.828458, 44.533211], [11.8285132, 44.5332986], [11.8290405, 44.5332855], [11.8290827, 44.5331055], [11.829557, 44.5330859], [11.8297565, 44.5327865], [11.8296895, 44.5326403], [11.8298743, 44.5326012], [11.8298065, 44.5324573], [11.8299878, 44.5324264], [11.8299235, 44.5322744], [11.8305514, 44.5322588], [11.8305639, 44.5324106], [11.8306859, 44.5324355], [11.8306383, 44.5325928], [11.830893, 44.5327452], [11.8309465, 44.5326091], [11.8311915, 44.532575], [11.8311805, 44.5322432], [11.8314314, 44.532237], [11.8314636, 44.5323184], [11.8316871, 44.5323207], [11.8318172, 44.5324075], [11.8319728, 44.5329158], [11.8320948, 44.5329407], [11.8321207, 44.5334438], [11.832247, 44.5334791], [11.8322772, 44.5341061], [11.832152, 44.5341092], [11.8320968, 44.5340216], [11.8318092, 44.5340313], [11.8315391, 44.5342347], [11.831536, 44.5343946], [11.8314146, 44.5344876], [11.8310768, 44.5344996], [11.8310419, 44.5345869], [11.8303385, 44.5346054], [11.830292, 44.5346955], [11.8300599, 44.5347147], [11.8300449, 44.5347917], [11.8288509, 44.5348215], [11.8287922, 44.5349128], [11.8283286, 44.5349279], [11.8282937, 44.5350151], [11.8274142, 44.5350369], [11.8272842, 44.5349501], [11.8272674, 44.5347084], [11.8271454, 44.5346835], [11.8271243, 44.5343519], [11.8270023, 44.5343269], [11.8268493, 44.5339908], [11.8267334, 44.5339735]]]}}, {"type": "Feature", "properties": {"flooded": true, "source": "satellite", "area_m2": 7586.8}, "geometry": {"type": "Polygon", "coordinates": [[[11.8298947, 44.5212917], [11.8298685, 44.5207526], [11.8302494, 44.5208331], [11.8302926, 44.5209185], [11.8304664, 44.5209142], [11.8304926, 44.5206471], [11.8308632, 44.5206099], [11.8307309, 44.5203711], [11.831057, 44.5203619], [11.8311036, 44.5202718], [11.8312287, 44.5202687], [11.831233, 44.5203582], [11.8311106, 44.5203977], [11.8311447, 44.5211258], [11.8313979, 44.5211648], [11.8314066, 44.5213442], [11.8312842, 44.5213837], [11.8312965, 44.5216622], [11.8315498, 44.5217011], [11.8315541, 44.5217907], [11.8314478, 44.5218067], [11.8313726, 44.5219326], [11.8315629, 44.5219709], [11.8315716, 44.5221503], [11.8313207, 44.5221566], [11.8313719, 44.521926], [11.8311776, 44.5218], [11.8311561, 44.5213868], [11.8309001, 44.5212667], [11.8308636, 44.5210954], [11.8305566, 44.5210523], [11.8298947, 44.5212917]], [[11.8307756, 44.520941], [11.830922, 44.5208287], [11.8307714, 44.5208332], [11.8307756, 44.520941]]]}}, {"type": "Feature", "properties": {"flooded": true, "source": "satellite", "area_m2": 5550.3}, "geometry": {"type": "Polygon", "coordinates": [[[11.8319069, 44.555001], [11.8318982, 44.5548216], [11.8321535, 44.5549053], [11.8323004, 44.5552337], [11.8324225, 44.5552587], [11.8325829, 44.5559385], [11.8327089, 44.5559718], [11.8327319, 44.5562211], [11.8328478, 44.5562384], [11.8328737, 44.5567415], [11.8329997, 44.5567748], [11.8330128, 44.5570441], [11.8327575, 44.5569604], [11.832745, 44.5568087], [11.832623, 44.5567837], [11.8326058, 44.5564605], [11.8324798, 44.5564272], [11.8324626, 44.5561039], [11.8323365, 44.5560706], [11.8323197, 44.555829], [11.8321977, 44.555804], [11.8321761, 44.5553909], [11.8320501, 44.5553576], [11.8320329, 44.5550343], [11.8319069, 44.555001]]]}}, {"type": "Feature", "properties": {"flooded": true, "source": "satellite", "area_m2": 799740.9}, "geometry": {"type": "Polygon", "coordinates": [[[11.8190556, 44.5209298], [11.8190382, 44.5205705], [11.819376, 44.5205585], [11.8194109, 44.5204713], [11.8198744, 44.5204562], [11.8199093, 44.5203689], [11.8203791, 44.5202595], [11.8204034, 44.5201767], [11.8207412, 44.5201647], [11.8207761, 44.5200774], [11.8210081, 44.5200583], [11.8210231, 44.5199813], [11.8212352, 44.5199724], [11.8212701, 44.5198852], [11.8222203, 44.5197706], [11.8222668, 44.5196805], [11.8227187, 44.5196682], [11.8228865, 44.5194851], [11.8233457, 44.5193801], [11.8233806, 44.5192928], [11.8238547, 44.5192733], [11.8238462, 44.5190644], [11.8234975, 44.5191095], [11.8232375, 44.5189359], [11.8232158, 44.5184867], [11.8234622, 44.5183905], [11.8236244, 44.5185588], [11.8238199, 44.518554], [11.8240793, 44.5183551], [11.8240825, 44.5181951], [11.824322, 44.518169], [11.8243251, 44.5180091], [11.8244476, 44.5179696], [11.8244378, 44.5177362], [11.8246804, 44.5175502], [11.8251502, 44.5174407], [11.8251744, 44.5173579], [11.8259323, 44.5174292], [11.8260847, 44.5175921], [11.826318, 44.5175997], [11.8263731, 44.5176873], [11.8269464, 44.5175841], [11.8269785, 44.5176655], [11.8272021, 44.5176678], [11.8273321, 44.5177546], [11.8273408, 44.517934], [11.8269918, 44.5181361], [11.8269187, 44.5182704], [11.8274839, 44.518291], [11.8276139, 44.5183778], [11.8276325, 44.5185372], [11.8277483, 44.5185545], [11.8277872, 44.5193273], [11.8279131, 44.5193606], [11.8279399, 44.5195266], [11.8280475, 44.5195374], [11.8280821, 44.5202203], [11.828208, 44.5202536], [11.8282295, 44.5206667], [11.8283555, 44.5207001], [11.8283766, 44.5210316], [11.8284986, 44.5210566], [11.8285201, 44.5214698], [11.8286464, 44.5215051], [11.8286762, 44.5220961], [11.8288022, 44.5221294], [11.8288277, 44.5225509], [11.8289496, 44.5225758], [11.8289798, 44.5231688], [11.8291058, 44.5232022], [11.8291313, 44.5236237], [11.8292533, 44.5236486], [11.8292878, 44.5243315], [11.8294142, 44.5243668], [11.8293096, 44.5247811], [11.8295656, 44.5249012], [11.8295743, 44.5250807], [11.8293515, 44.525094], [11.8292692, 44.5252341], [11.829583, 44.5252609], [11.8297131, 44.5253477], [11.8297174, 44.5254372], [11.829595, 44.5254767], [11.8296104, 44.5256001], [11.8297262, 44.5256174], [11.8297438, 44.5259747], [11.8296297, 44.5259997], [11.8296263, 44.5261236], [11.8300037, 44.5261507], [11.830008, 44.5262402], [11.8298856, 44.5262797], [11.8299041, 44.5266929], [11.829779, 44.526696], [11.8297424, 44.5265247], [11.8292675, 44.5265287], [11.8292451, 44.5264526], [11.8290118, 44.526445], [11.8289566, 44.5263574], [11.828669, 44.5263671], [11.8286385, 44.5265443], [11.8283905, 44.5265506], [11.828369, 44.5263911], [11.8281901, 44.5263755], [11.8281357, 44.5265567], [11.8280144, 44.5266498], [11.8277916, 44.5266631], [11.8277673, 44.5267459], [11.8276422, 44.526749], [11.8275946, 44.5265738], [11.8271933, 44.5265803], [11.8271345, 44.5266716], [11.8259285, 44.5267025], [11.8258863, 44.5268825], [11.8255754, 44.5269418], [11.8256825, 44.5270644], [11.826096, 44.5270567], [11.8261382, 44.5268767], [11.8262634, 44.5268736], [11.8262901, 44.5270396], [11.8265235, 44.5270472], [11.8264891, 44.5273891], [11.826918, 44.5273975], [11.8269726, 44.5275297], [11.8272881, 44.5274582], [11.8273537, 44.5273308], [11.8271655, 44.527301], [11.8271612, 44.5272114], [11.8274077, 44.5271153], [11.8273583, 44.5273521], [11.8275464, 44.5273819], [11.8275598, 44.5276515], [11.8278027, 44.5274656], [11.8282551, 44.527589], [11.8285525, 44.527357], [11.8288034, 44.5273508], [11.8288077, 44.5274403], [11.8286263, 44.5275737], [11.8287778, 44.5276179], [11.8288126, 44.5275306], [11.8290248, 44.5275217], [11.829166, 44.5274184], [11.8291767, 44.5272515], [11.8296558, 44.5271362], [11.8296664, 44.5269693], [11.8299091, 44.5267832], [11.8301642, 44.5268669], [11.8301945, 44.5274599], [11.8303204, 44.5274932], [11.8303332, 44.5277266], [11.8304592, 44.5277599], [11.8304778, 44.5279192], [11.8305936, 44.5279366], [11.8306104, 44.5281782], [11.8307324, 44.5282032], [11.8307539, 44.5286164], [11.8308799, 44.5286497], [11.830897, 44.5289729], [11.831023, 44.5290062], [11.8310489, 44.5295093], [11.8311752, 44.5295446], [11.8312054, 44.5301716], [11.83072, 44.5305438], [11.8303821, 44.5305558], [11.8303473, 44.530643], [11.8301152, 44.5306622], [11.8301002, 44.5307392], [11.8296483, 44.5307515], [11.8296018, 44.5308416], [11.8292639, 44.5308536], [11.8292334, 44.5310308], [11.8289028, 44.53095], [11.8288563, 44.5310401], [11.8280272, 44.5310617], [11.8279807, 44.5311518], [11.8274031, 44.5311672], [11.8273537, 44.5312576], [11.8266532, 44.5312758], [11.8266067, 44.5313659], [11.8257776, 44.5313875], [11.8257283, 44.5314779], [11.8253545, 44.5314869], [11.8250944, 44.5313133], [11.8250816, 44.53108], [11.8249557, 44.5310467], [11.8249385, 44.5307235], [11.8248126, 44.5306901], [11.8247896, 44.5304408], [11.8246738, 44.5304235], [11.824657, 44.5301818], [11.8245351, 44.5301569], [11.8245083, 44.5299909], [11.8244007, 44.5299801], [11.8243839, 44.5297385], [11.8242619, 44.5297135], [11.8241089, 44.5293774], [11.8238631, 44.5292732], [11.8238503, 44.5290399], [11.8237243, 44.5290066], [11.8237014, 44.5287573], [11.8235856, 44.52874], [11.8235688, 44.5284983], [11.8234468, 44.5284733], [11.8234257, 44.5281417], [11.8233038, 44.5281168], [11.8232907, 44.5278474], [11.8238367, 44.527504], [11.8237047, 44.5274321], [11.8235285, 44.527571], [11.8234034, 44.5275741], [11.8233558, 44.5273989], [11.8228919, 44.5274067], [11.8227618, 44.5273199], [11.8227433, 44.5271606], [11.8226275, 44.5271432], [11.8226089, 44.5269838], [11.8224931, 44.5269665], [11.8224745, 44.5268071], [11.8223587, 44.5267898], [11.8223459, 44.5265564], [11.82222, 44.5265231], [11.822197, 44.5262738], [11.8220812, 44.5262565], [11.8220645, 44.5260148], [11.8219425, 44.5259898], [11.8219254, 44.5256666], [11.8217994, 44.5256333], [11.8217827, 44.5253916], [11.8216607, 44.5253666], [11.821634, 44.5252006], [11.8215263, 44.5251899], [11.8215136, 44.5249566], [11.8213876, 44.5249233], [11.821369, 44.5247639], [11.8212532, 44.5247465], [11.8210978, 44.5242382], [11.8209758, 44.5242132], [11.8208228, 44.5238771], [11.820707, 44.5238598], [11.820686, 44.5235282], [11.820564, 44.5235032], [11.8205411, 44.5232539], [11.8204253, 44.5232366], [11.8204085, 44.5229949], [11.8202866, 44.5229699], [11.8202742, 44.5228182], [11.8201522, 44.5227932], [11.8199992, 44.5224571], [11.8198835, 44.5224397], [11.8198707, 44.5222064], [11.8197447, 44.5221731], [11.8197218, 44.5219238], [11.819606, 44.5219064], [11.8195893, 44.5216648], [11.8194673, 44.5216398], [11.8194406, 44.5214738], [11.819333, 44.5214631], [11.8193119, 44.5211315], [11.8191899, 44.5211065], [11.8191632, 44.5209405], [11.8190556, 44.5209298]], [[11.8277456, 44.5254897], [11.8276811, 44.5256608], [11.8279665, 44.5256611], [11.8279889, 44.5257371], [11.82818, 44.5257887], [11.8283441, 44.5256517], [11.8285669, 44.5256384], [11.8285911, 44.5255556], [11.8288139, 44.5255422], [11.8288382, 44.5254594], [11.829061, 44.5254461], [11.8292646, 44.5252129], [11.8290011, 44.525186], [11.8289546, 44.5252761], [11.8288294, 44.5252792], [11.8288208, 44.5250997], [11.8289432, 44.5250603], [11.8288917, 44.524964], [11.8287095, 44.5250255], [11.8286945, 44.5251025], [11.8283635, 44.5250671], [11.8283218, 44.5252017], [11.8279995, 44.5251651], [11.8278383, 44.5252271], [11.8277653, 44.5253614], [11.8279534, 44.5253913], [11.8279578, 44.5254808], [11.8277456, 44.5254897]], [[11.8285879, 44.5261466], [11.8284956, 44.5261879], [11.8285386, 44.5262734], [11.8286816, 44.526247], [11.8285879, 44.5261466]], [[11.8266191, 44.5182354], [11.8266716, 44.5184009], [11.8268411, 44.5183835], [11.8268953, 44.5182277], [11.8266191, 44.5182354]], [[11.8259009, 44.5244795], [11.8258556, 44.5247891], [11.8260066, 44.5248489], [11.8261595, 44.5247155], [11.8263276, 44.5246988], [11.8262765, 44.5245326], [11.8264016, 44.5245295], [11.826419, 44.5248888], [11.8262376, 44.5250222], [11.826389, 44.5250663], [11.8265453, 44.524886], [11.8267574, 44.5248772], [11.8269061, 44.5247669], [11.8269739, 44.5246546], [11.8269049, 44.524517], [11.827137, 44.5244979], [11.8271439, 44.5243587], [11.8268962, 44.5243368], [11.826841, 44.5242492], [11.8261764, 44.5242682], [11.8259009, 44.5244795]], [[11.8267722, 44.5266217], [11.8269186, 44.5265095], [11.8267681, 44.526514], [11.8267722, 44.5266217]], [[11.8264643, 44.518375], [11.8263178, 44.5184873], [11.8264684, 44.5184828], [11.8264643, 44.518375]], [[11.826145, 44.5184174], [11.8260627, 44.5185772], [11.8262015, 44.5185892], [11.8262901, 44.5184366], [11.826145, 44.5184174]], [[11.825784, 44.5185138], [11.8257078, 44.5186877], [11.8259428, 44.5186882], [11.8260474, 44.5185408], [11.825784, 44.5185138]], [[11.8256556, 44.5224904], [11.8254242, 44.5225279], [11.8254485, 44.5226492], [11.8256663, 44.522688], [11.8256556, 44.5224904]], [[11.8242893, 44.5219342], [11.8240876, 44.5222053], [11.8241797, 44.5224548], [11.8245376, 44.5224151], [11.824425, 44.5226875], [11.8242402, 44.5227266], [11.8243222, 44.5229403], [11.824438, 44.5229577], [11.8244074, 44.5232159], [11.8246744, 44.5232141], [11.8246899, 44.5229514], [11.8249381, 44.5229089], [11.8249146, 44.5227788], [11.8245555, 44.5227743], [11.8245512, 44.5226848], [11.8249277, 44.5226755], [11.8250577, 44.5227623], [11.8250476, 44.5230292], [11.8252835, 44.5230231], [11.8254247, 44.5229199], [11.8254316, 44.5227806], [11.8251796, 44.5226688], [11.8251753, 44.5225793], [11.8254719, 44.5223679], [11.8254093, 44.5222134], [11.8255285, 44.5221825], [11.8255201, 44.5219319], [11.8251448, 44.5219495], [11.825136, 44.5217721], [11.8253682, 44.5217509], [11.8253608, 44.5215974], [11.8251274, 44.5215898], [11.8250728, 44.5214576], [11.8248997, 44.5215132], [11.8247542, 44.5216891], [11.8245221, 44.5217082], [11.8245159, 44.5219651], [11.8242893, 44.5219342]], [[11.8246111, 44.5213325], [11.8244423, 44.5214981], [11.8245811, 44.5215101], [11.8247374, 44.5213298], [11.8249055, 44.521313], [11.8248363, 44.5211603], [11.8246217, 44.5211656], [11.8246111, 44.5213325]], [[11.8249231, 44.5253961], [11.8245579, 44.5254302], [11.8245784, 44.5256347], [11.8247955, 44.525686], [11.8248161, 44.525559], [11.8249353, 44.5255281], [11.8249231, 44.5253961]], [[11.8242176, 44.525397], [11.8240602, 44.5255237], [11.824116, 44.5257099], [11.8243058, 44.5256415], [11.8243627, 44.5254163], [11.8242176, 44.525397]], [[11.8229736, 44.5220969], [11.8226374, 44.5221468], [11.8226535, 44.5222614], [11.8228163, 44.5223205], [11.8230148, 44.5222447], [11.8229736, 44.5220969]], [[11.8216314, 44.5217797], [11.8215976, 44.5219442], [11.8218722, 44.5219408], [11.8218166, 44.5220815], [11.8219058, 44.5221547], [11.8221322, 44.5221145], [11.8221644, 44.5221959], [11.8223254, 44.5221995], [11.8223841, 44.5221082], [11.8226162, 44.5220891], [11.8226268, 44.5219222], [11.8229333, 44.521773], [11.8228373, 44.5216543], [11.8226763, 44.5216507], [11.8224962, 44.521835], [11.8222642, 44.5218541], [11.8222492, 44.5219311], [11.8219984, 44.5219373], [11.8219798, 44.5217779], [11.8218171, 44.5217189], [11.8216314, 44.5217797]], [[11.8224755, 44.5222982], [11.8226324, 44.522403], [11.8226261, 44.5222953], [11.8224755, 44.5222982]], [[11.8223433, 44.5216279], [11.8221969, 44.5217402], [11.8223474, 44.5217357], [11.8223433, 44.5216279]], [[11.8220003, 44.5214049], [11.8219287, 44.5215603], [11.8220781, 44.5215679], [11.8222123, 44.5213678], [11.8220003, 44.5214049]], [[11.8221259, 44.522557], [11.822169, 44.5223866], [11.8219003, 44.5224179], [11.8219415, 44.5225657], [11.8221259, 44.522557]], [[11.8217482, 44.5216147], [11.8218946, 44.5215024], [11.8217441, 44.5215069], [11.8217482, 44.5216147]], [[11.8218088, 44.5220997], [11.8217511, 44.5220337], [11.8216315, 44.5220644], [11.8216684, 44.5221667], [11.8218088, 44.5220997]], [[11.8215186, 44.5219462], [11.8214591, 44.5217784], [11.8212743, 44.5217788], [11.8212475, 44.5219283], [11.8215186, 44.5219462]], [[11.8208655, 44.5217155], [11.8208478, 44.5220528], [11.8211111, 44.5220295], [11.8210777, 44.5216978], [11.8208655, 44.5217155]], [[11.8206545, 44.5219742], [11.8205722, 44.522134], [11.820711, 44.522146], [11.8207997, 44.5219934], [11.8206545, 44.5219742]]]}}, {"type": "Feature", "properties": {"flooded": true, "source": "satellite", "area_m2": 511231.7}, "geometry": {"type": "Polygon", "coordinates": [[[11.8204284, 44.5545651], [11.8204154, 44.5542957], [11.8205368, 44.5542027], [11.8208855, 44.5541863], [11.8210311, 44.5540104], [11.8213574, 44.5540013], [11.821404, 44.5539112], [11.8217527, 44.5538948], [11.8217769, 44.5538119], [11.8221149, 44.5538], [11.8223852, 44.5535967], [11.8223375, 44.5534387], [11.8220614, 44.5534455], [11.8220148, 44.5535356], [11.8218896, 44.5535387], [11.8218853, 44.5534492], [11.8221292, 44.5533167], [11.8221153, 44.5530294], [11.8219893, 44.5529961], [11.8219848, 44.5529086], [11.8221075, 44.5528671], [11.8220716, 44.5520942], [11.8225197, 44.5521277], [11.8226885, 44.5520587], [11.8226873, 44.5518089], [11.8227937, 44.5517929], [11.8228043, 44.5516259], [11.8229268, 44.5515865], [11.8229083, 44.5511733], [11.823088, 44.5510466], [11.823021, 44.5509004], [11.8232649, 44.5507679], [11.8232495, 44.5506445], [11.8231337, 44.5506271], [11.8231079, 44.5501241], [11.8229818, 44.5500907], [11.8229589, 44.5498414], [11.822843, 44.5498241], [11.8228259, 44.5495009], [11.8226999, 44.5494675], [11.822677, 44.5492182], [11.8225611, 44.5492009], [11.8223969, 44.5485128], [11.8222748, 44.5484878], [11.8222531, 44.5480386], [11.8227051, 44.5480264], [11.8227517, 44.5479362], [11.8232038, 44.547924], [11.8232503, 44.5478339], [11.8237024, 44.5478216], [11.8237489, 44.5477315], [11.8240869, 44.5477195], [11.8241218, 44.5476323], [11.8248253, 44.5476138], [11.8248719, 44.5475237], [11.8252205, 44.5475073], [11.8252448, 44.5474244], [11.8256968, 44.5474122], [11.8257434, 44.5473221], [11.8259943, 44.5473158], [11.8267748, 44.5478367], [11.8268016, 44.5480027], [11.8271695, 44.548187], [11.8271819, 44.5483387], [11.8273039, 44.5483637], [11.8273298, 44.5488668], [11.8274558, 44.5489001], [11.827477, 44.5492317], [11.8275994, 44.5492586], [11.827612, 44.549526], [11.8272479, 44.5498051], [11.8270512, 44.5497654], [11.8267735, 44.5498246], [11.8267493, 44.5499075], [11.8265264, 44.5499208], [11.8263828, 44.5500345], [11.8263932, 44.5502488], [11.8266453, 44.5503606], [11.8266721, 44.5505266], [11.8273002, 44.5508845], [11.827317, 44.5511262], [11.827439, 44.5511511], [11.8274657, 44.5513171], [11.8277036, 44.5514146], [11.8277631, 44.5515921], [11.8280739, 44.5516163], [11.8280857, 44.5514952], [11.8282082, 44.5514557], [11.8281984, 44.5512223], [11.8283177, 44.5511914], [11.8283055, 44.5510594], [11.8281896, 44.5510421], [11.8281679, 44.5505929], [11.8291229, 44.5505682], [11.8291695, 44.5504781], [11.8292947, 44.550475], [11.829685, 44.5507354], [11.8297215, 44.5509067], [11.8298996, 44.5509536], [11.8299414, 44.550819], [11.8300666, 44.5508159], [11.8300896, 44.5510652], [11.8303312, 44.5510794], [11.8303498, 44.5512388], [11.8305957, 44.5513429], [11.8306177, 44.5517901], [11.8301475, 44.5519016], [11.8300652, 44.5520418], [11.8302534, 44.5520716], [11.8303086, 44.5521592], [11.8308865, 44.5521459], [11.8309033, 44.5523876], [11.8310253, 44.5524126], [11.8310425, 44.5527358], [11.8311685, 44.5527691], [11.8311901, 44.5531823], [11.8313161, 44.5532156], [11.8313391, 44.5534649], [11.8314549, 44.5534822], [11.8314765, 44.5538954], [11.8316025, 44.5539287], [11.8316287, 44.5544678], [11.8315073, 44.5545608], [11.8309294, 44.5545762], [11.8308829, 44.5546663], [11.8305449, 44.5546783], [11.83051, 44.5547656], [11.8300462, 44.5547807], [11.8300113, 44.554868], [11.8294335, 44.5548834], [11.8293869, 44.5549735], [11.8290382, 44.5549899], [11.829014, 44.5550728], [11.828676, 44.5550848], [11.8286411, 44.555172], [11.8283031, 44.555184], [11.8282682, 44.5552713], [11.8278161, 44.5552836], [11.8277695, 44.5553737], [11.8273174, 44.5553859], [11.8272709, 44.5554761], [11.8263084, 44.5555936], [11.8262735, 44.5556808], [11.8256957, 44.5556962], [11.8256491, 44.5557863], [11.8253004, 44.5558027], [11.8252762, 44.5558856], [11.8248241, 44.5558978], [11.8247775, 44.5559879], [11.8241997, 44.5560033], [11.8241531, 44.5560934], [11.8238044, 44.5561098], [11.8237802, 44.5561927], [11.8233164, 44.5562078], [11.8232815, 44.556295], [11.8227036, 44.5563104], [11.822657, 44.5564005], [11.8222049, 44.5564127], [11.8221584, 44.5565029], [11.8215805, 44.5565182], [11.8215339, 44.5566083], [11.8212858, 44.5566146], [11.8211528, 44.5565277], [11.8211361, 44.556286], [11.821014, 44.5562611], [11.8209926, 44.5558479], [11.8208665, 44.5558146], [11.8208498, 44.5555729], [11.8207277, 44.555548], [11.8206932, 44.554865], [11.8205672, 44.5548317], [11.8205443, 44.5545824], [11.8204284, 44.5545651]], [[11.8292667, 44.5521091], [11.8291918, 44.5522372], [11.8292994, 44.5523617], [11.8297248, 44.5523512], [11.8298686, 44.5520187], [11.8295338, 44.5520027], [11.8294989, 44.5520899], [11.8292667, 44.5521091]], [[11.828898, 44.5523161], [11.8290445, 44.5522038], [11.8288938, 44.5522083], [11.828898, 44.5523161]], [[11.8280495, 44.552307], [11.8279957, 44.5524867], [11.8285076, 44.5524386], [11.8284513, 44.552297], [11.8280495, 44.552307]], [[11.8226277, 44.5534314], [11.8226758, 44.5536019], [11.8228491, 44.5536043], [11.8229538, 44.5534569], [11.8226277, 44.5534314]]]}}, {"type": "Feature", "properties": {"flooded": true, "source": "satellite", "area_m2": 517936.2}, "geometry": {"type": "Polygon", "coordinates": [[[11.8187253, 44.5662203], [11.8187123, 44.565951], [11.8188316, 44.56592], [11.8188163, 44.5654983], [11.8189388, 44.5654588], [11.8189203, 44.5650456], [11.8191526, 44.5650265], [11.8192235, 44.5648172], [11.8191421, 44.5645275], [11.81902, 44.5645026], [11.8190112, 44.5643251], [11.8191339, 44.5642837], [11.8191067, 44.5636906], [11.8192292, 44.5636511], [11.8192108, 44.5632379], [11.8193301, 44.563207], [11.8193235, 44.5629651], [11.8199014, 44.5629497], [11.8200694, 44.5627666], [11.8203958, 44.5627574], [11.8204424, 44.5626673], [11.8206821, 44.5626412], [11.8206852, 44.5624813], [11.8208078, 44.5624418], [11.820798, 44.5622084], [11.8209205, 44.562169], [11.820902, 44.5617557], [11.8210253, 44.5617075], [11.8210017, 44.5612131], [11.821121, 44.5611822], [11.8211057, 44.5607604], [11.8212271, 44.5606674], [11.8222327, 44.5606425], [11.8222879, 44.5607301], [11.8234991, 44.5607913], [11.8235543, 44.5608789], [11.8241323, 44.5608656], [11.8241875, 44.5609532], [11.8247655, 44.56094], [11.8248207, 44.5610276], [11.8252729, 44.5610174], [11.8253162, 44.5611028], [11.8257803, 44.5610949], [11.8258236, 44.5611802], [11.8260362, 44.5611786], [11.8260536, 44.5615379], [11.8259303, 44.5615861], [11.8259583, 44.5621704], [11.825835, 44.5622186], [11.8258672, 44.5628568], [11.8260402, 44.5629318], [11.8262335, 44.562864], [11.8262366, 44.562704], [11.8263591, 44.5626646], [11.8263493, 44.5624312], [11.8264687, 44.5624002], [11.8264533, 44.5619785], [11.8265766, 44.5619302], [11.8265529, 44.5614359], [11.8266743, 44.5613428], [11.8270511, 44.5613335], [11.8270735, 44.5614096], [11.827307, 44.5614172], [11.8273502, 44.5615025], [11.8278144, 44.5614946], [11.8278577, 44.56158], [11.8281961, 44.5615752], [11.8282393, 44.5616605], [11.8285777, 44.5616558], [11.8286001, 44.5617318], [11.8288336, 44.5617394], [11.8288769, 44.5618248], [11.8290895, 44.5618231], [11.8290292, 44.5631746], [11.8289098, 44.5632055], [11.8289208, 44.5635374], [11.8287983, 44.5635768], [11.8288256, 44.5641699], [11.8287062, 44.5642008], [11.828726, 44.5647125], [11.8286034, 44.564752], [11.8286307, 44.5653451], [11.8285168, 44.5653681], [11.8285137, 44.565528], [11.8283923, 44.565621], [11.8278924, 44.5656699], [11.8279153, 44.566173], [11.827792, 44.5662213], [11.8278331, 44.5670753], [11.8277192, 44.5670983], [11.8277204, 44.5673481], [11.8275979, 44.5673876], [11.8276471, 44.5684282], [11.8275244, 44.5684697], [11.8275519, 44.5690608], [11.8274292, 44.5691023], [11.8274477, 44.5695155], [11.8273225, 44.5695186], [11.8272922, 44.5689256], [11.8271658, 44.5688903], [11.8271618, 44.5688028], [11.8274015, 44.5687766], [11.8273966, 44.5685545], [11.8268928, 44.5684489], [11.8266325, 44.5682753], [11.8266154, 44.5679521], [11.8264571, 44.5678373], [11.8263, 44.5677889], [11.8248526, 44.5678695], [11.8248176, 44.5677879], [11.8245939, 44.5677857], [11.8245387, 44.5676981], [11.8240891, 44.5677446], [11.8242336, 44.5681527], [11.8241194, 44.5681777], [11.824056, 44.5683799], [11.8241639, 44.5692907], [11.8244201, 44.5694108], [11.8244469, 44.5695768], [11.8246848, 44.5696743], [11.8247115, 44.5698403], [11.8260771, 44.5698199], [11.8262748, 44.5699949], [11.8265503, 44.5699846], [11.826588, 44.5698971], [11.8267104, 44.5698942], [11.8267656, 44.5699818], [11.8271675, 44.5699719], [11.8272098, 44.5697919], [11.827335, 44.5697887], [11.8272266, 44.5701511], [11.8268498, 44.5701605], [11.8267946, 44.5700729], [11.8262165, 44.5700861], [11.8261613, 44.5699985], [11.8249571, 44.5700275], [11.8248991, 44.5699398], [11.824321, 44.569953], [11.8238754, 44.569605], [11.8234735, 44.5696149], [11.8234269, 44.5697051], [11.8229271, 44.5697176], [11.822881, 44.5696322], [11.8225426, 44.5696369], [11.8222823, 44.5694633], [11.8222693, 44.5691939], [11.8223886, 44.569163], [11.8223864, 44.569011], [11.8227089, 44.5690476], [11.8229867, 44.5689884], [11.8232517, 44.5687816], [11.8232352, 44.5685597], [11.8229935, 44.5685455], [11.8229383, 44.5684579], [11.8223602, 44.5684711], [11.822305, 44.5683835], [11.821727, 44.5683967], [11.8216718, 44.5683091], [11.8212195, 44.5683193], [11.8212151, 44.5682297], [11.8215806, 44.5682005], [11.8215794, 44.5679507], [11.8219477, 44.5679657], [11.8219425, 44.5678715], [11.8218266, 44.5678541], [11.8218136, 44.5675848], [11.8220533, 44.5675586], [11.8221207, 44.5674375], [11.8220132, 44.567313], [11.8218193, 44.5673275], [11.8218087, 44.5674945], [11.8214706, 44.5675065], [11.8213143, 44.5676867], [11.821082, 44.5677059], [11.8208317, 44.5678989], [11.8208285, 44.5680589], [11.8207043, 44.5681521], [11.8204561, 44.5681581], [11.8204009, 44.5680705], [11.8198228, 44.5680837], [11.8195625, 44.5679101], [11.8195454, 44.5675868], [11.8194194, 44.5675535], [11.8193828, 44.5673822], [11.8190789, 44.5673384], [11.8190371, 44.5674729], [11.8189119, 44.567476], [11.8190203, 44.5671137], [11.8195185, 44.5670113], [11.8194629, 44.567152], [11.819544, 44.5674328], [11.8198186, 44.5676207], [11.8204107, 44.5676061], [11.8204176, 44.5674668], [11.8202955, 44.5674419], [11.8201424, 44.5671057], [11.8200265, 44.5670884], [11.8199832, 44.5669587], [11.8197706, 44.5670047], [11.8197663, 44.5669152], [11.8203947, 44.5668997], [11.8204379, 44.566985], [11.8206506, 44.5669834], [11.8206592, 44.5671628], [11.8205367, 44.5672023], [11.8205506, 44.5674895], [11.8208024, 44.5675197], [11.8208576, 44.5676073], [11.8213029, 44.5674709], [11.8212832, 44.5672576], [11.8210415, 44.5672434], [11.820907, 44.567067], [11.8215354, 44.5670515], [11.8215676, 44.567133], [11.8218505, 44.5671783], [11.8225179, 44.5671095], [11.8227775, 44.5669106], [11.8227763, 44.5666607], [11.8228989, 44.5666213], [11.822863, 44.5658484], [11.8229823, 44.5658174], [11.8229757, 44.5655755], [11.8230971, 44.5654825], [11.8233525, 44.5655662], [11.8233649, 44.5657179], [11.8235302, 44.5658282], [11.823944, 44.5658206], [11.8239906, 44.5657304], [11.8241158, 44.5657273], [11.824148, 44.5658088], [11.8243717, 44.565811], [11.8244039, 44.5658925], [11.8246276, 44.5658947], [11.8246952, 44.5659829], [11.8251027, 44.5658752], [11.8252484, 44.5656993], [11.8254607, 44.5656904], [11.8254956, 44.5656032], [11.8258724, 44.5655938], [11.8258948, 44.5656699], [11.8260972, 44.5657178], [11.8262482, 44.5656466], [11.8262137, 44.5654127], [11.8257384, 44.5654167], [11.8257062, 44.5653353], [11.8254825, 44.565333], [11.8254601, 44.5652569], [11.8252266, 44.5652493], [11.8251714, 44.5651617], [11.8245933, 44.565175], [11.8245258, 44.5650868], [11.8237086, 44.5651068], [11.8236653, 44.5650215], [11.8232011, 44.5650294], [11.8231459, 44.5649418], [11.8226066, 44.5649577], [11.8224491, 44.5650844], [11.8224633, 44.5654077], [11.8223408, 44.5654472], [11.8222639, 44.566493], [11.8220183, 44.5666793], [11.8218959, 44.5666821], [11.8218407, 44.5665945], [11.821011, 44.566614], [11.8209678, 44.5665286], [11.8205036, 44.5665365], [11.8204484, 44.5664489], [11.8197474, 44.5664653], [11.8196894, 44.5663776], [11.8191113, 44.5663908], [11.8190791, 44.5663094], [11.8188554, 44.5663071], [11.8187253, 44.5662203]], [[11.8235895, 44.5672782], [11.8237222, 44.5676142], [11.8239277, 44.5676147], [11.8239289, 44.5672822], [11.8235895, 44.5672782]]]}}, {"type": "Feature", "properties": {"flooded": true, "source": "satellite", "area_m2": 20514.1}, "geometry": {"type": "Polygon", "coordinates": [[[11.823913, 44.5433159], [11.8239043, 44.5431364], [11.8247451, 44.543112], [11.8248403, 44.5429824], [11.8247713, 44.5428449], [11.8250222, 44.5428387], [11.8250266, 44.5429282], [11.8248446, 44.5429926], [11.8249374, 44.5431031], [11.825161, 44.5431053], [11.8251734, 44.5432571], [11.8252955, 44.543282], [11.8253122, 44.5435237], [11.8254342, 44.5435487], [11.8254467, 44.5437004], [11.8256239, 44.543813], [11.8261513, 44.5437999], [11.8261979, 44.5437098], [11.8265465, 44.5436934], [11.8265707, 44.5436106], [11.8269708, 44.5435972], [11.8269348, 44.5433315], [11.82706, 44.5433284], [11.8270818, 44.5437776], [11.8269625, 44.5438085], [11.8269691, 44.5440504], [11.8265171, 44.5440627], [11.8264677, 44.5441531], [11.8263454, 44.5441559], [11.8262902, 44.5440683], [11.8257627, 44.5440814], [11.8257162, 44.5441715], [11.825484, 44.5441906], [11.8253477, 44.5443606], [11.8251248, 44.5443739], [11.8251006, 44.5444568], [11.8244724, 44.5444723], [11.8242123, 44.5442987], [11.8241821, 44.5437057], [11.8240561, 44.5436724], [11.824039, 44.5433492], [11.823913, 44.5433159]]]}}, {"type": "Feature", "properties": {"flooded": true, "source": "satellite", "area_m2": 32135.5}, "geometry": {"type": "Polygon", "coordinates": [[[11.8185353, 44.5753175], [11.8185223, 44.5750481], [11.8209751, 44.5749873], [11.8210339, 44.574896], [11.8219139, 44.5748743], [11.8220441, 44.5749611], [11.822108, 44.5752285], [11.8241929, 44.5751778], [11.8242509, 44.5752655], [11.8253294, 44.5752397], [11.8253875, 44.5753274], [11.8260914, 44.575311], [11.8261347, 44.5753964], [11.8264732, 44.5753916], [11.8265164, 44.5754769], [11.8267291, 44.5754753], [11.8269026, 44.5756474], [11.827241, 44.5756427], [11.8272962, 44.5757302], [11.8277486, 44.5757201], [11.8278038, 44.5758077], [11.8285077, 44.5757913], [11.8285121, 44.5758808], [11.8277578, 44.5758995], [11.8277146, 44.5758142], [11.8272503, 44.5758221], [11.8271951, 44.5757345], [11.8259879, 44.5757633], [11.8259327, 44.5756757], [11.8253546, 44.575689], [11.8252871, 44.5756008], [11.8244696, 44.5756209], [11.8244144, 44.5755333], [11.8238363, 44.5755465], [11.8237687, 44.5754584], [11.8229513, 44.5754784], [11.8228838, 44.5753902], [11.821991, 44.5754132], [11.8219444, 44.5755033], [11.8216179, 44.5755124], [11.8215713, 44.5756025], [11.8213483, 44.5756158], [11.8213213, 44.5756989], [11.821073, 44.5757049], [11.8210055, 44.5756167], [11.8199365, 44.5756429], [11.8198932, 44.5755576], [11.8194289, 44.5755655], [11.8193857, 44.5754801], [11.8190472, 44.5754849], [11.8190248, 44.5754088], [11.8187912, 44.5754012], [11.818748, 44.5753158], [11.8185353, 44.5753175]]]}}, {"type": "Feature", "properties": {"flooded": true, "source": "satellite", "area_m2": 8839.6}, "geometry": {"type": "Polygon", "coordinates": [[[11.8242841, 44.5327738], [11.8242797, 44.5326843], [11.824399, 44.5326533], [11.824388, 44.5323215], [11.8245105, 44.532282], [11.824492, 44.5318688], [11.8246172, 44.5318657], [11.8246723, 44.5319533], [11.8249986, 44.5319463], [11.825011, 44.532098], [11.825133, 44.532123], [11.8251541, 44.5324546], [11.8252761, 44.5324796], [11.8252929, 44.5327212], [11.8254149, 44.5327462], [11.8254366, 44.5331954], [11.8253173, 44.5332263], [11.8253196, 44.5333783], [11.8250688, 44.5333845], [11.8249387, 44.5332977], [11.824912, 44.5331317], [11.8246786, 44.5331241], [11.8247341, 44.5329835], [11.8246556, 44.5328748], [11.8245398, 44.5328575], [11.8244966, 44.5327278], [11.8242841, 44.5327738]]]}}, {"type": "Feature", "properties": {"flooded": true, "source": "satellite", "area_m2": 18275.7}, "geometry": {"type": "Polygon", "coordinates": [[[11.8205908, 44.5318749], [11.8205821, 44.5316954], [11.8207046, 44.531656], [11.8206861, 44.5312427], [11.8209138, 44.5311337], [11.8209245, 44.5309668], [11.8210469, 44.5309273], [11.8210316, 44.5308039], [11.8209158, 44.5307865], [11.8209028, 44.5305172], [11.8211579, 44.5306009], [11.8213191, 44.5309436], [11.82147, 44.5310397], [11.8216825, 44.531038], [11.8217376, 44.5311256], [11.8231406, 44.5310009], [11.8231871, 44.5309108], [11.823639, 44.5308986], [11.8236856, 44.5308085], [11.8240578, 44.5307092], [11.8240708, 44.5309786], [11.8238281, 44.5311646], [11.8236053, 44.5311779], [11.8234597, 44.5313538], [11.8231335, 44.5313629], [11.8230869, 44.531453], [11.8228748, 44.5314619], [11.8228399, 44.5315492], [11.8221292, 44.5316604], [11.8220943, 44.5317477], [11.8212653, 44.5317692], [11.8212159, 44.5318596], [11.8205908, 44.5318749]]]}}, {"type": "Feature", "properties": {"flooded": true, "source": "satellite", "area_m2": 6818.5}, "geometry": {"type": "Polygon", "coordinates": [[[11.8214336, 44.5076373], [11.8214206, 44.507368], [11.8215419, 44.5072749], [11.8220159, 44.5072554], [11.8220358, 44.5070827], [11.8221571, 44.5069897], [11.8226592, 44.5069772], [11.8226635, 44.5070668], [11.8225411, 44.5071062], [11.8225509, 44.5073396], [11.8224285, 44.5073791], [11.8224469, 44.5077923], [11.8222043, 44.5079784], [11.8217023, 44.5079908], [11.8216852, 44.5076675], [11.8214336, 44.5076373]]]}}, {"type": "Feature", "properties": {"flooded": true, "source": "satellite", "area_m2": 22842.3}, "geometry": {"type": "Polygon", "coordinates": [[[11.8208506, 44.5294378], [11.8206989, 44.5289018], [11.8208202, 44.5288087], [11.821043, 44.5287954], [11.8210673, 44.5287126], [11.8212901, 44.5286993], [11.821557, 44.5284304], [11.8217891, 44.5284113], [11.8220468, 44.5281482], [11.822419, 44.528049], [11.8228091, 44.5283094], [11.8229559, 44.5286379], [11.8230779, 44.5286629], [11.8230947, 44.5289046], [11.8232166, 44.5289295], [11.8232434, 44.5290955], [11.823351, 44.5291063], [11.8233597, 44.5292857], [11.8232384, 44.5293787], [11.822158, 44.5294065], [11.8221114, 44.5294966], [11.8218793, 44.5295157], [11.8218643, 44.5295928], [11.8216415, 44.529606], [11.8216173, 44.5296889], [11.8213664, 44.5296951], [11.8212042, 44.5295268], [11.8209807, 44.5295246], [11.8208506, 44.5294378]]]}}, {"type": "Feature", "properties": {"flooded": true, "source": "satellite", "area_m2": 13661.5}, "geometry": {"type": "Polygon", "coordinates": [[[11.8223991, 44.5770226], [11.8223876, 44.5768431], [11.8225102, 44.5768036], [11.8224917, 44.5763904], [11.8242495, 44.5763467], [11.8242956, 44.5764322], [11.8247599, 44.5764243], [11.8248032, 44.5765096], [11.8250159, 44.576508], [11.8251893, 44.5766801], [11.8255278, 44.5766754], [11.8256625, 44.5768497], [11.82521, 44.5768639], [11.8251606, 44.5769543], [11.8242834, 44.5769758], [11.8242158, 44.5768877], [11.8230836, 44.5769157], [11.8230248, 44.577007], [11.8223991, 44.5770226]]]}}, {"type": "Feature", "properties": {"flooded": true, "source": "satellite", "area_m2": 34554.5}, "geometry": {"type": "Polygon", "coordinates": [[[11.8199045, 44.5332424], [11.8200187, 44.5330597], [11.8202415, 44.5330464], [11.8202614, 44.5328737], [11.8204843, 44.5328604], [11.8206299, 44.5326845], [11.820842, 44.5326756], [11.820877, 44.5325884], [11.8216306, 44.5325697], [11.8216628, 44.5326512], [11.8218238, 44.5326548], [11.822004, 44.5324705], [11.8224559, 44.5324583], [11.8225025, 44.5323681], [11.8230091, 44.5324456], [11.8230134, 44.5325352], [11.8228337, 44.5326618], [11.8229007, 44.532808], [11.8227159, 44.5328471], [11.8227837, 44.532991], [11.8224767, 44.533025], [11.8225497, 44.5333568], [11.8223531, 44.5333171], [11.8222382, 44.5334034], [11.8225584, 44.5335371], [11.8225627, 44.5336266], [11.822383, 44.5337532], [11.8224544, 44.5339894], [11.8223319, 44.5340288], [11.8223473, 44.5341523], [11.8224631, 44.5341696], [11.8224718, 44.534349], [11.822249, 44.5343623], [11.8222291, 44.5345351], [11.8220169, 44.534544], [11.821982, 44.5346312], [11.8218568, 44.5346343], [11.8218017, 44.5345467], [11.8215379, 44.5345524], [11.8214791, 44.5346437], [11.8209769, 44.5346561], [11.8209645, 44.5345043], [11.8208425, 44.5344794], [11.820817, 44.5340578], [11.8206518, 44.5339475], [11.8204393, 44.5339492], [11.8204225, 44.5337075], [11.8203005, 44.5336825], [11.8202962, 44.533593], [11.8204187, 44.5335535], [11.8204051, 44.5333478], [11.8202831, 44.5333229], [11.8202466, 44.5331515], [11.8200617, 44.5331519], [11.8200268, 44.5332392], [11.8199045, 44.5332424]], [[11.822047, 44.5325627], [11.8218896, 44.5326894], [11.8219075, 44.532985], [11.8220727, 44.5330953], [11.8223799, 44.5331309], [11.8224717, 44.5330417], [11.8222814, 44.5330034], [11.822256, 44.5325819], [11.822047, 44.5325627]], [[11.8224742, 44.5332451], [11.8222936, 44.5331666], [11.8223329, 44.5333133], [11.8224742, 44.5332451]], [[11.822363, 44.5337994], [11.8222061, 44.5336946], [11.8222124, 44.5338023], [11.822363, 44.5337994]]]}}, {"type": "Feature", "properties": {"flooded": true, "source": "satellite", "area_m2": 13444.5}, "geometry": {"type": "Polygon", "coordinates": [[[11.8214522, 44.5575106], [11.821296, 44.5568847], [11.8214174, 44.5567916], [11.8216403, 44.5567783], [11.8216646, 44.5566955], [11.8221284, 44.5566804], [11.8221633, 44.5565932], [11.8236718, 44.5565558], [11.8235548, 44.5567384], [11.8233425, 44.5567473], [11.8233076, 44.5568345], [11.8229496, 44.5568568], [11.8228307, 44.5573865], [11.8227092, 44.5574795], [11.8224863, 44.5574928], [11.8224621, 44.5575756], [11.8215823, 44.5575974], [11.8214522, 44.5575106]]]}}, {"type": "Feature", "properties": {"flooded": true, "source": "satellite", "area_m2": 162391.5}, "geometry": {"type": "Polygon", "coordinates": [[[11.8151594, 44.5262474], [11.8151377, 44.5257982], [11.8154943, 44.5255891], [11.8156058, 44.5250664], [11.815841, 44.5249504], [11.8159612, 44.5246075], [11.8160805, 44.5245766], [11.8160683, 44.5244447], [11.8159525, 44.5244273], [11.8159396, 44.524158], [11.8161748, 44.5240419], [11.8161798, 44.5239268], [11.8159222, 44.5237979], [11.8160368, 44.5235702], [11.8159092, 44.5235281], [11.8158917, 44.5231709], [11.8161427, 44.5231627], [11.8162951, 44.5233256], [11.8165284, 44.5233332], [11.8169185, 44.5235936], [11.816955, 44.523765], [11.8171399, 44.5237646], [11.8171748, 44.5236773], [11.8176741, 44.5236648], [11.817807, 44.5237518], [11.8178237, 44.5239934], [11.8179457, 44.5240184], [11.8180986, 44.5243545], [11.8182144, 44.5243719], [11.8182312, 44.5246136], [11.8183531, 44.5246385], [11.8185061, 44.5249746], [11.8186219, 44.524992], [11.8186436, 44.5254412], [11.8185297, 44.5254642], [11.8185303, 44.5255964], [11.8187779, 44.5256183], [11.8187903, 44.5257701], [11.8189123, 44.525795], [11.8190653, 44.5261312], [11.8193111, 44.5262353], [11.8193235, 44.5263871], [11.8194455, 44.526412], [11.8194622, 44.5266537], [11.8195842, 44.5266787], [11.8195966, 44.5268304], [11.8197186, 44.5268554], [11.8198715, 44.5271915], [11.8199873, 44.5272089], [11.8199997, 44.5273606], [11.8202517, 44.5274724], [11.8202828, 44.5277283], [11.8206975, 44.5279544], [11.8211253, 44.5278932], [11.8211368, 44.5275766], [11.8210108, 44.5275433], [11.8210065, 44.5274538], [11.8211258, 44.5274228], [11.8211235, 44.5272708], [11.8212458, 44.5272676], [11.8213787, 44.5273545], [11.8213972, 44.5275139], [11.8215563, 44.5276166], [11.8217688, 44.527615], [11.8217731, 44.5277045], [11.8215503, 44.5277178], [11.8214047, 44.5278936], [11.8211926, 44.5279025], [11.8211577, 44.5279898], [11.8206797, 44.5279651], [11.8206636, 44.528182], [11.8205497, 44.5282051], [11.8205465, 44.528365], [11.8204252, 44.528458], [11.8199733, 44.5284702], [11.8198054, 44.5286534], [11.8193535, 44.5286656], [11.8193069, 44.5287557], [11.8189584, 44.5287721], [11.8189342, 44.5288549], [11.8184706, 44.52887], [11.8184357, 44.5289573], [11.8179658, 44.5290667], [11.8179416, 44.5291495], [11.8171879, 44.5291681], [11.8169279, 44.5289945], [11.8167811, 44.528666], [11.8166591, 44.528641], [11.8166467, 44.5284893], [11.8165247, 44.5284643], [11.8165124, 44.5283126], [11.8163904, 44.5282876], [11.816378, 44.5281358], [11.816256, 44.5281108], [11.8162433, 44.5278775], [11.8161173, 44.5278442], [11.8161046, 44.5276109], [11.8159786, 44.5275775], [11.81596, 44.5274182], [11.8158442, 44.5274008], [11.8158275, 44.5271591], [11.8157055, 44.5271342], [11.8155526, 44.526798], [11.8154368, 44.5267807], [11.8154114, 44.5263592], [11.8151594, 44.5262474]]]}}, {"type": "Feature", "properties": {"flooded": true, "source": "satellite", "area_m2": 82229.3}, "geometry": {"type": "Polygon", "coordinates": [[[11.8181731, 44.5495794], [11.818017, 44.5489535], [11.8181384, 44.5488605], [11.8184764, 44.5488485], [11.8185113, 44.5487612], [11.8190891, 44.5487459], [11.8191357, 44.5486558], [11.8195994, 44.5486407], [11.8196343, 44.5485535], [11.8202121, 44.5485381], [11.8202587, 44.548448], [11.8206073, 44.5484316], [11.8206315, 44.5483488], [11.8213854, 44.5483301], [11.821541, 44.5488384], [11.821663, 44.5488634], [11.8216845, 44.5492766], [11.8218105, 44.5493099], [11.8218276, 44.5496331], [11.8219536, 44.5496664], [11.8219766, 44.5499158], [11.8220924, 44.5499331], [11.8221139, 44.5503463], [11.8222399, 44.5503796], [11.8223874, 44.5508256], [11.822266, 44.5509187], [11.8216882, 44.550934], [11.8216416, 44.5510241], [11.8213036, 44.5510361], [11.8212687, 44.5511234], [11.8203136, 44.551148], [11.8202671, 44.5512382], [11.8198033, 44.5512532], [11.8197684, 44.5513405], [11.8188887, 44.5513622], [11.8188716, 44.551039], [11.8187456, 44.5510057], [11.8187285, 44.5506824], [11.8186025, 44.5506491], [11.8185854, 44.5503259], [11.8184594, 44.5502925], [11.8184423, 44.5499693], [11.8183163, 44.549936], [11.8182992, 44.5496127], [11.8181731, 44.5495794]]]}}, {"type": "Feature", "properties": {"flooded": true, "source": "satellite", "area_m2": 27317.9}, "geometry": {"type": "Polygon", "coordinates": [[[11.8174619, 44.5478865], [11.8174576, 44.547797], [11.8175801, 44.5477575], [11.8175443, 44.5469846], [11.8179209, 44.5469753], [11.8179531, 44.5470568], [11.8181264, 44.5470592], [11.818173, 44.5469691], [11.8184051, 44.54695], [11.8184201, 44.546873], [11.8185453, 44.5468699], [11.818572, 44.5470359], [11.8188055, 44.5470435], [11.8189788, 44.5472157], [11.8193171, 44.5472109], [11.8193604, 44.5472963], [11.8197578, 44.5473347], [11.8200759, 44.5472822], [11.8201081, 44.5473636], [11.8204574, 44.5473628], [11.8205126, 44.5474504], [11.8206852, 44.5474394], [11.8207123, 44.5473563], [11.8219663, 44.5473255], [11.821975, 44.5475049], [11.8217783, 44.5474652], [11.8213855, 44.5475231], [11.8213506, 44.5476104], [11.8208986, 44.5476226], [11.820852, 44.5477127], [11.8205034, 44.5477291], [11.8204791, 44.547812], [11.8201412, 44.547824], [11.8201063, 44.5479112], [11.8191556, 44.5480258], [11.819109, 44.5481159], [11.8187604, 44.5481323], [11.8187362, 44.5482151], [11.8182725, 44.5482302], [11.8182375, 44.5483175], [11.8177351, 44.5483299], [11.817605, 44.5482431], [11.8175879, 44.5479198], [11.8174619, 44.5478865]]]}}, {"type": "Feature", "properties": {"flooded": true, "source": "satellite", "area_m2": 33108.2}, "geometry": {"type": "Polygon", "coordinates": [[[11.8180695, 44.5552535], [11.8180434, 44.5547144], [11.8181649, 44.5546214], [11.8186286, 44.5546063], [11.8186635, 44.5545191], [11.8194175, 44.5545004], [11.8194299, 44.5546522], [11.8195519, 44.5546772], [11.8195687, 44.5549188], [11.8196907, 44.5549438], [11.8197118, 44.5552754], [11.8198339, 44.5553004], [11.819855, 44.555632], [11.819977, 44.5556569], [11.8200028, 44.55616], [11.8201289, 44.5561933], [11.8201518, 44.5564426], [11.8202676, 44.55646], [11.8202807, 44.5567293], [11.8200378, 44.5569154], [11.8189137, 44.5570334], [11.8187808, 44.5569464], [11.8186206, 44.5562666], [11.8184945, 44.5562333], [11.8184716, 44.555984], [11.8183557, 44.5559667], [11.8183343, 44.5555535], [11.8182083, 44.5555202], [11.8181853, 44.5552709], [11.8180695, 44.5552535]]]}}, {"type": "Feature", "properties": {"flooded": true, "source": "satellite", "area_m2": 171184.3}, "geometry": {"type": "Polygon", "coordinates": [[[11.8116176, 44.5389382], [11.8116003, 44.5385789], [11.8119382, 44.5385669], [11.8119731, 44.5384797], [11.8125508, 44.5384644], [11.8125974, 44.5383743], [11.8131751, 44.538359], [11.8132216, 44.5382689], [11.8136853, 44.5382538], [11.8137202, 44.5381665], [11.8142979, 44.5381512], [11.8143445, 44.5380611], [11.8149221, 44.5380458], [11.8149687, 44.5379557], [11.8155464, 44.5379404], [11.815593, 44.5378503], [11.8159415, 44.5378339], [11.8159658, 44.5377511], [11.8165435, 44.5377357], [11.8165901, 44.5376456], [11.8172934, 44.5376272], [11.81734, 44.5375371], [11.8179177, 44.5375218], [11.8179643, 44.5374316], [11.8183409, 44.5374223], [11.8184709, 44.5375092], [11.8184924, 44.5379223], [11.8186184, 44.5379556], [11.8186413, 44.5382049], [11.8187571, 44.5382223], [11.8187785, 44.5386355], [11.8189045, 44.5386688], [11.8189275, 44.5389181], [11.8190433, 44.5389354], [11.8190647, 44.5393486], [11.8191907, 44.5393819], [11.8192078, 44.5397051], [11.8193338, 44.5397385], [11.8193381, 44.539828], [11.8192188, 44.5398589], [11.8192211, 44.5400109], [11.8187691, 44.5400232], [11.8187225, 44.5401133], [11.818374, 44.5401297], [11.8183497, 44.5402125], [11.817772, 44.5402278], [11.8177254, 44.5403179], [11.8173768, 44.5403343], [11.8173526, 44.5404172], [11.8167749, 44.5404325], [11.8167283, 44.5405226], [11.8164962, 44.5405417], [11.8164812, 44.5406187], [11.8159035, 44.540634], [11.8157355, 44.5408172], [11.8150321, 44.5408356], [11.8149855, 44.5409257], [11.8146369, 44.5409421], [11.8146127, 44.5410249], [11.8136578, 44.5410495], [11.8136112, 44.5411396], [11.8131592, 44.5411518], [11.8131126, 44.541242], [11.8126606, 44.5412542], [11.812614, 44.5413443], [11.8123631, 44.5413505], [11.8123588, 44.5412609], [11.8124813, 44.5412215], [11.8124545, 44.5406644], [11.8123285, 44.5406311], [11.8123056, 44.5403818], [11.8121898, 44.5403645], [11.8120297, 44.5396846], [11.8119037, 44.5396513], [11.8118866, 44.5393281], [11.8117606, 44.5392947], [11.8117436, 44.5389715], [11.8116176, 44.5389382]]]}}, {"type": "Feature", "properties": {"flooded": true, "source": "satellite", "area_m2": 199634.0}, "geometry": {"type": "Polygon", "coordinates": [[[11.8129092, 44.5500694], [11.8130263, 44.5498868], [11.81349, 44.5498718], [11.813525, 44.5497845], [11.8141027, 44.5497692], [11.8141493, 44.5496791], [11.8144003, 44.5496729], [11.8145304, 44.5497597], [11.8145471, 44.5500014], [11.8146691, 44.5500264], [11.8146862, 44.5503496], [11.8148122, 44.550383], [11.8148293, 44.5507062], [11.8149553, 44.5507395], [11.8149724, 44.5510628], [11.8150984, 44.5510961], [11.8151155, 44.5514193], [11.8152415, 44.5514527], [11.8152626, 44.5517843], [11.8153846, 44.5518092], [11.815397, 44.551961], [11.8155512, 44.5520674], [11.8158502, 44.5520668], [11.815871, 44.5514732], [11.815745, 44.5514398], [11.815724, 44.5511083], [11.8156019, 44.5510833], [11.8155805, 44.5506701], [11.8154545, 44.5506368], [11.8152903, 44.5499486], [11.8151683, 44.5499237], [11.815151, 44.5495644], [11.8152724, 44.5494714], [11.8157244, 44.5494591], [11.815771, 44.549369], [11.816109, 44.5493571], [11.8161439, 44.5492698], [11.8167217, 44.5492545], [11.8167683, 44.5491644], [11.8168906, 44.5491612], [11.8170235, 44.5492481], [11.8170403, 44.5494898], [11.8171623, 44.5495147], [11.8171837, 44.5499279], [11.8173098, 44.5499612], [11.8173327, 44.5502105], [11.8174485, 44.5502279], [11.8174656, 44.5505511], [11.8175916, 44.5505844], [11.8176087, 44.5509077], [11.8177348, 44.550941], [11.8177577, 44.5511903], [11.8178735, 44.5512077], [11.8178903, 44.5514493], [11.8180675, 44.5515619], [11.8185196, 44.5515518], [11.8185585, 44.5523246], [11.8186845, 44.5523579], [11.8187112, 44.552524], [11.8188189, 44.5525347], [11.818836, 44.5528579], [11.818962, 44.5528912], [11.8189835, 44.5533044], [11.8191095, 44.5533377], [11.8191306, 44.5536693], [11.8192526, 44.5536943], [11.819283, 44.5543233], [11.8189063, 44.5543326], [11.8189495, 44.5541706], [11.8186965, 44.5541588], [11.8186499, 44.5542489], [11.8183013, 44.5542653], [11.818277, 44.5543482], [11.8178249, 44.5543604], [11.8177783, 44.5544505], [11.8172005, 44.5544658], [11.8171539, 44.5545559], [11.8168052, 44.5545723], [11.816781, 44.5546552], [11.8160896, 44.5546724], [11.8160308, 44.5547637], [11.8154529, 44.554779], [11.8154035, 44.5548694], [11.8150296, 44.5548784], [11.8148563, 44.5547063], [11.8145179, 44.554711], [11.8145055, 44.5545592], [11.8143835, 44.5545343], [11.8143668, 44.5542926], [11.8142447, 44.5542676], [11.814228, 44.5540259], [11.814106, 44.554001], [11.8140936, 44.5538492], [11.8139715, 44.5538242], [11.8139592, 44.5536725], [11.8138371, 44.5536475], [11.8136841, 44.5533114], [11.8135683, 44.553294], [11.8135516, 44.5530523], [11.8134295, 44.5530274], [11.8134122, 44.5526681], [11.8136244, 44.5526592], [11.8137819, 44.5525325], [11.813761, 44.5520741], [11.8136333, 44.5520321], [11.8136119, 44.5516189], [11.8134859, 44.5515856], [11.813463, 44.5513363], [11.8133471, 44.5513189], [11.8133257, 44.5509058], [11.8131997, 44.5508724], [11.8131826, 44.5505492], [11.8130566, 44.5505159], [11.8130352, 44.5501027], [11.8129092, 44.5500694]]]}}, {"type": "Feature", "properties": {"flooded": true, "source": "satellite", "area_m2": 668578.3}, "geometry": {"type": "Polygon", "coordinates": [[[11.8038924, 44.5379579], [11.8038751, 44.5375986], [11.8043344, 44.5374937], [11.8043694, 44.5374064], [11.8045815, 44.5373976], [11.8046165, 44.5373103], [11.8048287, 44.5373015], [11.8049219, 44.5371807], [11.8048463, 44.5368546], [11.8049602, 44.5368316], [11.8049653, 44.5367164], [11.8048373, 44.5366723], [11.8047943, 44.5357776], [11.8050395, 44.5357415], [11.8050219, 44.5352746], [11.8048943, 44.5352325], [11.8048757, 44.5350731], [11.8047599, 44.5350558], [11.804737, 44.5348065], [11.8046212, 44.5347891], [11.8045956, 44.534286], [11.8044696, 44.5342527], [11.8044522, 44.5338954], [11.804693, 44.5337695], [11.8046865, 44.5335276], [11.8048987, 44.5335187], [11.8050475, 44.5334085], [11.8050507, 44.5332485], [11.8051758, 44.5332455], [11.805338, 44.5334137], [11.8055582, 44.5334326], [11.8055479, 44.5333462], [11.8054321, 44.5333288], [11.8054154, 44.5330871], [11.8052934, 44.5330621], [11.8052667, 44.5328961], [11.8051587, 44.5328834], [11.8051505, 44.5327059], [11.8055157, 44.5324805], [11.8055022, 44.5322748], [11.8053803, 44.5322498], [11.805363, 44.5318905], [11.8056058, 44.5317045], [11.8058566, 44.5316983], [11.8061167, 44.531872], [11.806129, 44.5320237], [11.806251, 44.5320487], [11.8062943, 44.5321784], [11.806598, 44.5321709], [11.8066287, 44.5320394], [11.807001, 44.5319402], [11.807131, 44.5320271], [11.8071495, 44.5321865], [11.8073337, 44.5322469], [11.8073848, 44.5320656], [11.8072572, 44.5320236], [11.8072398, 44.5316663], [11.8073651, 44.5316612], [11.8076252, 44.5318349], [11.8076375, 44.5319866], [11.8077595, 44.5320116], [11.8079124, 44.5323477], [11.8080715, 44.5324504], [11.8082453, 44.5324462], [11.8082675, 44.5321252], [11.8081415, 44.5320918], [11.8081248, 44.5318502], [11.8080028, 44.5318252], [11.8079761, 44.5316592], [11.8078685, 44.5316484], [11.8078558, 44.5314151], [11.8077298, 44.5313818], [11.8077171, 44.5311484], [11.8075911, 44.5311151], [11.8075868, 44.5310256], [11.8077082, 44.5309326], [11.8080461, 44.5309206], [11.808081, 44.5308334], [11.8084188, 44.5308214], [11.8084538, 44.5307342], [11.8087916, 44.5307222], [11.8088266, 44.530635], [11.8093288, 44.5306226], [11.8093412, 44.5307744], [11.8094632, 44.5307994], [11.8094755, 44.5309511], [11.8095975, 44.5309761], [11.8097504, 44.5313122], [11.8099575, 44.5313681], [11.8099795, 44.5310567], [11.8102219, 44.5310749], [11.8102136, 44.5306909], [11.810335, 44.5305978], [11.8105746, 44.5305717], [11.8105691, 44.530232], [11.8106933, 44.5301387], [11.811067, 44.5301297], [11.8112562, 44.5302597], [11.8115742, 44.5302072], [11.8117042, 44.530294], [11.8115915, 44.5305665], [11.8114722, 44.5305974], [11.8114744, 44.5307494], [11.8112338, 44.5308734], [11.8112768, 44.5312871], [11.8115595, 44.5313325], [11.8118388, 44.5312774], [11.8121165, 44.5310041], [11.812463, 44.5311263], [11.8124939, 44.5310308], [11.8123679, 44.5309975], [11.8123636, 44.530908], [11.8124859, 44.5309048], [11.8126188, 44.5309917], [11.8126373, 44.5311511], [11.8127531, 44.5311684], [11.8127055, 44.5313257], [11.812924, 44.5315166], [11.8131288, 44.5315059], [11.8131395, 44.531339], [11.8132608, 44.531246], [11.813516, 44.5313297], [11.8135327, 44.5315714], [11.8136547, 44.5315963], [11.8136671, 44.5317481], [11.8137891, 44.5317731], [11.8138015, 44.5319248], [11.8139235, 44.5319498], [11.8139359, 44.5321016], [11.8140579, 44.5321266], [11.8140846, 44.5322926], [11.8141926, 44.5323053], [11.8142052, 44.5325726], [11.8139824, 44.5325859], [11.8136614, 44.5328801], [11.8137519, 44.5330266], [11.8140732, 44.5330186], [11.8143402, 44.5327498], [11.814678, 44.5327378], [11.8147129, 44.5326505], [11.8151765, 44.5326355], [11.8153328, 44.5324552], [11.8160865, 44.5324366], [11.8162333, 44.5327651], [11.8163553, 44.5327901], [11.8163677, 44.5329418], [11.8164897, 44.5329668], [11.8166451, 44.5334751], [11.8167671, 44.5335001], [11.8169201, 44.5338362], [11.8170359, 44.5338536], [11.8170526, 44.5340953], [11.8173046, 44.534207], [11.8173133, 44.5343865], [11.8171011, 44.5343953], [11.8169437, 44.5345221], [11.8169591, 44.5346455], [11.8170749, 44.5346628], [11.8171003, 44.5350844], [11.8172223, 44.5351093], [11.8173753, 44.5354454], [11.8174911, 44.5354628], [11.8175078, 44.5357045], [11.8176298, 44.5357294], [11.8177828, 44.5360656], [11.8178986, 44.5360829], [11.8179154, 44.5363246], [11.8180374, 44.5363495], [11.8180497, 44.5365013], [11.8181718, 44.5365263], [11.8181885, 44.536768], [11.8183109, 44.5367949], [11.8181934, 44.5369755], [11.8174901, 44.5369939], [11.8174435, 44.537084], [11.8164813, 44.5372014], [11.8164464, 44.5372887], [11.8158687, 44.537304], [11.8158222, 44.5373941], [11.8154456, 44.5374034], [11.8153155, 44.5373166], [11.8152969, 44.5371572], [11.8151811, 44.5371398], [11.8151601, 44.5368082], [11.8150381, 44.5367833], [11.8150257, 44.5366315], [11.8149037, 44.5366065], [11.8147507, 44.5362704], [11.8146349, 44.5362531], [11.8146182, 44.5360114], [11.8144962, 44.5359864], [11.8143432, 44.5356503], [11.8139006, 44.5356421], [11.8138708, 44.5359742], [11.8139928, 44.5359992], [11.8140052, 44.536151], [11.8141272, 44.536176], [11.8142801, 44.5365121], [11.8143959, 44.5365294], [11.814413, 44.5368527], [11.814669, 44.5369728], [11.8148208, 44.5375088], [11.8146086, 44.5375177], [11.8145736, 44.5376049], [11.813996, 44.5376203], [11.8139494, 44.5377104], [11.8134974, 44.5377226], [11.8134508, 44.5378127], [11.8125714, 44.5378344], [11.8124413, 44.5377475], [11.8124246, 44.5375059], [11.8123026, 44.5374809], [11.8122859, 44.5372392], [11.8121639, 44.5372142], [11.8121472, 44.5369726], [11.8118951, 44.5368608], [11.8118722, 44.5366114], [11.8116264, 44.5365073], [11.8116035, 44.536258], [11.8111609, 44.5362497], [11.811127, 44.5365736], [11.811253, 44.5366069], [11.8112759, 44.5368562], [11.8113917, 44.5368736], [11.8114084, 44.5371152], [11.8115304, 44.5371402], [11.8115571, 44.5373062], [11.8116648, 44.5373169], [11.8116775, 44.5375503], [11.8118035, 44.5375836], [11.8119509, 44.5380297], [11.8117387, 44.5380386], [11.8117038, 44.5381258], [11.8111261, 44.5381411], [11.8110795, 44.5382312], [11.8105772, 44.5382436], [11.8104471, 44.5381568], [11.8104304, 44.5379151], [11.8103084, 44.5378901], [11.8102917, 44.5376484], [11.8101697, 44.5376235], [11.8101573, 44.5374717], [11.8100353, 44.5374467], [11.8098824, 44.5371106], [11.8096365, 44.5370064], [11.8096098, 44.5368404], [11.8094268, 44.5368326], [11.8093242, 44.5370549], [11.8094016, 44.5373363], [11.8095276, 44.5373696], [11.8095443, 44.5376113], [11.8096663, 44.5376362], [11.8098192, 44.5379724], [11.8099351, 44.5379897], [11.8099518, 44.5382314], [11.8100738, 44.5382564], [11.8099567, 44.5384389], [11.8095047, 44.5384511], [11.8094581, 44.5385412], [11.8091095, 44.5385576], [11.8090853, 44.5386404], [11.8083819, 44.5386588], [11.8083353, 44.5387489], [11.8075061, 44.5387704], [11.8074595, 44.5388605], [11.807111, 44.5388768], [11.8070867, 44.5389597], [11.806509, 44.5389749], [11.8064624, 44.5390651], [11.8063372, 44.5390681], [11.8060772, 44.5388945], [11.8060586, 44.5387351], [11.8059428, 44.5387177], [11.8059301, 44.5384844], [11.8058041, 44.5384511], [11.8057856, 44.5382917], [11.8054563, 44.5381467], [11.8052321, 44.5383347], [11.8053149, 44.5385333], [11.8054307, 44.5385507], [11.8054474, 44.5387923], [11.8055694, 44.5388173], [11.8055824, 44.5390867], [11.805461, 44.5391797], [11.805123, 44.5391916], [11.8050853, 44.5392792], [11.80446, 44.5392943], [11.80433, 44.5392075], [11.804313, 44.5388842], [11.804187, 44.5388509], [11.8041657, 44.5384377], [11.8040397, 44.5384044], [11.8040184, 44.5379912], [11.8038924, 44.5379579]], [[11.8127962, 44.5320312], [11.8129222, 44.5320645], [11.8129407, 44.5322239], [11.8131579, 44.5322752], [11.8131704, 44.532086], [11.8130484, 44.532061], [11.8130217, 44.531895], [11.8128339, 44.5318427], [11.8127962, 44.5320312]], [[11.8125231, 44.5315878], [11.8126491, 44.5316211], [11.8126677, 44.5317805], [11.8128848, 44.5318318], [11.8128973, 44.5316426], [11.8127753, 44.5316176], [11.8127486, 44.5314516], [11.8125608, 44.5313993], [11.8125231, 44.5315878]], [[11.8125295, 44.5313848], [11.812676, 44.5312726], [11.8125254, 44.5312771], [11.8125295, 44.5313848]], [[11.808435, 44.5328673], [11.808687, 44.5329791], [11.8087056, 44.5331385], [11.8088214, 44.5331558], [11.80884, 44.5333152], [11.8089558, 44.5333325], [11.8089685, 44.5335659], [11.8090945, 44.5335992], [11.8091068, 44.533751], [11.8092288, 44.5337759], [11.8092455, 44.5340176], [11.8095408, 44.5342148], [11.8098602, 44.5341971], [11.8099945, 44.5340892], [11.8099898, 44.5338921], [11.8098622, 44.53385], [11.8098394, 44.5336007], [11.8097235, 44.5335833], [11.8097068, 44.5333416], [11.8095848, 44.5333167], [11.8095582, 44.5331507], [11.8094505, 44.5331399], [11.8093032, 44.5326938], [11.8098054, 44.5326815], [11.8099355, 44.5327683], [11.8099479, 44.53292], [11.8100698, 44.532945], [11.8100865, 44.5331867], [11.8102085, 44.5332117], [11.8102209, 44.5333634], [11.8103429, 44.5333884], [11.8103553, 44.5335402], [11.8105094, 44.5336466], [11.81082, 44.5336431], [11.8110347, 44.5334293], [11.8109496, 44.5332964], [11.8108419, 44.5332857], [11.8108209, 44.5329541], [11.8106989, 44.5329291], [11.8106717, 44.5324632], [11.8104259, 44.5324857], [11.8102526, 44.5323136], [11.8100681, 44.5323223], [11.8100439, 44.5324051], [11.8094662, 44.5324204], [11.8094196, 44.5325105], [11.8090974, 44.5324738], [11.8087047, 44.5325317], [11.8086697, 44.532619], [11.8084247, 44.532653], [11.808435, 44.5328673]], [[11.8105287, 44.5321066], [11.8102941, 44.5321491], [11.8102947, 44.5322813], [11.8105037, 44.5323005], [11.8105287, 44.5321066]], [[11.8103132, 44.5312738], [11.8102755, 44.5314018], [11.8104906, 44.5314284], [11.8104675, 44.5313222], [11.8103132, 44.5312738]], [[11.8099521, 44.5313747], [11.8098708, 44.5314193], [11.8100006, 44.5315063], [11.8100235, 44.5317556], [11.8102407, 44.5318069], [11.8102427, 44.5315202], [11.8099521, 44.5313747]], [[11.8081295, 44.5341039], [11.808276, 44.5339917], [11.8081254, 44.5339961], [11.8081295, 44.5341039]], [[11.8074256, 44.5329197], [11.8072443, 44.5330638], [11.8073209, 44.5332548], [11.8074429, 44.5332797], [11.807604, 44.5336225], [11.8079127, 44.5336272], [11.8079593, 44.5335371], [11.8081946, 44.5335622], [11.8080596, 44.5331121], [11.8079376, 44.5330871], [11.8079253, 44.5329354], [11.8076733, 44.5328236], [11.8076406, 44.5326979], [11.8074288, 44.5327598], [11.8074256, 44.5329197]], [[11.8068113, 44.533005], [11.8069823, 44.53311], [11.8072425, 44.5330701], [11.8069939, 44.5328413], [11.8067991, 44.532873], [11.8068113, 44.533005]], [[11.8066226, 44.5322784], [11.8064761, 44.5323907], [11.8066267, 44.5323862], [11.8066226, 44.5322784]]]}}, {"type": "Feature", "properties": {"flooded": true, "source": "satellite", "area_m2": 12660.0}, "geometry": {"type": "Polygon", "coordinates": [[[11.8127652, 44.481744], [11.8127523, 44.4814746], [11.8129842, 44.4814555], [11.8129976, 44.4812883], [11.8134967, 44.4812762], [11.8135518, 44.4813638], [11.8141921, 44.4813489], [11.8142508, 44.4812576], [11.814714, 44.4812426], [11.8147489, 44.4811553], [11.8153735, 44.4811397], [11.8155066, 44.4812287], [11.8155149, 44.4814061], [11.8153936, 44.4814991], [11.8149348, 44.4816041], [11.8148999, 44.4816913], [11.8141898, 44.4818025], [11.8141549, 44.4818898], [11.8135778, 44.4819051], [11.8135285, 44.4819954], [11.8130294, 44.4820075], [11.8128995, 44.4819207], [11.8128871, 44.481769], [11.8127652, 44.481744]]]}}, {"type": "Feature", "properties": {"flooded": true, "source": "satellite", "area_m2": 19690.1}, "geometry": {"type": "Polygon", "coordinates": [[[11.8162005, 44.5556598], [11.8161745, 44.5551207], [11.8162959, 44.5550276], [11.8167596, 44.5550126], [11.8167946, 44.5549253], [11.8172583, 44.5549102], [11.8172933, 44.554823], [11.8176743, 44.5549036], [11.8176867, 44.5550553], [11.8178087, 44.5550803], [11.8178298, 44.5554119], [11.8179519, 44.5554369], [11.8179786, 44.5556029], [11.8180863, 44.5556136], [11.8181124, 44.5561527], [11.8179909, 44.5562457], [11.8174014, 44.5562639], [11.8173637, 44.5563514], [11.8172413, 44.5563543], [11.8171861, 44.5562667], [11.8166082, 44.5562799], [11.8164781, 44.5561931], [11.8164595, 44.5560337], [11.8163436, 44.5560163], [11.8163225, 44.5556847], [11.8162005, 44.5556598]]]}}, {"type": "Feature", "properties": {"flooded": true, "source": "satellite", "area_m2": 239725.9}, "geometry": {"type": "Polygon", "coordinates": [[[11.8090851, 44.5464726], [11.8090592, 44.5459335], [11.8091806, 44.5458404], [11.8094035, 44.5458272], [11.8094277, 44.5457443], [11.8100055, 44.545729], [11.8100521, 44.5456389], [11.8105158, 44.5456239], [11.8105507, 44.5455366], [11.8107828, 44.5455175], [11.8107978, 44.5454405], [11.8115087, 44.5453294], [11.8115436, 44.5452421], [11.8122471, 44.5452237], [11.8122937, 44.5451336], [11.8127573, 44.5451185], [11.8127923, 44.5450313], [11.8133817, 44.5450131], [11.8134166, 44.5449259], [11.8137652, 44.5449095], [11.8137895, 44.5448267], [11.8141274, 44.5448147], [11.8141623, 44.5447274], [11.8152891, 44.5446096], [11.8154191, 44.5446964], [11.8154359, 44.5449381], [11.8155579, 44.5449631], [11.8155793, 44.5453763], [11.8157053, 44.5454096], [11.8158695, 44.5460977], [11.8161648, 44.5462949], [11.8166288, 44.546287], [11.8166332, 44.5463766], [11.8165107, 44.546416], [11.8165376, 44.5469731], [11.8166636, 44.5470064], [11.8166806, 44.5473296], [11.8168067, 44.5473629], [11.8169708, 44.5480511], [11.8170929, 44.5480761], [11.8171145, 44.5485253], [11.8167766, 44.5485372], [11.8167417, 44.5486245], [11.8165095, 44.5486436], [11.8164945, 44.5487206], [11.8159921, 44.548733], [11.815862, 44.5486462], [11.8158453, 44.5484045], [11.8157233, 44.5483795], [11.8157018, 44.5479664], [11.8155758, 44.5479331], [11.8155587, 44.5476098], [11.8154327, 44.5475765], [11.8154157, 44.5472532], [11.8152896, 44.5472199], [11.8152729, 44.5469783], [11.8151509, 44.5469533], [11.8151385, 44.5468015], [11.8149843, 44.5466951], [11.8146853, 44.5466957], [11.8146645, 44.5472893], [11.8147905, 44.5473227], [11.8148116, 44.5476543], [11.8149336, 44.5476792], [11.814955, 44.5480924], [11.815081, 44.5481257], [11.8150981, 44.548449], [11.8152241, 44.5484823], [11.8152414, 44.5488416], [11.81512, 44.5489346], [11.8147821, 44.5489465], [11.8147471, 44.5490338], [11.8142951, 44.549046], [11.8142485, 44.5491361], [11.8137848, 44.5491512], [11.8137499, 44.5492384], [11.8135102, 44.5492646], [11.8134424, 44.5493768], [11.8135114, 44.5495144], [11.81339, 44.5496074], [11.813052, 44.5496194], [11.8130171, 44.5497066], [11.8126404, 44.5497159], [11.8126039, 44.5495445], [11.8123171, 44.549544], [11.8122626, 44.5497252], [11.8114412, 44.5496556], [11.8113824, 44.5497469], [11.8107929, 44.5497651], [11.810758, 44.5498523], [11.8101298, 44.5498678], [11.8101174, 44.549716], [11.8099954, 44.549691], [11.8099744, 44.5493595], [11.8098523, 44.5493345], [11.8098356, 44.5490928], [11.8097136, 44.5490678], [11.8096922, 44.5486546], [11.8095662, 44.5486213], [11.8095433, 44.548372], [11.8094275, 44.5483547], [11.8093645, 44.5470511], [11.8092368, 44.547009], [11.8092071, 44.5464976], [11.8090851, 44.5464726]], [[11.8121805, 44.5472102], [11.8120263, 44.5473284], [11.8120326, 44.5475343], [11.8121586, 44.5475676], [11.81218, 44.5479808], [11.812306, 44.5480141], [11.8123227, 44.5482558], [11.8124448, 44.5482807], [11.8124662, 44.5486939], [11.8125922, 44.5487272], [11.8126132, 44.5490588], [11.8127353, 44.5490838], [11.812748, 44.5493171], [11.8128964, 44.5494265], [11.8132169, 44.5494284], [11.8133121, 44.5492989], [11.8132217, 44.5487477], [11.8130957, 44.5487144], [11.8130786, 44.5483912], [11.8129526, 44.5483579], [11.8129355, 44.5480346], [11.8128095, 44.5480013], [11.8127928, 44.5477596], [11.8126708, 44.5477346], [11.8126497, 44.547403], [11.8125277, 44.5473781], [11.8124801, 44.5472028], [11.8121805, 44.5472102]]]}}, {"type": "Feature", "properties": {"flooded": true, "source": "satellite", "area_m2": 397623.7}, "geometry": {"type": "Polygon", "coordinates": [[[11.8049953, 44.4822953], [11.8051123, 44.4821128], [11.805363, 44.4821066], [11.805525, 44.4822749], [11.8056859, 44.4822785], [11.805867, 44.4821478], [11.8058532, 44.4818605], [11.8057274, 44.4818272], [11.80571, 44.4814699], [11.8058293, 44.481437], [11.8058228, 44.4811951], [11.8059366, 44.4811721], [11.8059355, 44.4809222], [11.8060578, 44.4808828], [11.8060112, 44.4798849], [11.8058837, 44.4798428], [11.8058667, 44.4795195], [11.8056109, 44.4793994], [11.8056021, 44.4792219], [11.8057161, 44.4791969], [11.8057193, 44.479037], [11.8058424, 44.4789888], [11.8058282, 44.4787918], [11.8057063, 44.4787668], [11.8056805, 44.4782277], [11.8059123, 44.4782086], [11.805923, 44.4780417], [11.8061667, 44.4779093], [11.80614, 44.4773522], [11.8060141, 44.4773189], [11.8060012, 44.4770495], [11.8061204, 44.4770186], [11.8061181, 44.4768666], [11.8064944, 44.4768573], [11.8065265, 44.4769388], [11.8066995, 44.4769412], [11.8067461, 44.4768511], [11.806978, 44.4768321], [11.806993, 44.476755], [11.8072156, 44.4767418], [11.8072398, 44.4766589], [11.8076913, 44.4766468], [11.8077379, 44.4765567], [11.807988, 44.4765588], [11.8079667, 44.476474], [11.8078591, 44.4764633], [11.8078406, 44.4763039], [11.807595, 44.4761997], [11.8075683, 44.4760337], [11.8073352, 44.476026], [11.8073167, 44.4758666], [11.8068113, 44.4755888], [11.8067846, 44.4754228], [11.8057678, 44.4748042], [11.8057554, 44.4746525], [11.8056336, 44.4746275], [11.8056163, 44.4742682], [11.8057376, 44.4741752], [11.8061138, 44.4741659], [11.8061459, 44.4742474], [11.8066248, 44.4743334], [11.8066679, 44.4744187], [11.8068802, 44.4744172], [11.8069234, 44.4745025], [11.8072613, 44.4744978], [11.8072934, 44.4745793], [11.8077723, 44.4746653], [11.8078154, 44.4747506], [11.8080278, 44.474749], [11.8090991, 44.4755251], [11.8096992, 44.4755181], [11.8097302, 44.475774], [11.8099633, 44.4757817], [11.8101156, 44.4759446], [11.8103487, 44.4759523], [11.8103919, 44.4760376], [11.8107298, 44.4760329], [11.8112494, 44.4763802], [11.8112581, 44.4765596], [11.8108943, 44.4768387], [11.8106823, 44.4768475], [11.8105261, 44.4770278], [11.8103035, 44.4770411], [11.810158, 44.4772169], [11.8098321, 44.477226], [11.8097856, 44.4773161], [11.8095537, 44.4773352], [11.8095387, 44.4774122], [11.8092011, 44.4774241], [11.809045, 44.4776044], [11.8085861, 44.4777094], [11.80843, 44.4778896], [11.808218, 44.4778985], [11.8081831, 44.4779857], [11.8079512, 44.4780048], [11.807815, 44.4781748], [11.8075923, 44.4781881], [11.8074457, 44.4783104], [11.8074579, 44.4785889], [11.8078452, 44.4788047], [11.8078718, 44.4789707], [11.808629, 44.4794156], [11.8086556, 44.4795816], [11.8103222, 44.4806342], [11.8103488, 44.4808002], [11.8107484, 44.4810661], [11.8109718, 44.4810684], [11.8109984, 44.4812344], [11.8122753, 44.4820265], [11.8122926, 44.4823858], [11.8119362, 44.4825948], [11.8119374, 44.4828447], [11.8115735, 44.4831237], [11.811076, 44.483226], [11.8110328, 44.4831407], [11.8108205, 44.4831423], [11.8105285, 44.4828872], [11.8101795, 44.482888], [11.8100272, 44.4827251], [11.8099076, 44.4827156], [11.8099407, 44.4831639], [11.8094537, 44.4834912], [11.8094683, 44.4837697], [11.8095942, 44.483803], [11.8096208, 44.4839691], [11.809854, 44.4839767], [11.8099214, 44.4840649], [11.8107332, 44.483955], [11.8113829, 44.4843892], [11.8114095, 44.4845552], [11.8121667, 44.485], [11.8121853, 44.4851594], [11.8125609, 44.4853504], [11.8125794, 44.4855098], [11.812825, 44.485614], [11.8128337, 44.4857934], [11.8127274, 44.4858094], [11.8127167, 44.4859764], [11.8125943, 44.4860158], [11.8126097, 44.4861392], [11.8127254, 44.4861566], [11.812734, 44.486336], [11.8126202, 44.486359], [11.8126214, 44.4866089], [11.812499, 44.4866483], [11.8125131, 44.4869717], [11.8123939, 44.4870026], [11.8124004, 44.4872445], [11.8121498, 44.4872507], [11.8118578, 44.4869956], [11.8116343, 44.4869933], [11.8116158, 44.4868339], [11.8111103, 44.4865561], [11.8110918, 44.4863967], [11.8108504, 44.4863824], [11.8107205, 44.4862956], [11.810702, 44.4861362], [11.8100665, 44.4857716], [11.810048, 44.4856122], [11.8092827, 44.4851607], [11.8092703, 44.4850089], [11.8091163, 44.4849025], [11.8088929, 44.4849002], [11.8088378, 44.4848126], [11.8083109, 44.4848256], [11.8082643, 44.4849157], [11.8080324, 44.4849348], [11.8080174, 44.4850118], [11.8077948, 44.485025], [11.8076492, 44.4852009], [11.8074266, 44.4852142], [11.8074023, 44.485297], [11.8070261, 44.4853062], [11.8067662, 44.4851326], [11.8067406, 44.4846295], [11.8066147, 44.4845962], [11.8065981, 44.4843545], [11.8063462, 44.4842427], [11.8063196, 44.4840766], [11.8060821, 44.4839791], [11.8060697, 44.4838273], [11.8059479, 44.4838023], [11.8057951, 44.4834662], [11.8055495, 44.483362], [11.8055328, 44.4831203], [11.8054109, 44.4830953], [11.8053983, 44.482862], [11.8052724, 44.4828287], [11.8052597, 44.4825953], [11.8051339, 44.482562], [11.8051212, 44.4823286], [11.8049953, 44.4822953]]]}}, {"type": "Feature", "properties": {"flooded": true, "source": "satellite", "area_m2": 130113.2}, "geometry": {"type": "Polygon", "coordinates": [[[11.8020777, 44.4607609], [11.8019264, 44.4602248], [11.8026748, 44.4601164], [11.8026791, 44.4602059], [11.8022005, 44.4603211], [11.8021978, 44.4605503], [11.8023628, 44.4606606], [11.8025751, 44.460659], [11.8025936, 44.4608184], [11.8030011, 44.4610909], [11.8032996, 44.4610903], [11.8033339, 44.460848], [11.803212, 44.460823], [11.8031854, 44.460657], [11.8030778, 44.4606463], [11.8030563, 44.4601971], [11.8031701, 44.4601741], [11.8031751, 44.4600589], [11.8030477, 44.4600168], [11.8030434, 44.4599273], [11.8037962, 44.4599088], [11.8040559, 44.4600825], [11.8040682, 44.4602343], [11.8041901, 44.4602592], [11.8043427, 44.4605954], [11.8047181, 44.4607864], [11.8047366, 44.4609458], [11.8049822, 44.46105], [11.8049945, 44.4612018], [11.8052462, 44.4613136], [11.8052729, 44.4614796], [11.8054604, 44.4615319], [11.8054855, 44.4611553], [11.805104, 44.4609566], [11.8049574, 44.4606281], [11.8048356, 44.4606031], [11.8048233, 44.4604513], [11.8047014, 44.4604263], [11.8046848, 44.4601846], [11.8044331, 44.4600728], [11.80442, 44.4598055], [11.8045414, 44.4597105], [11.8050044, 44.4596955], [11.8050393, 44.4596082], [11.8054111, 44.459509], [11.8053574, 44.4596559], [11.8055453, 44.4596858], [11.8055496, 44.4597753], [11.805071, 44.4598905], [11.8049368, 44.4599984], [11.8049431, 44.4602043], [11.8050689, 44.4602376], [11.8050956, 44.4604037], [11.8052031, 44.4604144], [11.8052259, 44.4606637], [11.8054715, 44.4607679], [11.8054838, 44.4609197], [11.8056056, 44.4609447], [11.8056285, 44.461194], [11.805874, 44.4612982], [11.8060205, 44.4616267], [11.8061423, 44.4616517], [11.8061609, 44.4618111], [11.8064064, 44.4619153], [11.806433, 44.4620813], [11.8068716, 44.4623085], [11.8072639, 44.4622506], [11.8072988, 44.4621634], [11.8077681, 44.462054], [11.8077924, 44.4619712], [11.8080043, 44.4619624], [11.8082817, 44.4616891], [11.8084067, 44.461686], [11.8084153, 44.4618654], [11.807824, 44.4622535], [11.8078171, 44.4623927], [11.8081901, 44.4624115], [11.8082451, 44.4624991], [11.8089477, 44.4624829], [11.8092075, 44.4626566], [11.809226, 44.462816], [11.8094715, 44.4629201], [11.8094839, 44.4630719], [11.8096057, 44.4630969], [11.8096181, 44.4632487], [11.8097399, 44.4632736], [11.8097523, 44.4634254], [11.8098741, 44.4634504], [11.8100268, 44.4637865], [11.8102724, 44.4638907], [11.8102847, 44.4640425], [11.8104066, 44.4640675], [11.8105593, 44.4644036], [11.8108048, 44.4645078], [11.8108234, 44.4646672], [11.8110689, 44.4647714], [11.8110813, 44.4649231], [11.8112031, 44.4649481], [11.8113503, 44.4653942], [11.810994, 44.4656032], [11.8109908, 44.4657632], [11.8107484, 44.4659492], [11.8099955, 44.4659677], [11.8099523, 44.4658824], [11.8097588, 44.4658969], [11.8097565, 44.4662076], [11.8098824, 44.466241], [11.8098953, 44.4665103], [11.8096727, 44.4665236], [11.8095272, 44.4666995], [11.8094022, 44.4667025], [11.8093979, 44.466613], [11.8096383, 44.4664891], [11.8096281, 44.4662748], [11.8093763, 44.466163], [11.8093578, 44.4660036], [11.8091122, 44.4658994], [11.8090937, 44.46574], [11.8087931, 44.4655483], [11.8083802, 44.465561], [11.8083454, 44.4656482], [11.8081135, 44.4656673], [11.8079773, 44.4658373], [11.8077547, 44.4658506], [11.8076092, 44.4660265], [11.8073973, 44.4660353], [11.8073624, 44.4661225], [11.8071574, 44.4660841], [11.8071156, 44.4662186], [11.806865, 44.4662248], [11.8068564, 44.4660454], [11.8071903, 44.46608], [11.8073468, 44.4660131], [11.8073503, 44.4658892], [11.8068478, 44.4658651], [11.8067179, 44.4657783], [11.8066994, 44.4656189], [11.8065837, 44.4656015], [11.8065751, 44.4654221], [11.8066888, 44.4653991], [11.806692, 44.4652392], [11.8068058, 44.4652162], [11.8068688, 44.4650052], [11.8065449, 44.4647923], [11.8065406, 44.4647027], [11.8066598, 44.4646718], [11.8066532, 44.4644299], [11.8067724, 44.464399], [11.8067702, 44.464247], [11.8073764, 44.4637819], [11.8077525, 44.4637727], [11.8077649, 44.4639244], [11.8078867, 44.4639494], [11.8079134, 44.4641154], [11.8081508, 44.464213], [11.8081631, 44.4643648], [11.808285, 44.4643898], [11.8082973, 44.4645415], [11.8084192, 44.4645665], [11.8085719, 44.4649027], [11.8088174, 44.4650068], [11.8088217, 44.4650964], [11.8086994, 44.4651358], [11.8087228, 44.4652659], [11.8088854, 44.4653642], [11.8093365, 44.4653625], [11.8093151, 44.4652776], [11.8092076, 44.4652669], [11.8091866, 44.4649353], [11.8090648, 44.4649103], [11.8090381, 44.4647443], [11.8089306, 44.4647336], [11.8089139, 44.4644919], [11.8086622, 44.4643801], [11.8085095, 44.4640439], [11.8081341, 44.4638529], [11.8081217, 44.4637012], [11.80787, 44.4635893], [11.8078515, 44.46343], [11.8073462, 44.4631521], [11.8073277, 44.4629927], [11.8070821, 44.4628885], [11.8070735, 44.4627091], [11.8071948, 44.4626161], [11.8074266, 44.462597], [11.8074274, 44.4624501], [11.8072248, 44.4624385], [11.8071899, 44.4625258], [11.8069581, 44.4625449], [11.8069431, 44.4626219], [11.806567, 44.4626311], [11.8065485, 44.4624717], [11.8062229, 44.462326], [11.8061852, 44.4625144], [11.806311, 44.4625478], [11.8063196, 44.4627272], [11.8059559, 44.4630062], [11.8056184, 44.4630182], [11.8055835, 44.4631054], [11.8051205, 44.4631204], [11.8050856, 44.4632077], [11.8048538, 44.4632268], [11.8048388, 44.4633038], [11.8042115, 44.4633192], [11.8041992, 44.4631674], [11.8039475, 44.4630556], [11.8039351, 44.4629038], [11.8038133, 44.4628788], [11.803801, 44.4627271], [11.8036791, 44.4627021], [11.8036668, 44.4625503], [11.8035449, 44.4625253], [11.8033923, 44.4621892], [11.8031467, 44.462085], [11.8031344, 44.4619332], [11.8030126, 44.4619082], [11.8028599, 44.4615721], [11.8026144, 44.4614679], [11.8023232, 44.4608651], [11.8020777, 44.4607609]], [[11.8079149, 44.4629771], [11.8079877, 44.4632065], [11.8082289, 44.4632208], [11.8082412, 44.4633726], [11.808493, 44.4634844], [11.8085196, 44.4636504], [11.808757, 44.463748], [11.8087755, 44.4639074], [11.8090211, 44.4640115], [11.8090396, 44.4641709], [11.8092852, 44.4642751], [11.8093061, 44.4646067], [11.8095579, 44.4647185], [11.8095845, 44.4648845], [11.8098219, 44.4649821], [11.8098448, 44.4652314], [11.8103501, 44.4655093], [11.8103828, 44.4656349], [11.8107031, 44.4655828], [11.8109623, 44.465384], [11.8110787, 44.4650688], [11.8108313, 44.4650469], [11.8108128, 44.4648875], [11.8105672, 44.4647833], [11.8105545, 44.46455], [11.8104287, 44.4645166], [11.810402, 44.4643506], [11.8102945, 44.4643399], [11.8102778, 44.4640982], [11.8100261, 44.4639864], [11.8100138, 44.4638346], [11.8098919, 44.4638097], [11.8098796, 44.4636579], [11.8097577, 44.4636329], [11.8097454, 44.4634811], [11.8096235, 44.4634562], [11.8094708, 44.46312], [11.8092253, 44.4630158], [11.8092067, 44.4628564], [11.808918, 44.4626669], [11.8086305, 44.4626714], [11.808584, 44.4627615], [11.8082359, 44.4627779], [11.8080904, 44.4629537], [11.8079149, 44.4629771]], [[11.8043021, 44.4625968], [11.8040671, 44.4627128], [11.8040676, 44.462845], [11.8041894, 44.46287], [11.8042079, 44.4630294], [11.8045208, 44.4632218], [11.8047958, 44.4632116], [11.8048307, 44.4631243], [11.8053001, 44.463015], [11.8053243, 44.4629321], [11.8056618, 44.4629202], [11.8058179, 44.46274], [11.8060666, 44.4626886], [11.8059164, 44.4623972], [11.8056708, 44.462293], [11.8056523, 44.4621337], [11.8053394, 44.4619413], [11.8051793, 44.4619528], [11.8051551, 44.4620356], [11.8048176, 44.4620476], [11.8047827, 44.4621348], [11.8044608, 44.4620981], [11.8042998, 44.4621601], [11.8043021, 44.4625968]], [[11.8039908, 44.4621511], [11.8041448, 44.4620329], [11.8041246, 44.4618943], [11.8037847, 44.4619027], [11.8037963, 44.4621461], [11.8039908, 44.4621511]]]}}, {"type": "Feature", "properties": {"flooded": true, "source": "satellite", "area_m2": 269666.9}, "geometry": {"type": "Polygon", "coordinates": [[[11.7960643, 44.5768605], [11.7960385, 44.5763214], [11.7961579, 44.5762905], [11.796147, 44.5759586], [11.7962696, 44.5759192], [11.7962513, 44.5755059], [11.7963738, 44.5754665], [11.7963555, 44.5750533], [11.7964781, 44.5750138], [11.7964641, 44.5746905], [11.7965855, 44.5745975], [11.7968338, 44.5745912], [11.7968489, 44.5747431], [11.796971, 44.5747681], [11.7970305, 44.5749456], [11.7974441, 44.5749329], [11.7974791, 44.5748457], [11.7977113, 44.5748266], [11.7977264, 44.5747496], [11.798858, 44.5747218], [11.7989132, 44.5748095], [11.7996171, 44.5747933], [11.7996723, 44.5748809], [11.8003734, 44.5748645], [11.8004314, 44.5749523], [11.8010096, 44.5749391], [11.8010648, 44.5750267], [11.8027794, 44.5750757], [11.8028346, 44.5751633], [11.8035386, 44.5751471], [11.8035937, 44.5752347], [11.8042949, 44.5752184], [11.8043529, 44.5753061], [11.804931, 44.5752929], [11.8049862, 44.5753805], [11.8064493, 44.5754357], [11.8065045, 44.5755233], [11.8072084, 44.575507], [11.8072636, 44.5755946], [11.8079675, 44.5755784], [11.8080227, 44.575666], [11.8088525, 44.5756466], [11.8088957, 44.5757319], [11.8094858, 44.575721], [11.809541, 44.5758086], [11.8103708, 44.5757893], [11.810414, 44.5758746], [11.8110041, 44.5758637], [11.8110593, 44.5759513], [11.8125224, 44.5760063], [11.8125776, 44.5760939], [11.8134073, 44.5760746], [11.8134506, 44.5761599], [11.8140407, 44.576149], [11.8140959, 44.5762366], [11.8147998, 44.5762203], [11.814832, 44.5763017], [11.8150558, 44.576304], [11.8151859, 44.5763908], [11.8151948, 44.5765682], [11.8149823, 44.5765791], [11.8149445, 44.5766666], [11.8113539, 44.5767103], [11.8088462, 44.5768169], [11.8087845, 44.5769084], [11.8063344, 44.5769687], [11.8062756, 44.57706], [11.8056858, 44.5770781], [11.8056481, 44.5771656], [11.7968479, 44.5773816], [11.7968018, 44.5772962], [11.7964633, 44.5773008], [11.7963332, 44.577214], [11.7961864, 44.5768855], [11.7960643, 44.5768605]]]}}, {"type": "Feature", "properties": {"flooded": true, "source": "satellite", "area_m2": 46609.1}, "geometry": {"type": "Polygon", "coordinates": [[[11.8104203, 44.5506709], [11.8104116, 44.5504914], [11.8106239, 44.5504826], [11.8106588, 44.5503953], [11.8109968, 44.5503834], [11.8110317, 44.5502961], [11.8114838, 44.5502839], [11.8115304, 44.5501938], [11.8118683, 44.5501818], [11.8119033, 44.5500946], [11.81228, 44.5500853], [11.8122967, 44.550327], [11.8124187, 44.5503519], [11.8124401, 44.5507651], [11.8125661, 44.5507984], [11.812589, 44.5510477], [11.8127049, 44.5510651], [11.8127216, 44.5513068], [11.8128436, 44.5513317], [11.8128607, 44.551655], [11.8129867, 44.5516883], [11.8130038, 44.5520116], [11.8131298, 44.5520449], [11.8132859, 44.5526708], [11.8128338, 44.552683], [11.8127872, 44.5527731], [11.8122094, 44.5527884], [11.8121628, 44.5528785], [11.8114116, 44.5528972], [11.8111486, 44.5527235], [11.8111316, 44.5524002], [11.8110056, 44.5523669], [11.8109845, 44.5520353], [11.8108625, 44.5520103], [11.8108411, 44.5515972], [11.8107151, 44.5515638], [11.810694, 44.5512322], [11.810572, 44.5512073], [11.8105463, 44.5507042], [11.8104203, 44.5506709]]]}}, {"type": "Feature", "properties": {"flooded": true, "source": "satellite", "area_m2": 126188.3}, "geometry": {"type": "Polygon", "coordinates": [[[11.8065105, 44.5400541], [11.8064846, 44.539515], [11.806606, 44.539422], [11.8070696, 44.539407], [11.8071046, 44.5393197], [11.8076823, 44.5393045], [11.8077317, 44.5392141], [11.8084323, 44.539196], [11.8084789, 44.5391059], [11.8090682, 44.5390877], [11.8091032, 44.5390005], [11.8096808, 44.5389852], [11.8097274, 44.5388951], [11.8101794, 44.5388829], [11.810226, 44.5387928], [11.810678, 44.5387806], [11.8107246, 44.5386905], [11.8108497, 44.5386874], [11.8109798, 44.5387742], [11.8109968, 44.5390975], [11.8111228, 44.5391308], [11.8111399, 44.539454], [11.8112659, 44.5394874], [11.8112826, 44.539729], [11.8114046, 44.539754], [11.8114256, 44.5400856], [11.8115476, 44.5401106], [11.8115705, 44.5403599], [11.8116863, 44.5403773], [11.8118504, 44.5410654], [11.8119724, 44.5410904], [11.8119991, 44.5412564], [11.8121068, 44.5412671], [11.8121198, 44.5415365], [11.8115421, 44.5415518], [11.8114955, 44.5416419], [11.8110318, 44.541657], [11.8109969, 44.5417442], [11.8107648, 44.5417633], [11.8107498, 44.5418403], [11.8101604, 44.5418585], [11.8101255, 44.5419457], [11.8098934, 44.5419648], [11.8098784, 44.5420418], [11.8086763, 44.5421625], [11.8086297, 44.5422526], [11.8082811, 44.542269], [11.8082569, 44.5423518], [11.8079189, 44.5423638], [11.807884, 44.542451], [11.8073816, 44.5424634], [11.8072516, 44.5423766], [11.8072172, 44.5416936], [11.8070913, 44.5416603], [11.8070702, 44.5413287], [11.8069482, 44.5413037], [11.8067795, 44.5404441], [11.8066535, 44.5404107], [11.8066325, 44.5400791], [11.8065105, 44.5400541]]]}}, {"type": "Feature", "properties": {"flooded": true, "source": "satellite", "area_m2": 47293.7}, "geometry": {"type": "Polygon", "coordinates": [[[11.8049263, 44.5516162], [11.8050434, 44.5514337], [11.8053814, 44.5514218], [11.8054163, 44.5513345], [11.8057543, 44.5513226], [11.8057893, 44.5512353], [11.8062413, 44.5512231], [11.8062879, 44.551133], [11.80674, 44.5511209], [11.8067866, 44.5510308], [11.8071246, 44.5510188], [11.8071595, 44.5509316], [11.8081102, 44.5508171], [11.8081568, 44.550727], [11.8086089, 44.5507148], [11.8086555, 44.5506247], [11.8090042, 44.5506083], [11.8090284, 44.5505255], [11.8096566, 44.55051], [11.809812, 44.5510183], [11.8099341, 44.5510433], [11.8099551, 44.5513749], [11.8100771, 44.5513999], [11.8101, 44.5516492], [11.8102159, 44.5516666], [11.8103719, 44.5522925], [11.8102505, 44.5523855], [11.8098766, 44.5523949], [11.8098186, 44.5523072], [11.8093665, 44.5523172], [11.8093343, 44.5522358], [11.8089849, 44.5522366], [11.8089625, 44.5521605], [11.8087291, 44.5521529], [11.8086858, 44.5520675], [11.8082217, 44.5520753], [11.8080365, 44.5519009], [11.8065783, 44.5519357], [11.8065351, 44.5518504], [11.8061968, 44.5518551], [11.8061646, 44.5517736], [11.8058152, 44.5517744], [11.80576, 44.5516868], [11.8051821, 44.5517], [11.8051389, 44.5516146], [11.8049263, 44.5516162]]]}}, {"type": "Feature", "properties": {"flooded": true, "source": "satellite", "area_m2": 166376.5}, "geometry": {"type": "Polygon", "coordinates": [[[11.7972952, 44.4685304], [11.7972823, 44.468261], [11.7974036, 44.468168], [11.7976542, 44.4681618], [11.7978162, 44.4683301], [11.7980395, 44.4683325], [11.7983314, 44.4685876], [11.7986803, 44.4685868], [11.7990699, 44.4688473], [11.7990884, 44.4690067], [11.799366, 44.4691924], [11.7995228, 44.4692409], [11.7999661, 44.4691855], [11.800096, 44.4692723], [11.8001226, 44.4694383], [11.8006112, 44.4695297], [11.8008709, 44.4697034], [11.8008894, 44.4698628], [11.8013948, 44.4701407], [11.8014133, 44.4703001], [11.8016588, 44.4704043], [11.8016816, 44.4706536], [11.8023168, 44.4710183], [11.8023435, 44.4711843], [11.8025766, 44.471192], [11.8025889, 44.4713437], [11.8027108, 44.4713687], [11.8027231, 44.4715205], [11.802845, 44.4715455], [11.8029977, 44.4718816], [11.8033731, 44.4720727], [11.803396, 44.472322], [11.8040312, 44.4726867], [11.8040479, 44.4729284], [11.8041701, 44.4729554], [11.8041264, 44.4732005], [11.8042148, 44.4733046], [11.8044381, 44.4733069], [11.804568, 44.4733937], [11.8045766, 44.4735731], [11.8044553, 44.4736661], [11.8040748, 44.4735855], [11.8041261, 44.4733549], [11.8040265, 44.4732771], [11.8035982, 44.4733307], [11.8035633, 44.473418], [11.803324, 44.4734441], [11.8033208, 44.473604], [11.8029833, 44.4736159], [11.8027208, 44.4738122], [11.8027144, 44.474069], [11.8019867, 44.474627], [11.8017748, 44.4746359], [11.8017399, 44.4747231], [11.8012704, 44.4748324], [11.8011249, 44.4750083], [11.800893, 44.4750274], [11.8007567, 44.4751974], [11.8002549, 44.4752097], [11.800125, 44.4751228], [11.7999785, 44.4747943], [11.7998567, 44.4747693], [11.7998443, 44.4746176], [11.7997225, 44.4745926], [11.7997101, 44.4744408], [11.7994584, 44.474329], [11.7993119, 44.4740005], [11.79919, 44.4739755], [11.7991777, 44.4738237], [11.7990558, 44.4737987], [11.7990435, 44.4736469], [11.7989216, 44.4736219], [11.798905, 44.4733803], [11.7987832, 44.4733553], [11.7987565, 44.4731892], [11.798649, 44.4731785], [11.7986361, 44.4729091], [11.7988787, 44.4727231], [11.7990906, 44.4727143], [11.7991255, 44.4726271], [11.7993375, 44.4726182], [11.7993724, 44.472531], [11.7995843, 44.4725221], [11.7996192, 44.4724349], [11.8000887, 44.4723256], [11.8003555, 44.4720567], [11.8005873, 44.4720377], [11.8005943, 44.4718984], [11.8004725, 44.4718734], [11.8004555, 44.4715501], [11.8001998, 44.47143], [11.8001731, 44.471264], [11.7999357, 44.4711664], [11.7999172, 44.471007], [11.7996717, 44.4709028], [11.7996532, 44.4707434], [11.7994076, 44.4706392], [11.7993891, 44.4704798], [11.7991435, 44.4703756], [11.799125, 44.4702162], [11.7988795, 44.470112], [11.798861, 44.4699526], [11.7986154, 44.4698484], [11.7985969, 44.469689], [11.7980916, 44.4694111], [11.7980731, 44.4692517], [11.7978276, 44.4691475], [11.7976749, 44.4688113], [11.7974294, 44.4687071], [11.7974171, 44.4685554], [11.7972952, 44.4685304]], [[11.802805, 44.473229], [11.8030496, 44.4732507], [11.8030747, 44.473327], [11.8032537, 44.4733806], [11.8034222, 44.4733116], [11.8034256, 44.4731877], [11.8030486, 44.4731605], [11.8030938, 44.4729158], [11.8028232, 44.4728996], [11.802805, 44.473229]]]}}, {"type": "Feature", "properties": {"flooded": true, "source": "satellite", "area_m2": 76821.4}, "geometry": {"type": "Polygon", "coordinates": [[[11.8043943, 44.543167], [11.8043857, 44.5429876], [11.8045979, 44.5429787], [11.8046329, 44.5428915], [11.8050965, 44.5428764], [11.8051315, 44.5427892], [11.8054694, 44.5427772], [11.8055043, 44.54269], [11.8062078, 44.5426716], [11.8062544, 44.5425815], [11.8065053, 44.5425754], [11.806522, 44.542817], [11.806644, 44.542842], [11.8066654, 44.5432552], [11.8067914, 44.5432885], [11.8068084, 44.5436118], [11.8069344, 44.5436451], [11.8069514, 44.5439683], [11.8070774, 44.5440017], [11.8070945, 44.5443249], [11.8072205, 44.5443583], [11.8072418, 44.5447714], [11.8073678, 44.5448048], [11.8073907, 44.5450541], [11.8075069, 44.5450734], [11.8075152, 44.5452509], [11.8073937, 44.5453439], [11.8071616, 44.545363], [11.8071509, 44.5455299], [11.8070284, 44.5455693], [11.8070438, 44.5456928], [11.8071596, 44.5457101], [11.8071849, 44.5461316], [11.8073069, 44.5461566], [11.8073298, 44.5464059], [11.8074457, 44.5464233], [11.8074675, 44.5468705], [11.8073534, 44.5468955], [11.8073502, 44.5470554], [11.8071074, 44.5472414], [11.8068564, 44.5472476], [11.8068379, 44.5470882], [11.806415, 44.5468555], [11.8062292, 44.5469163], [11.80609, 44.5470866], [11.8055904, 44.5470987], [11.8053303, 44.546925], [11.805326, 44.5468355], [11.8054485, 44.5467961], [11.8054233, 44.5462478], [11.8051656, 44.5461189], [11.805157, 44.5459394], [11.8053998, 44.5457534], [11.8059999, 44.5457309], [11.8061435, 44.5456171], [11.8061415, 44.5455011], [11.805764, 44.545474], [11.8057374, 44.545308], [11.8055039, 44.5453003], [11.8052438, 44.5451267], [11.8052271, 44.544885], [11.8051051, 44.54486], [11.8050881, 44.5445367], [11.8049621, 44.5445034], [11.8049408, 44.5440902], [11.8048148, 44.5440569], [11.8047919, 44.5438076], [11.8046761, 44.5437902], [11.8046547, 44.5433771], [11.8045287, 44.5433437], [11.804502, 44.5431777], [11.8043943, 44.543167]]]}}, {"type": "Feature", "properties": {"flooded": true, "source": "satellite", "area_m2": 545425.0}, "geometry": {"type": "Polygon", "coordinates": [[[11.7876427, 44.537636], [11.7876271, 44.5373665], [11.7877485, 44.5372735], [11.7879713, 44.5372603], [11.7879956, 44.5371774], [11.7882185, 44.5371642], [11.7882428, 44.5370814], [11.7884656, 44.5370681], [11.7884899, 44.5369853], [11.7887128, 44.5369721], [11.7887371, 44.5368892], [11.789075, 44.5368774], [11.7891099, 44.5367901], [11.7893221, 44.5367813], [11.7893571, 44.536694], [11.7898271, 44.5365847], [11.7898514, 44.5365019], [11.7900994, 44.5364956], [11.7903623, 44.5366695], [11.7903832, 44.5370011], [11.7905052, 44.5370261], [11.7905175, 44.5371778], [11.7906395, 44.5372028], [11.7906518, 44.5373546], [11.7907738, 44.5373796], [11.7907861, 44.5375314], [11.7909403, 44.5376378], [11.7910973, 44.5376864], [11.7913766, 44.5376313], [11.7916544, 44.5373581], [11.7918773, 44.5373448], [11.7923797, 44.53696], [11.7923829, 44.5368001], [11.7927396, 44.5365911], [11.7927429, 44.5364312], [11.7929879, 44.5363972], [11.7929691, 44.5360031], [11.7927171, 44.5358913], [11.7928059, 44.5351241], [11.7926783, 44.535082], [11.7926612, 44.5347227], [11.7927805, 44.5346918], [11.792774, 44.5344499], [11.7932624, 44.5340776], [11.7933848, 44.5340748], [11.7934522, 44.534163], [11.7936125, 44.5341515], [11.7936368, 44.5340687], [11.794262, 44.5340532], [11.794308, 44.5341386], [11.7946462, 44.534134], [11.7949286, 44.5343838], [11.795162, 44.5343914], [11.7959645, 44.5349886], [11.7961978, 44.5349962], [11.796253, 44.5350838], [11.7964255, 44.5350729], [11.7964498, 44.53499], [11.7967877, 44.5349781], [11.7968227, 44.5348909], [11.7971605, 44.534879], [11.7971955, 44.5347917], [11.7975721, 44.5347825], [11.7977021, 44.5348693], [11.7977148, 44.5351027], [11.7978407, 44.535136], [11.7978531, 44.5352878], [11.7979751, 44.5353128], [11.7979874, 44.5354645], [11.7981094, 44.5354895], [11.7981218, 44.5356413], [11.7982437, 44.5356663], [11.7982604, 44.535908], [11.7985124, 44.5360198], [11.7986653, 44.5363559], [11.7989663, 44.5365477], [11.7994937, 44.5365348], [11.7995403, 44.5364447], [11.7997883, 44.5364384], [11.7998344, 44.5365239], [11.8001726, 44.5365192], [11.8002048, 44.5366007], [11.8003658, 44.5366043], [11.8004246, 44.536513], [11.8008766, 44.5365009], [11.8009232, 44.5364108], [11.8011553, 44.5363917], [11.8011703, 44.5363147], [11.801881, 44.5362036], [11.801916, 44.5361163], [11.8028781, 44.535999], [11.8029131, 44.5359118], [11.803383, 44.5358024], [11.8036501, 44.5355336], [11.803901, 44.5355274], [11.804031, 44.5356142], [11.804048, 44.5359375], [11.8041744, 44.5359728], [11.8041869, 44.5362402], [11.803936, 44.5362464], [11.803915, 44.5359148], [11.8036861, 44.5359058], [11.8035486, 44.5360222], [11.8035627, 44.5363456], [11.8033349, 44.5364546], [11.8033242, 44.5366215], [11.8032017, 44.5366609], [11.803217, 44.5367844], [11.8033328, 44.5368017], [11.8033541, 44.5372149], [11.8034805, 44.5372502], [11.8034931, 44.5375176], [11.8032484, 44.5376588], [11.8032716, 44.5381172], [11.8033976, 44.5381505], [11.8034189, 44.5385637], [11.8035449, 44.538597], [11.8035662, 44.5390102], [11.8036926, 44.5390455], [11.8037095, 44.5394028], [11.8035881, 44.5394958], [11.8030104, 44.5395111], [11.802961, 44.5396014], [11.80221, 44.5396197], [11.8021976, 44.5394679], [11.8020756, 44.5394429], [11.8020543, 44.5390297], [11.8019283, 44.5389964], [11.8019113, 44.5386732], [11.8017853, 44.5386398], [11.8017687, 44.5383981], [11.8016034, 44.5382878], [11.8014413, 44.5382892], [11.8011594, 44.5384953], [11.8011543, 44.5386105], [11.8012819, 44.5386526], [11.8013029, 44.5389842], [11.8014249, 44.5390092], [11.8015894, 44.539815], [11.8011375, 44.5398271], [11.8010908, 44.5399172], [11.8005131, 44.5399325], [11.8004665, 44.5400226], [11.7998888, 44.5400378], [11.7998422, 44.5401279], [11.7991388, 44.5401462], [11.7990922, 44.5402363], [11.7988413, 44.5402425], [11.7987112, 44.5401556], [11.7986927, 44.5399963], [11.7985769, 44.5399789], [11.7985599, 44.5396556], [11.7984339, 44.5396223], [11.7984154, 44.5394629], [11.7982564, 44.5393602], [11.7979685, 44.5393647], [11.7976779, 44.5395872], [11.7976914, 44.539793], [11.7978134, 44.539818], [11.7978392, 44.5403571], [11.797627, 44.5403659], [11.7975921, 44.5404532], [11.7968383, 44.5404716], [11.7968259, 44.5403199], [11.7967039, 44.5402949], [11.7966827, 44.5398817], [11.7965567, 44.5398484], [11.7965354, 44.5394352], [11.7964094, 44.5394018], [11.7963924, 44.5390786], [11.7962665, 44.5390453], [11.7962452, 44.5386321], [11.7961192, 44.5385987], [11.7961026, 44.5383571], [11.7959373, 44.5382467], [11.7956495, 44.5382512], [11.7954803, 44.5383807], [11.7954968, 44.5387492], [11.7956244, 44.5387913], [11.79565, 44.5392944], [11.7957759, 44.5393277], [11.7958012, 44.5397493], [11.7959232, 44.5397743], [11.7959445, 44.5401874], [11.7960705, 44.5402208], [11.796092, 44.54067], [11.7959706, 44.540763], [11.7957477, 44.5407762], [11.7957234, 44.5408591], [11.7951457, 44.5408743], [11.7950991, 44.5409644], [11.7947505, 44.5409807], [11.7947262, 44.5410635], [11.7941485, 44.5410787], [11.7940991, 44.5411691], [11.7933984, 44.5411871], [11.7933518, 44.5412772], [11.7927741, 44.5412924], [11.7927246, 44.5413828], [11.7924722, 44.5412987], [11.7924599, 44.541147], [11.7923379, 44.541122], [11.792321, 44.5407987], [11.792195, 44.5407654], [11.7921737, 44.5403522], [11.7920477, 44.5403189], [11.7920265, 44.5399057], [11.7919005, 44.5398723], [11.7918739, 44.5397063], [11.7915651, 44.5397016], [11.7915185, 44.5397917], [11.7911806, 44.5398036], [11.7910242, 44.5399838], [11.7906979, 44.5399928], [11.7906513, 44.5400829], [11.7904192, 44.540102], [11.7904041, 44.540179], [11.7897804, 44.5402843], [11.7893903, 44.5400237], [11.7893637, 44.5398577], [11.789126, 44.5397601], [11.7889731, 44.539424], [11.7887273, 44.5393198], [11.7885807, 44.5389912], [11.7884587, 44.5389662], [11.7884544, 44.5388767], [11.7886972, 44.5386907], [11.7889094, 44.5386819], [11.7890583, 44.5385717], [11.7890529, 44.5382319], [11.7891593, 44.5382159], [11.7891701, 44.538049], [11.7892894, 44.5380181], [11.7892872, 44.5378661], [11.7897654, 44.5375641], [11.7897462, 44.5373277], [11.7895954, 44.5372316], [11.7893075, 44.5372361], [11.7892609, 44.5373262], [11.7889123, 44.5373425], [11.788888, 44.5374253], [11.7885501, 44.5374372], [11.7885151, 44.5375244], [11.788283, 44.5375435], [11.788268, 44.5376205], [11.7876427, 44.537636]], [[11.7941257, 44.5355903], [11.7938555, 44.5357936], [11.793856, 44.5359258], [11.7941037, 44.5359478], [11.794116, 44.5360995], [11.7942702, 44.536206], [11.7946948, 44.5362023], [11.7948553, 44.5360892], [11.7948505, 44.535867], [11.7947285, 44.535842], [11.7947162, 44.5356903], [11.7945621, 44.5355838], [11.7941257, 44.5355903]]]}}, {"type": "Feature", "properties": {"flooded": true, "source": "satellite", "area_m2": 23342.8}, "geometry": {"type": "Polygon", "coordinates": [[[11.8015284, 44.5437775], [11.8013941, 44.5436012], [11.8016169, 44.5435879], [11.8017626, 44.5434121], [11.8023404, 44.5433968], [11.802387, 44.5433067], [11.8029647, 44.5432915], [11.8030113, 44.5432014], [11.8033493, 44.5431894], [11.8033842, 44.5431022], [11.8038866, 44.5430898], [11.8040166, 44.5431767], [11.804038, 44.5435898], [11.804164, 44.5436232], [11.804181, 44.5439464], [11.804307, 44.5439798], [11.804324, 44.544303], [11.80445, 44.5443363], [11.8044672, 44.5446956], [11.8043458, 44.5447886], [11.8040949, 44.5447948], [11.8040517, 44.5447095], [11.8035877, 44.5447172], [11.8035444, 44.5446319], [11.8033319, 44.5446335], [11.8028117, 44.5442862], [11.8027993, 44.5441344], [11.8026773, 44.5441094], [11.8026606, 44.5438677], [11.8025064, 44.5437613], [11.8015284, 44.5437775]]]}}, {"type": "Feature", "properties": {"flooded": true, "source": "satellite", "area_m2": 137143.8}, "geometry": {"type": "Polygon", "coordinates": [[[11.779969, 44.5483559], [11.7798304, 44.5480895], [11.7801948, 44.5478106], [11.7805715, 44.5478014], [11.7807015, 44.5478883], [11.7807243, 44.5481376], [11.7808833, 44.5482403], [11.7810455, 44.5482389], [11.7812061, 44.5481259], [11.7812093, 44.5479659], [11.7813308, 44.5478729], [11.781543, 44.5478641], [11.781578, 44.5477769], [11.7817902, 44.5477681], [11.7818252, 44.5476808], [11.7820374, 44.547672], [11.7821949, 44.5475454], [11.7821445, 44.5470503], [11.7819209, 44.5470479], [11.7818535, 44.5469598], [11.7815781, 44.5469699], [11.7815431, 44.5470572], [11.7810407, 44.5470694], [11.7810284, 44.5469176], [11.7809064, 44.5468926], [11.7807649, 44.5439277], [11.7810058, 44.5438018], [11.7809953, 44.5435059], [11.7808693, 44.5434726], [11.7808608, 44.5432931], [11.7811037, 44.5431072], [11.7814803, 44.543098], [11.7816104, 44.5431848], [11.7817787, 44.5440446], [11.7819047, 44.5440779], [11.7819259, 44.5444911], [11.7820518, 44.5445245], [11.78208, 44.5451087], [11.7822076, 44.5451508], [11.7822331, 44.5456539], [11.782359, 44.5456873], [11.7823759, 44.5460105], [11.7825019, 44.5460439], [11.7825185, 44.5462856], [11.7826405, 44.5463106], [11.7826886, 44.5469262], [11.7831231, 44.5469279], [11.7831698, 44.5468378], [11.7836218, 44.5468258], [11.7836685, 44.5467357], [11.7837936, 44.5467326], [11.7839237, 44.5468195], [11.7839464, 44.5470688], [11.7842244, 44.5472545], [11.7843855, 44.5472581], [11.7844443, 44.5471668], [11.7846672, 44.5471536], [11.7846915, 44.5470708], [11.7850526, 44.5470928], [11.7850559, 44.5467918], [11.7852988, 44.5466059], [11.7861158, 44.5465857], [11.7861747, 44.5464944], [11.7868, 44.546479], [11.7868152, 44.5466309], [11.7869372, 44.5466559], [11.7869627, 44.547159], [11.787089, 44.5471943], [11.7870972, 44.5473718], [11.7869833, 44.5473948], [11.7869782, 44.5475099], [11.7871059, 44.547552], [11.7871273, 44.5480012], [11.7870059, 44.5480942], [11.7866679, 44.5481061], [11.7866329, 44.5481933], [11.7860551, 44.5482085], [11.7860085, 44.5482986], [11.7856705, 44.5483105], [11.7856355, 44.5483977], [11.7854034, 44.5484168], [11.7853883, 44.5484938], [11.7849246, 44.5485087], [11.7848897, 44.548596], [11.7841861, 44.5486142], [11.7841395, 44.5487043], [11.7834359, 44.5487225], [11.7833865, 44.5488129], [11.782057, 44.5488462], [11.7820104, 44.5489363], [11.7816617, 44.5489526], [11.7816374, 44.5490354], [11.7810092, 44.5490507], [11.780457, 44.5486218], [11.7801076, 44.5486225], [11.780091, 44.5483809], [11.779969, 44.5483559]]]}}, {"type": "Feature", "properties": {"flooded": true, "source": "satellite", "area_m2": 6629.4}, "geometry": {"type": "Polygon", "coordinates": [[[11.7838669, 44.5403387], [11.7838498, 44.5399794], [11.7840926, 44.5397934], [11.7843322, 44.5397674], [11.7843318, 44.5396351], [11.7842098, 44.5396101], [11.7841969, 44.5393407], [11.7845692, 44.5392416], [11.7846993, 44.5393285], [11.7848636, 44.5401343], [11.7847421, 44.5402273], [11.7845193, 44.5402405], [11.784495, 44.5403233], [11.7842721, 44.5403366], [11.7842478, 44.5404194], [11.7839969, 44.5404255], [11.7838669, 44.5403387]]]}}, {"type": "Feature", "properties": {"flooded": true, "source": "satellite", "area_m2": 49646.2}, "geometry": {"type": "Polygon", "coordinates": [[[11.778635, 44.5388457], [11.7786264, 44.5386663], [11.7788693, 44.5384803], [11.7792073, 44.5384685], [11.7792422, 44.5383812], [11.7802475, 44.5383567], [11.7803775, 44.5384436], [11.7803959, 44.538603], [11.7805118, 44.5386204], [11.7804197, 44.5392248], [11.7805849, 44.5393351], [11.7807975, 44.5393336], [11.7808098, 44.5394854], [11.7810618, 44.5395972], [11.7810884, 44.5397632], [11.7814195, 44.5397608], [11.7814352, 44.5394981], [11.7816474, 44.5394893], [11.7816824, 44.5394021], [11.7819333, 44.5393959], [11.7819884, 44.5394836], [11.7825662, 44.5394705], [11.7828262, 44.5396442], [11.7828447, 44.5398036], [11.7829605, 44.539821], [11.7829833, 44.5400703], [11.7832291, 44.5401746], [11.7832463, 44.5405339], [11.7831248, 44.5406268], [11.782902, 44.5406401], [11.7828777, 44.5407229], [11.7826548, 44.5407361], [11.7826305, 44.5408189], [11.7814241, 44.5408494], [11.7813775, 44.5409395], [11.7810289, 44.5409558], [11.7810046, 44.5410386], [11.7806237, 44.5409579], [11.7805805, 44.5408725], [11.7803679, 44.5408741], [11.7803128, 44.5407865], [11.7801402, 44.5407974], [11.7799945, 44.5409732], [11.7798693, 44.5409763], [11.7798607, 44.5407968], [11.7800836, 44.5407836], [11.7801039, 44.5406469], [11.7798479, 44.5405267], [11.7798313, 44.540285], [11.7797093, 44.54026], [11.7796827, 44.5400939], [11.779575, 44.5400832], [11.7795536, 44.539634], [11.7802887, 44.5396027], [11.7802911, 44.5392919], [11.7801647, 44.5392566], [11.7802179, 44.5391094], [11.7800891, 44.5389906], [11.779574, 44.539004], [11.7795274, 44.5390941], [11.7788993, 44.5391094], [11.7787693, 44.5390225], [11.7787508, 44.5388631], [11.778635, 44.5388457]]]}}, {"type": "Feature", "properties": {"flooded": true, "source": "satellite", "area_m2": 12196.6}, "geometry": {"type": "Polygon", "coordinates": [[[11.7780716, 44.5455213], [11.7780673, 44.5454317], [11.7783027, 44.5453158], [11.7783017, 44.5450659], [11.778421, 44.545035], [11.7784189, 44.544883], [11.7786542, 44.5447671], [11.7786575, 44.5446072], [11.7794071, 44.5444989], [11.7794194, 44.5446506], [11.7795414, 44.5446757], [11.7795754, 44.5453586], [11.7797014, 44.545392], [11.7797241, 44.5456413], [11.77984, 44.5456587], [11.7798485, 44.5458381], [11.7797271, 44.5459311], [11.7794761, 44.5459372], [11.779184, 44.545682], [11.7789603, 44.5456797], [11.7789128, 44.5455044], [11.7780716, 44.5455213]]]}}, {"type": "Feature", "properties": {"flooded": true, "source": "satellite", "area_m2": 412721.7}, "geometry": {"type": "Polygon", "coordinates": [[[11.7596486, 44.5738758], [11.7594529, 44.5697398], [11.7605887, 44.5698024], [11.7606438, 44.56989], [11.7612219, 44.5698771], [11.7612771, 44.5699647], [11.7618552, 44.5699518], [11.7619103, 44.5700394], [11.7626142, 44.5700235], [11.7626693, 44.5701111], [11.7633732, 44.5700951], [11.7634053, 44.5701766], [11.7637549, 44.5701759], [11.7637981, 44.5702612], [11.7641365, 44.5702567], [11.7641533, 44.5705799], [11.7642793, 44.5706133], [11.7643059, 44.5707793], [11.7645759, 44.5709584], [11.7649254, 44.5709578], [11.7649477, 44.5710339], [11.7651812, 44.5710416], [11.7652363, 44.5711292], [11.7661372, 44.5710174], [11.7661839, 44.5709273], [11.7668877, 44.5709091], [11.7669372, 44.5708188], [11.7678144, 44.5707977], [11.7678508, 44.5709691], [11.7681337, 44.5710146], [11.7684519, 44.5709623], [11.7685194, 44.5710505], [11.7686797, 44.571039], [11.7686998, 44.5708663], [11.768825, 44.5708632], [11.769002, 44.5709918], [11.7694583, 44.5709379], [11.7695057, 44.5711575], [11.7698442, 44.5711086], [11.7698874, 44.5711939], [11.7701001, 44.5711924], [11.7703602, 44.5713661], [11.7703725, 44.5715179], [11.7705378, 44.5716282], [11.771322, 44.5716576], [11.7714361, 44.5714792], [11.7713671, 44.5713417], [11.7714924, 44.5713386], [11.7714367, 44.5714792], [11.7715151, 44.5715879], [11.7717111, 44.5716469], [11.7717402, 44.5712426], [11.7719526, 44.5712338], [11.7719876, 44.5711465], [11.7724902, 44.5711343], [11.7727503, 44.5713081], [11.7727669, 44.5715497], [11.7729211, 44.5716562], [11.7730621, 44.571648], [11.773011, 44.5714818], [11.7731363, 44.5714787], [11.773093, 44.5716408], [11.7733964, 44.5716525], [11.7734396, 44.5717822], [11.7737781, 44.5717332], [11.7739633, 44.5719077], [11.7746672, 44.5718916], [11.7746857, 44.572051], [11.7749274, 44.5720654], [11.7749316, 44.5721549], [11.7745736, 44.572177], [11.7745671, 44.5724338], [11.7736899, 44.5724553], [11.773631, 44.5721001], [11.7734464, 44.5721088], [11.7734192, 44.5721918], [11.773171, 44.5721977], [11.7731036, 44.5721095], [11.7729432, 44.572121], [11.7729189, 44.5722038], [11.7727023, 44.5721683], [11.7726801, 44.5724797], [11.7725607, 44.5725106], [11.7725628, 44.5726626], [11.7724376, 44.5726656], [11.7722401, 44.5724906], [11.771564, 44.572617], [11.7715607, 44.5727769], [11.7714381, 44.5728164], [11.7714606, 44.5733195], [11.7713391, 44.5734125], [11.7709656, 44.5734051], [11.7709759, 44.5734915], [11.7710917, 44.5735089], [11.7711003, 44.5736884], [11.7705976, 44.5737006], [11.7705544, 44.5736152], [11.7702547, 44.5736225], [11.7701593, 44.573752], [11.7702282, 44.5738896], [11.7696541, 44.5738589], [11.7694777, 44.5739978], [11.7692454, 44.5740168], [11.7691722, 44.5741511], [11.7693604, 44.5741811], [11.7693647, 44.5742706], [11.768862, 44.5742828], [11.7688299, 44.5742014], [11.7686449, 44.5742017], [11.7686156, 44.5744691], [11.7684932, 44.5744718], [11.7684568, 44.5743005], [11.7681459, 44.5743038], [11.7677463, 44.57467], [11.7675233, 44.5746832], [11.7673774, 44.574859], [11.766422, 44.5748832], [11.7663753, 44.5749733], [11.766143, 44.5749923], [11.7661279, 44.5750693], [11.7659049, 44.5750825], [11.7658806, 44.5751654], [11.7657553, 44.5751684], [11.7657002, 44.5750808], [11.7651221, 44.5750937], [11.7651095, 44.5748604], [11.7649611, 44.5747509], [11.7645264, 44.5747491], [11.7644882, 44.575019], [11.7641236, 44.575298], [11.7636209, 44.5753101], [11.7634685, 44.5751471], [11.763235, 44.5751394], [11.7628225, 44.5748027], [11.7625889, 44.574795], [11.7625457, 44.5747096], [11.7615191, 44.5746862], [11.7612008, 44.5747385], [11.7611576, 44.5746532], [11.7608191, 44.5746577], [11.7607759, 44.5745724], [11.7605633, 44.5745739], [11.760551, 44.5744221], [11.7604066, 44.574321], [11.7601731, 44.5743133], [11.7602288, 44.5741727], [11.7601423, 44.5740573], [11.7599087, 44.5740496], [11.7596486, 44.5738758]], [[11.7745314, 44.5720438], [11.7743848, 44.572156], [11.7745355, 44.5721515], [11.7745314, 44.5720438]], [[11.7717322, 44.5717437], [11.7716398, 44.571785], [11.7716827, 44.5718705], [11.7718258, 44.5718442], [11.7717322, 44.5717437]], [[11.7696471, 44.5720334], [11.769665, 44.5726069], [11.769791, 44.5726403], [11.7698274, 44.5728116], [11.770504, 44.5728019], [11.7706646, 44.5726889], [11.7707193, 44.572298], [11.7706144, 44.5719975], [11.7703906, 44.5719951], [11.7703355, 44.5719075], [11.7699219, 44.5719201], [11.7698869, 44.5720074], [11.7696471, 44.5720334]], [[11.7690021, 44.5742207], [11.7691488, 44.5741084], [11.7689981, 44.5741129], [11.7690021, 44.5742207]], [[11.7671388, 44.5724793], [11.7672252, 44.5729724], [11.767343, 44.5730587], [11.7679023, 44.5730328], [11.7681615, 44.5728234], [11.768121, 44.5723337], [11.7677617, 44.572329], [11.7677296, 44.5722475], [11.7675685, 44.5722439], [11.7675095, 44.5723351], [11.7672773, 44.5723541], [11.7671388, 44.5724793]], [[11.7660424, 44.5721917], [11.7658731, 44.5723212], [11.7659012, 44.5727144], [11.7663199, 44.5728574], [11.7666223, 44.5727994], [11.7666111, 44.5721971], [11.7660424, 44.5721917]], [[11.7642324, 44.5721724], [11.7643148, 44.5726828], [11.7647087, 44.5727624], [11.7649963, 44.5725485], [11.7649861, 44.5723342], [11.7648641, 44.5723092], [11.7648518, 44.5721574], [11.7646865, 44.5720471], [11.7642324, 44.5721724]]]}}, {"type": "Feature", "properties": {"flooded": true, "source": "satellite", "area_m2": 52029.8}, "geometry": {"type": "Polygon", "coordinates": [[[11.7593763, 44.5681209], [11.7592657, 44.5657833], [11.7595087, 44.5655974], [11.7598468, 44.5655856], [11.7598818, 44.5654983], [11.7601141, 44.5654793], [11.7601291, 44.5654023], [11.761002, 44.565291], [11.7611349, 44.565378], [11.7611533, 44.5655374], [11.7613992, 44.5656417], [11.7614157, 44.5658834], [11.7615378, 44.5659084], [11.761567, 44.5664198], [11.7619492, 44.5666186], [11.7619662, 44.5669779], [11.7618436, 44.5670173], [11.761866, 44.5675205], [11.761643, 44.5675337], [11.7614971, 44.5677095], [11.7613719, 44.5677125], [11.7613168, 44.5676249], [11.761029, 44.5676344], [11.7608746, 44.5677525], [11.7608767, 44.5679045], [11.7605386, 44.5679163], [11.7605078, 44.5680935], [11.7601697, 44.5681053], [11.7601347, 44.5681925], [11.7595063, 44.5682077], [11.7593763, 44.5681209]]]}}]}