{"type": "FeatureCollection", "features": [{"type": "Feature", "properties": {"flooded": true, "source": "satellite", "area_m2": 555063.7}, "geometry": {"type": "Polygon", "coordinates": [[[11.9319562, 44.5064718], [11.9319517, 44.5063823], [11.9320708, 44.5063512], [11.9320593, 44.5060194], [11.9321784, 44.5059883], [11.9321714, 44.5057464], [11.9322851, 44.5057233], [11.9322835, 44.5054735], [11.9324058, 44.5054339], [11.9323919, 44.5052282], [11.9322699, 44.5052034], [11.9322472, 44.5047562], [11.9324922, 44.5047199], [11.9325498, 44.5045256], [11.9324806, 44.5043881], [11.9327313, 44.5043817], [11.9327636, 44.5044631], [11.9329368, 44.5044654], [11.9329831, 44.5043752], [11.9333092, 44.5043658], [11.9333555, 44.5042756], [11.9335782, 44.5042621], [11.9336023, 44.5041792], [11.93394, 44.5041669], [11.9339747, 44.5040796], [11.934438, 44.5040641], [11.9345938, 44.5038837], [11.9350526, 44.5037782], [11.9350873, 44.5036909], [11.9352993, 44.5036819], [11.9353341, 44.5035946], [11.9356717, 44.5035822], [11.9357064, 44.503495], [11.9359228, 44.5035301], [11.9359532, 44.5033986], [11.9361652, 44.5033895], [11.9361999, 44.5033022], [11.9366694, 44.5031923], [11.9366889, 44.5030195], [11.9369311, 44.5030374], [11.9369311, 44.5028333], [11.9370562, 44.50283], [11.9372455, 44.5029598], [11.9379401, 44.5028973], [11.9379446, 44.5029868], [11.9377326, 44.5029959], [11.9376979, 44.5030832], [11.9375224, 44.5031068], [11.9376018, 44.5032107], [11.9378281, 44.5031703], [11.9378506, 44.5032463], [11.9380266, 44.5033], [11.9380799, 44.5031638], [11.938205, 44.5031606], [11.9381845, 44.5034238], [11.93855, 44.5034653], [11.9385914, 44.5033307], [11.9387165, 44.5033275], [11.9390137, 44.5036721], [11.9391917, 44.5037188], [11.9392332, 44.5035842], [11.9393582, 44.503581], [11.9394884, 44.5036677], [11.9395252, 44.503839], [11.9396823, 44.5038873], [11.9398743, 44.5038378], [11.9398788, 44.5039273], [11.9396625, 44.5038921], [11.9396321, 44.5040237], [11.9394157, 44.5039885], [11.9393854, 44.5041201], [11.9391733, 44.5041291], [11.9391386, 44.5042164], [11.9386692, 44.5043263], [11.938524, 44.5045023], [11.9380546, 44.5046122], [11.9379094, 44.5047882], [11.9376775, 44.5048076], [11.9375415, 44.5049778], [11.9372039, 44.5049901], [11.937048, 44.5051705], [11.9367104, 44.5051828], [11.9365545, 44.5053633], [11.93627, 44.5053779], [11.9363123, 44.5055495], [11.936206, 44.5055657], [11.9361314, 44.5056938], [11.9363259, 44.5058197], [11.9363588, 44.5059453], [11.9365817, 44.5059031], [11.9365264, 44.5060438], [11.9366132, 44.506159], [11.9368465, 44.5061664], [11.9371068, 44.5063397], [11.9371338, 44.5065057], [11.9373671, 44.5065131], [11.9375407, 44.506685], [11.9378365, 44.5067239], [11.9381215, 44.5064936], [11.9382466, 44.5064904], [11.9384091, 44.5066585], [11.9388258, 44.5067454], [11.9388798, 44.5065641], [11.9390049, 44.5065609], [11.9393021, 44.5069056], [11.9395847, 44.5069507], [11.9399025, 44.5068979], [11.9399262, 44.5070182], [11.9401583, 44.5069813], [11.9402251, 44.5071144], [11.9403472, 44.5070344], [11.9402799, 44.5068882], [11.9408249, 44.5068615], [11.9407735, 44.5066954], [11.9410242, 44.506689], [11.9409751, 44.5068438], [11.9411589, 44.5068655], [11.9410423, 44.5070482], [11.9408196, 44.5070617], [11.9406744, 44.5072377], [11.9404623, 44.5072468], [11.9404276, 44.5073341], [11.94009, 44.5073464], [11.9400524, 44.507434], [11.9395767, 44.5073638], [11.9395617, 44.5076265], [11.9391424, 44.5076499], [11.9391938, 44.507816], [11.9389619, 44.5078354], [11.9387122, 44.5080287], [11.938709, 44.5081526], [11.938835, 44.5081857], [11.9388621, 44.5083517], [11.93923, 44.5085357], [11.9392489, 44.508695], [11.9394949, 44.5087989], [11.9395138, 44.5089583], [11.9401503, 44.5093222], [11.9401773, 44.5094882], [11.9405776, 44.5097535], [11.9407346, 44.5098019], [11.9409267, 44.5097523], [11.9409456, 44.5099117], [11.9413218, 44.5101022], [11.9413435, 44.5104338], [11.9415957, 44.5105453], [11.9416228, 44.5107113], [11.9420262, 44.5109338], [11.942242, 44.5108887], [11.9422856, 44.5110184], [11.9424979, 44.5109722], [11.9426971, 44.5149277], [11.9423594, 44.51494], [11.9422035, 44.5151205], [11.9419914, 44.5151296], [11.9419567, 44.5152169], [11.9417447, 44.515226], [11.9417099, 44.5153133], [11.9414979, 44.5153224], [11.9414632, 44.5154097], [11.9412511, 44.5154187], [11.9412164, 44.515506], [11.9409844, 44.5155254], [11.9409668, 44.5156027], [11.9405932, 44.5156121], [11.9405498, 44.5155268], [11.9403373, 44.5155287], [11.9396864, 44.5150953], [11.9396737, 44.5149436], [11.9394215, 44.5148321], [11.9394026, 44.5146727], [11.9391567, 44.5145688], [11.939144, 44.5144171], [11.939022, 44.5143923], [11.9388684, 44.5140563], [11.9386224, 44.5139524], [11.9386097, 44.5138007], [11.9383575, 44.5136892], [11.9383305, 44.5135232], [11.9379625, 44.5133392], [11.9378089, 44.5130033], [11.9375629, 44.5128994], [11.9375494, 44.5126301], [11.9376631, 44.5126069], [11.9376679, 44.5124918], [11.9375403, 44.5124499], [11.9375214, 44.5122905], [11.9372201, 44.5120991], [11.9370476, 44.5121102], [11.9370236, 44.5121931], [11.9367728, 44.5121995], [11.9363823, 44.5119395], [11.9363634, 44.5117801], [11.9359873, 44.5115896], [11.9359746, 44.5114378], [11.9357225, 44.5113263], [11.9357036, 44.511167], [11.9353274, 44.5109764], [11.9351739, 44.5106404], [11.9349279, 44.5105365], [11.934909, 44.5103772], [11.9346631, 44.5102733], [11.9346495, 44.5100039], [11.9347719, 44.5099644], [11.9347501, 44.509506], [11.9346224, 44.5094641], [11.9346178, 44.5093766], [11.9347403, 44.509335], [11.9347275, 44.5090565], [11.9345999, 44.5090145], [11.934581, 44.5088552], [11.9343976, 44.5087499], [11.9333344, 44.508867], [11.9333155, 44.5087077], [11.9329394, 44.5085171], [11.9327921, 44.5081887], [11.9326701, 44.5081639], [11.932652, 44.5078047], [11.9328747, 44.5077912], [11.9337319, 44.5071333], [11.9337422, 44.5069664], [11.9339269, 44.5069271], [11.9338588, 44.5067834], [11.9339839, 44.5067802], [11.9339493, 44.5069485], [11.9343118, 44.5070416], [11.9347264, 44.5067409], [11.9347256, 44.5066086], [11.9346036, 44.5065838], [11.9345802, 44.5063345], [11.9344052, 44.5062742], [11.9340122, 44.50633], [11.9337236, 44.5066064], [11.932895, 44.5066288], [11.9328486, 44.5067189], [11.9322713, 44.5067348], [11.9322249, 44.506825], [11.931977, 44.5068315], [11.9319697, 44.5067419], [11.932092, 44.5067023], [11.9320838, 44.5065137], [11.9319562, 44.5064718]], [[11.9398097, 44.5071834], [11.9398625, 44.5073489], [11.9400319, 44.5073313], [11.9400859, 44.5071755], [11.9398097, 44.5071834]]]}}, {"type": "Feature", "properties": {"flooded": true, "source": "satellite", "area_m2": 44957.3}, "geometry": {"type": "Polygon", "coordinates": [[[11.9401407, 44.5591056], [11.9401316, 44.5589262], [11.940238, 44.5589101], [11.9402483, 44.5587432], [11.9407332, 44.5583706], [11.9414871, 44.5583511], [11.9416498, 44.5585192], [11.9418735, 44.5585212], [11.9420472, 44.5586932], [11.9422598, 44.5586913], [11.9425429, 44.5589407], [11.9427764, 44.5589481], [11.9429501, 44.55912], [11.9431627, 44.5591182], [11.9433254, 44.5592862], [11.9438051, 44.5593717], [11.9440882, 44.559621], [11.9443217, 44.5596284], [11.9444843, 44.5597965], [11.9449641, 44.5598819], [11.945014, 44.5608705], [11.944507, 44.5607935], [11.9443443, 44.5606255], [11.9438646, 44.56054], [11.9438211, 44.5604548], [11.9436085, 44.5604566], [11.9435651, 44.5603713], [11.9433525, 44.5603732], [11.9433091, 44.5602879], [11.9430965, 44.5602898], [11.943053, 44.5602045], [11.9428404, 44.5602064], [11.9426778, 44.5600383], [11.942198, 44.5599529], [11.9421546, 44.5598676], [11.941942, 44.5598694], [11.9417794, 44.5597014], [11.9412996, 44.5596159], [11.9412562, 44.5595306], [11.9410436, 44.5595325], [11.9408908, 44.5593698], [11.9406573, 44.5593624], [11.9406138, 44.5592771], [11.9404012, 44.559279], [11.9401407, 44.5591056]]]}}, {"type": "Feature", "properties": {"flooded": true, "source": "satellite", "area_m2": 28488.2}, "geometry": {"type": "Polygon", "coordinates": [[[11.9407641, 44.516508], [11.9406203, 44.516152], [11.9407415, 44.5160588], [11.9409642, 44.5160453], [11.9409883, 44.5159624], [11.941211, 44.5159489], [11.941235, 44.5158661], [11.9415728, 44.5158537], [11.9416075, 44.5157664], [11.9418395, 44.5157471], [11.9418543, 44.51567], [11.9420664, 44.5156609], [11.9421011, 44.5155737], [11.9424775, 44.5155639], [11.9425046, 44.5157299], [11.9427379, 44.5157373], [11.9428511, 44.5179846], [11.9424746, 44.5179943], [11.9420841, 44.5177343], [11.9420714, 44.5175826], [11.9418192, 44.517471], [11.9418003, 44.5173117], [11.9414241, 44.5171211], [11.9414052, 44.5169618], [11.9411592, 44.5168579], [11.9411403, 44.5166985], [11.9407641, 44.516508]]]}}, {"type": "Feature", "properties": {"flooded": true, "source": "satellite", "area_m2": 38947.9}, "geometry": {"type": "Polygon", "coordinates": [[[11.9397198, 44.5307588], [11.9397062, 44.5304894], [11.9399183, 44.5304804], [11.9400742, 44.5302999], [11.940297, 44.5302864], [11.9404422, 44.5301104], [11.9409012, 44.5300049], [11.9409359, 44.5299176], [11.9411868, 44.5299112], [11.9415774, 44.5301712], [11.9415963, 44.5303305], [11.9418424, 44.5304344], [11.9418613, 44.5305938], [11.9421073, 44.5306976], [11.9421263, 44.530857], [11.9423723, 44.5309609], [11.9423912, 44.5311202], [11.9426373, 44.5312241], [11.94265, 44.5313759], [11.9429023, 44.5314874], [11.9430415, 44.5317535], [11.9427992, 44.5319398], [11.9425764, 44.5319533], [11.9424312, 44.5321293], [11.9422084, 44.5321428], [11.9421843, 44.5322257], [11.9414353, 44.532335], [11.9411748, 44.5321617], [11.9411478, 44.5319957], [11.9409144, 44.5319883], [11.9407842, 44.5319017], [11.9407653, 44.5317423], [11.9405192, 44.5316384], [11.9405065, 44.5314867], [11.9403844, 44.5314618], [11.9403717, 44.5313101], [11.9402497, 44.5312853], [11.940096, 44.5309493], [11.9397198, 44.5307588]]]}}, {"type": "Feature", "properties": {"flooded": true, "source": "satellite", "area_m2": 829134.2}, "geometry": {"type": "Polygon", "coordinates": [[[11.9252906, 44.521587], [11.9251515, 44.5213208], [11.9254527, 44.5212941], [11.9253893, 44.5210447], [11.9256243, 44.5209284], [11.9256271, 44.5207685], [11.9257483, 44.5206754], [11.9259647, 44.5207105], [11.9261163, 44.5204859], [11.9263284, 44.5204768], [11.9264695, 44.5203734], [11.9264753, 44.5201166], [11.9266874, 44.5201075], [11.9267221, 44.5200202], [11.9270599, 44.5200079], [11.9272158, 44.5198275], [11.9274279, 44.5198184], [11.9274626, 44.5197312], [11.9277969, 44.5197655], [11.9280624, 44.519708], [11.9280864, 44.5196251], [11.9283092, 44.5196116], [11.9283333, 44.5195288], [11.928627, 44.5195086], [11.9285674, 44.5192803], [11.9284454, 44.5192554], [11.9284362, 44.519078], [11.9286759, 44.5190497], [11.9286742, 44.5187998], [11.9291438, 44.51869], [11.929289, 44.518514], [11.9295011, 44.5185049], [11.9295358, 44.5184176], [11.9300054, 44.5183077], [11.9301506, 44.5181317], [11.9306095, 44.5180263], [11.9306443, 44.517939], [11.930982, 44.5179267], [11.9310167, 44.5178394], [11.9314863, 44.5177296], [11.9315104, 44.5176467], [11.9318588, 44.51763], [11.9318829, 44.5175471], [11.9322593, 44.5175374], [11.9326498, 44.5177975], [11.9326633, 44.5180668], [11.9324284, 44.5181831], [11.9324236, 44.5182982], [11.9326769, 44.5183369], [11.9326859, 44.5185163], [11.932562, 44.5186098], [11.9322225, 44.5185319], [11.9320065, 44.5187613], [11.932256, 44.5188425], [11.9325738, 44.5187897], [11.9324276, 44.5190562], [11.9328228, 44.5189431], [11.9329333, 44.5184204], [11.9331841, 44.5184139], [11.9333142, 44.5185006], [11.9331584, 44.5187621], [11.9334535, 44.5187671], [11.933476, 44.5188432], [11.9336671, 44.5188945], [11.9339326, 44.518837], [11.9340778, 44.518661], [11.9343006, 44.5186475], [11.9345669, 44.5183784], [11.9347897, 44.5183649], [11.935056, 44.5180957], [11.9352788, 44.5180822], [11.935424, 44.5179062], [11.9356748, 44.5178997], [11.9359351, 44.5180731], [11.9360887, 44.518409], [11.9362045, 44.5184263], [11.9362271, 44.5188754], [11.9359822, 44.5189097], [11.9360037, 44.5192215], [11.9361748, 44.5193262], [11.9370037, 44.5193059], [11.9370082, 44.5193955], [11.9367679, 44.5195197], [11.9367704, 44.5196717], [11.9361707, 44.5196949], [11.9361511, 44.5198676], [11.9358443, 44.519902], [11.9359088, 44.5200539], [11.9356861, 44.5200674], [11.9354197, 44.5203366], [11.9351877, 44.5203559], [11.9351774, 44.5205229], [11.9349653, 44.5205319], [11.9349306, 44.5206192], [11.934461, 44.5207291], [11.9343158, 44.5209051], [11.9339781, 44.5209174], [11.9338222, 44.5210979], [11.9336101, 44.5211069], [11.9335753, 44.5211942], [11.9333633, 44.5212033], [11.9332093, 44.5213217], [11.9332246, 44.5216258], [11.933607, 44.521824], [11.9336242, 44.5220656], [11.9338764, 44.5221772], [11.9338936, 44.5224188], [11.9341458, 44.5225303], [11.934163, 44.522772], [11.9344152, 44.5228835], [11.9345688, 44.5232195], [11.9347648, 44.5232781], [11.9348063, 44.5231435], [11.9350571, 44.5231371], [11.9350616, 44.5232266], [11.9348822, 44.5233534], [11.9349675, 44.5234861], [11.9352985, 44.5234832], [11.9353181, 44.5233104], [11.9357998, 44.5230978], [11.9357891, 44.5226681], [11.9359103, 44.522575], [11.936133, 44.5225615], [11.9362783, 44.5223855], [11.9365231, 44.5223512], [11.9363904, 44.5221125], [11.936897, 44.5221895], [11.9369097, 44.5223412], [11.9370317, 44.5223661], [11.9370588, 44.522532], [11.9372967, 44.5226293], [11.9373155, 44.5227887], [11.937557, 44.5228027], [11.9376247, 44.5228908], [11.9377849, 44.522879], [11.9379301, 44.522703], [11.9381422, 44.522694], [11.9381769, 44.5226067], [11.9388872, 44.5224947], [11.9390431, 44.5223143], [11.9392551, 44.5223052], [11.939411, 44.5221248], [11.939643, 44.5221054], [11.939718, 44.521986], [11.9396389, 44.5218686], [11.9393974, 44.5218546], [11.9393802, 44.521613], [11.939128, 44.5215015], [11.9391787, 44.5212709], [11.9390927, 44.5209002], [11.9388405, 44.5207887], [11.9388134, 44.5206227], [11.9385755, 44.5205254], [11.938571, 44.5204359], [11.9387938, 44.5204224], [11.9390528, 44.5202233], [11.9391074, 44.5199956], [11.9388886, 44.519805], [11.9385897, 44.5198059], [11.9385433, 44.5198961], [11.9383039, 44.5199225], [11.938301, 44.5200824], [11.9381759, 44.5200856], [11.9382249, 44.5198488], [11.9380367, 44.5198191], [11.9383256, 44.5193211], [11.9382384, 44.5191971], [11.9381307, 44.5191865], [11.9381126, 44.5188273], [11.9384741, 44.5186099], [11.9384588, 44.5183058], [11.9380102, 44.5182904], [11.9378426, 44.5184737], [11.9376306, 44.5184828], [11.9375958, 44.5185701], [11.9372194, 44.5185798], [11.9372005, 44.5184204], [11.9368243, 44.5182299], [11.9366707, 44.5178939], [11.9364247, 44.51779], [11.936412, 44.5176383], [11.93629, 44.5176134], [11.9363976, 44.517251], [11.9366399, 44.5170647], [11.9368719, 44.5170453], [11.9372428, 44.5167589], [11.937302, 44.5166211], [11.9371741, 44.5165558], [11.9369983, 44.516695], [11.9367755, 44.5167085], [11.9365092, 44.5169776], [11.9362864, 44.5169911], [11.9361412, 44.5171672], [11.9357648, 44.5171768], [11.9353743, 44.5169168], [11.9352207, 44.5165809], [11.9349747, 44.516477], [11.9349558, 44.5163176], [11.9347098, 44.5162137], [11.9345624, 44.5158854], [11.9344404, 44.5158605], [11.9344359, 44.515771], [11.9346794, 44.5156383], [11.9347335, 44.5154437], [11.9346503, 44.5152452], [11.9340822, 44.5152406], [11.9340358, 44.5153308], [11.9339107, 44.515334], [11.9338918, 44.5151746], [11.9335157, 44.5149841], [11.9334968, 44.5148247], [11.9332508, 44.5147208], [11.9332381, 44.514569], [11.9331161, 44.5145442], [11.9330981, 44.514185], [11.9335827, 44.5138124], [11.9338146, 44.5137931], [11.933825, 44.5136261], [11.9340477, 44.5136126], [11.934314, 44.5133435], [11.9345367, 44.51333], [11.9347957, 44.5131308], [11.9348567, 44.5129955], [11.9345472, 44.512977], [11.9345382, 44.5127976], [11.9350154, 44.512495], [11.9350137, 44.5122452], [11.9351388, 44.512242], [11.9351941, 44.5123295], [11.935646, 44.5123189], [11.935655, 44.5124984], [11.9354275, 44.5126076], [11.9353654, 44.5127572], [11.9355149, 44.5127647], [11.9356601, 44.5125887], [11.9359108, 44.5125822], [11.9360644, 44.5129182], [11.9365707, 44.5131954], [11.9365896, 44.5133548], [11.9369657, 44.5135453], [11.9369784, 44.5136971], [11.9372306, 44.5138086], [11.9372577, 44.5139746], [11.9374955, 44.5140719], [11.9375144, 44.5142312], [11.9377603, 44.5143351], [11.9377792, 44.5144945], [11.9380252, 44.5145984], [11.9381726, 44.5149267], [11.9382946, 44.5149515], [11.9382518, 44.5151136], [11.9385595, 44.5152148], [11.938564, 44.5153043], [11.9384417, 44.5153439], [11.9384519, 44.5155773], [11.9379777, 44.5157829], [11.9379674, 44.5159498], [11.9373765, 44.5163385], [11.9373144, 44.5164881], [11.9377045, 44.5164935], [11.9377994, 44.5163639], [11.9377302, 44.5162264], [11.9378553, 44.5162232], [11.9378062, 44.516378], [11.9379513, 44.5163971], [11.9383494, 44.5160304], [11.9387071, 44.5160078], [11.9387174, 44.5158409], [11.9390938, 44.5158312], [11.9391127, 44.5159906], [11.9393542, 44.5160045], [11.9393669, 44.5161563], [11.9397492, 44.5163545], [11.9397681, 44.5165138], [11.9402745, 44.5167911], [11.940288, 44.5170604], [11.9399246, 44.5173398], [11.9396927, 44.5173592], [11.9393218, 44.5176456], [11.9393186, 44.5177695], [11.9394446, 44.5178027], [11.9396064, 44.5181453], [11.9398397, 44.5181526], [11.9398586, 44.518312], [11.9402348, 44.5185025], [11.940252, 44.5187442], [11.9403744, 44.518771], [11.9403475, 44.5193734], [11.9406571, 44.5193919], [11.9405486, 44.5196368], [11.9406706, 44.5196616], [11.9406977, 44.5198276], [11.9409355, 44.5199249], [11.9410892, 44.5202608], [11.9413352, 44.5203647], [11.9413397, 44.5204542], [11.9411344, 44.520416], [11.9410909, 44.5205058], [11.9412186, 44.5205478], [11.9412375, 44.5207071], [11.9413533, 44.5207243], [11.9413714, 44.5210836], [11.9412576, 44.5211067], [11.9412528, 44.5212219], [11.9415107, 44.5213505], [11.9415333, 44.5217996], [11.9414121, 44.5218927], [11.9410357, 44.5219025], [11.9410266, 44.521723], [11.9412494, 44.5217095], [11.9413332, 44.5215755], [11.9412418, 44.5213704], [11.9410908, 44.5212745], [11.9408783, 44.5212763], [11.9408349, 44.5211911], [11.9405355, 44.5211988], [11.9405007, 44.5212861], [11.9402688, 44.5213054], [11.9401942, 44.5214336], [11.9402808, 44.5218859], [11.9404068, 44.5219191], [11.9404338, 44.522085], [11.9408682, 44.5220862], [11.9409145, 44.521996], [11.9410397, 44.5219928], [11.9410442, 44.5220823], [11.9408648, 44.5222091], [11.9409321, 44.5223552], [11.9408183, 44.5223784], [11.9408151, 44.5225023], [11.9410714, 44.5226221], [11.9410841, 44.5227739], [11.9413363, 44.5228854], [11.9414899, 44.5232213], [11.9417359, 44.5233252], [11.9417487, 44.5234769], [11.9418707, 44.5235018], [11.9418797, 44.5236812], [11.9417659, 44.5237043], [11.9417029, 44.5239066], [11.9417722, 44.5240441], [11.941651, 44.5241372], [11.9414282, 44.5241507], [11.941283, 44.5243267], [11.9410603, 44.5243403], [11.9409151, 44.5245163], [11.9405431, 44.5246159], [11.9401525, 44.5243559], [11.9401254, 44.5241899], [11.9398876, 44.5240926], [11.9398687, 44.5239333], [11.9396226, 44.5238294], [11.9395956, 44.5236634], [11.9393143, 44.5234808], [11.9388892, 44.5234918], [11.9387333, 44.5236722], [11.9382637, 44.5237821], [11.9381185, 44.5239581], [11.9379064, 44.5239672], [11.9377486, 44.5241029], [11.9377593, 44.5242915], [11.9378853, 44.5243246], [11.9379042, 44.524484], [11.9381502, 44.5245879], [11.9383038, 44.5249238], [11.9385498, 44.5250277], [11.9385625, 44.5251795], [11.9386846, 44.5252043], [11.9386402, 44.525531], [11.9388283, 44.5255607], [11.9388328, 44.5256502], [11.9386101, 44.5256637], [11.9384649, 44.5258397], [11.9382528, 44.5258488], [11.9382152, 44.5259364], [11.9380929, 44.5259393], [11.9380253, 44.5258513], [11.9377617, 44.5258589], [11.9377153, 44.5259491], [11.9375902, 44.5259523], [11.9374276, 44.5257842], [11.9372545, 44.5257819], [11.9372081, 44.5258721], [11.9369686, 44.5258985], [11.9369657, 44.5260584], [11.9367178, 44.526065], [11.936696, 44.5259055], [11.9363198, 44.5257149], [11.9363009, 44.5255555], [11.9359247, 44.525365], [11.9357773, 44.5250367], [11.9356553, 44.5250118], [11.9357674, 44.5247392], [11.9360123, 44.524705], [11.9360052, 44.5244631], [11.936119, 44.5244399], [11.9361238, 44.5243248], [11.9359961, 44.5242828], [11.9359772, 44.5241235], [11.9358614, 44.5241063], [11.9358425, 44.5239469], [11.9355965, 44.523843], [11.9355695, 44.523677], [11.9352646, 44.5236269], [11.9349871, 44.5236864], [11.9349631, 44.5237693], [11.9341342, 44.5237916], [11.9340879, 44.5238818], [11.9338651, 44.5238953], [11.9336006, 44.5241024], [11.9335475, 44.5243866], [11.9336311, 44.5245939], [11.9338772, 44.5246978], [11.9338817, 44.5247873], [11.9336393, 44.5249736], [11.9334166, 44.5249871], [11.9332713, 44.5251631], [11.9330486, 44.5251766], [11.9329033, 44.5253526], [11.9326584, 44.5253869], [11.9326692, 44.5256011], [11.9327912, 44.525626], [11.9329304, 44.5258921], [11.9328053, 44.5258953], [11.9325449, 44.525722], [11.9325081, 44.5255506], [11.9321975, 44.5255545], [11.9321628, 44.5256417], [11.9316932, 44.5257516], [11.9315479, 44.5259276], [11.9311995, 44.5259444], [11.9311799, 44.5261171], [11.9307103, 44.526227], [11.9305651, 44.526403], [11.9303529, 44.5264121], [11.9303182, 44.5264994], [11.9299697, 44.5265161], [11.9294683, 44.5269015], [11.9294933, 44.5270533], [11.9297169, 44.5270553], [11.9297492, 44.5271367], [11.9299728, 44.5271388], [11.9301029, 44.5272255], [11.93013, 44.5277645], [11.9299072, 44.527778], [11.9296408, 44.5280472], [11.9294287, 44.5280562], [11.9292801, 44.5281666], [11.9292905, 44.5285603], [11.9294165, 44.5285935], [11.929448, 44.5288493], [11.9296814, 44.5288567], [11.9303324, 44.5292901], [11.9303416, 44.5294676], [11.929867, 44.5296752], [11.9298567, 44.5298421], [11.9297355, 44.5299352], [11.929359, 44.5299449], [11.9290986, 44.5297715], [11.9290814, 44.5295299], [11.9289594, 44.529505], [11.9289323, 44.5293391], [11.9288247, 44.5293285], [11.9287787, 44.5286296], [11.9284115, 44.5286189], [11.9283989, 44.5284671], [11.9281466, 44.5283556], [11.9281196, 44.5281896], [11.9276259, 44.5280088], [11.9276642, 44.5277569], [11.9275254, 44.527745], [11.9274906, 44.5278323], [11.9273683, 44.5278356], [11.927361, 44.527746], [11.9274802, 44.5277149], [11.9274777, 44.5275629], [11.9276898, 44.5275539], [11.9278457, 44.5273734], [11.9280304, 44.5273342], [11.9279624, 44.5271904], [11.9280762, 44.5271673], [11.9280794, 44.5270434], [11.9279533, 44.5270102], [11.9279263, 44.5268442], [11.9278186, 44.5268336], [11.9278051, 44.5265643], [11.9281619, 44.5266816], [11.9281785, 44.5265823], [11.9280565, 44.5265574], [11.928052, 44.5264679], [11.9282748, 44.5264544], [11.9285338, 44.5262553], [11.9285322, 44.5260054], [11.9286514, 44.5259744], [11.9286488, 44.5258224], [11.9288609, 44.5258133], [11.9288985, 44.5257258], [11.929238, 44.5258037], [11.9293939, 44.5256232], [11.929606, 44.5256142], [11.9296408, 44.5255269], [11.9298761, 44.5255517], [11.9298786, 44.5252507], [11.930126, 44.5252609], [11.9301074, 44.5251678], [11.9295658, 44.5248118], [11.9292663, 44.5248195], [11.9291104, 44.5249999], [11.9289853, 44.5250031], [11.9289808, 44.5249136], [11.9291032, 44.5248741], [11.9290933, 44.5246767], [11.9289672, 44.5246435], [11.9289626, 44.524556], [11.929082, 44.524523], [11.9290769, 44.5243258], [11.9289492, 44.5242839], [11.9289355, 44.5240166], [11.9290569, 44.5239214], [11.9292889, 44.5239021], [11.9296672, 44.5235456], [11.92989, 44.5235321], [11.9302161, 44.5232119], [11.9300965, 44.5230852], [11.9294559, 44.5231007], [11.9293972, 44.5231921], [11.9289338, 44.5232076], [11.9288991, 44.5232949], [11.9286671, 44.5233142], [11.9286522, 44.5233913], [11.9281501, 44.5234041], [11.9278897, 44.5232308], [11.9278567, 44.5231051], [11.9276338, 44.5231473], [11.9273735, 44.5229739], [11.927369, 44.5228844], [11.9275743, 44.5229227], [11.9276162, 44.5228241], [11.927431, 44.5227478], [11.9272388, 44.5227973], [11.9272296, 44.5226199], [11.9274778, 44.5225751], [11.9274623, 44.5224517], [11.9273464, 44.5224345], [11.9273374, 44.5222551], [11.9275428, 44.5222933], [11.9275843, 44.5221587], [11.9277964, 44.5221496], [11.9278311, 44.5220623], [11.9280476, 44.5220975], [11.9280735, 44.5218761], [11.9282788, 44.5219143], [11.9283203, 44.5217797], [11.9285598, 44.5217534], [11.9286228, 44.5215511], [11.9285536, 44.5214136], [11.9286748, 44.5213205], [11.9289222, 44.5213307], [11.9287914, 44.5211375], [11.9292017, 44.5211196], [11.9291594, 44.520948], [11.9292845, 44.5209448], [11.9292703, 44.5211217], [11.9295216, 44.5210153], [11.9295277, 44.5207945], [11.9294017, 44.5207613], [11.9293971, 44.5206738], [11.929511, 44.5206487], [11.9295128, 44.5205619], [11.929267, 44.5205847], [11.929231, 44.5202389], [11.9289223, 44.5202345], [11.9287548, 44.5204178], [11.9282852, 44.5205277], [11.92814, 44.5207037], [11.9278139, 44.5207131], [11.9277675, 44.5208032], [11.927419, 44.52082], [11.927395, 44.5209028], [11.9270572, 44.5209151], [11.927027, 44.5210923], [11.9268303, 44.5210528], [11.9266544, 44.5211919], [11.9263167, 44.5212042], [11.9261608, 44.5213846], [11.9257018, 44.52149], [11.9256671, 44.5215773], [11.9252906, 44.521587]], [[11.9399812, 44.52162], [11.9398307, 44.521713], [11.9399305, 44.5217908], [11.9400752, 44.5217236], [11.9399812, 44.52162]], [[11.9400111, 44.521898], [11.9398649, 44.5220104], [11.9400155, 44.5220058], [11.9400111, 44.521898]], [[11.9350307, 44.5129337], [11.9348845, 44.5130461], [11.935035, 44.5130415], [11.9350307, 44.5129337]], [[11.9329855, 44.5186923], [11.9329035, 44.5188522], [11.9330423, 44.5188641], [11.9331307, 44.5187114], [11.9329855, 44.5186923]], [[11.9321862, 44.5230382], [11.9322388, 44.5233894], [11.9323447, 44.5234733], [11.9326203, 44.5234696], [11.9326789, 44.5233783], [11.9329017, 44.5233648], [11.9329023, 44.5230322], [11.9327189, 44.5229269], [11.9324553, 44.5229346], [11.9324089, 44.5230247], [11.9321862, 44.5230382]], [[11.9323354, 44.5193948], [11.9321892, 44.5195072], [11.9323398, 44.5195025], [11.9323354, 44.5193948]], [[11.9315932, 44.5195149], [11.931533, 44.5193564], [11.9313561, 44.5193809], [11.9313811, 44.5195328], [11.9315932, 44.5195149]], [[11.9307645, 44.522637], [11.9307188, 44.5229594], [11.9308963, 44.5229739], [11.9309397, 44.5230592], [11.9311522, 44.5230574], [11.9312075, 44.5231449], [11.931495, 44.523135], [11.9315298, 44.5230477], [11.9317747, 44.5230134], [11.9317549, 44.5226194], [11.9315895, 44.5225092], [11.931377, 44.5225111], [11.9313336, 44.5224258], [11.9311598, 44.5224302], [11.9311251, 44.5225175], [11.930913, 44.5225266], [11.9307645, 44.522637]], [[11.9276402, 44.5224147], [11.9274831, 44.5223101], [11.9274896, 44.5224178], [11.9276402, 44.5224147]]]}}, {"type": "Feature", "properties": {"flooded": true, "source": "satellite", "area_m2": 6590.5}, "geometry": {"type": "Polygon", "coordinates": [[[11.9374779, 44.5011983], [11.9374599, 44.5008391], [11.9378407, 44.5009193], [11.9378776, 44.5010906], [11.938101, 44.5010927], [11.9382546, 44.5014286], [11.9385005, 44.5015325], [11.9385095, 44.5017119], [11.9383249, 44.5017512], [11.9384028, 44.5018749], [11.9387052, 44.5020217], [11.9387704, 44.5018857], [11.9388955, 44.5018824], [11.9389189, 44.5021317], [11.9391603, 44.5021457], [11.9391971, 44.502317], [11.9394206, 44.502319], [11.9394341, 44.5025884], [11.939309, 44.5025916], [11.9392722, 44.5024203], [11.9390487, 44.5024183], [11.9389934, 44.5023307], [11.9386673, 44.502338], [11.9386403, 44.5021721], [11.938407, 44.5021647], [11.9383836, 44.5019154], [11.9380076, 44.5017249], [11.9379949, 44.5015731], [11.9377427, 44.5014616], [11.9377239, 44.5013022], [11.9374779, 44.5011983]]]}}, {"type": "Feature", "properties": {"flooded": true, "source": "satellite", "area_m2": 5793.3}, "geometry": {"type": "Polygon", "coordinates": [[[11.9383485, 44.5585216], [11.9383349, 44.5582523], [11.9384542, 44.5582212], [11.9384516, 44.5580693], [11.9388799, 44.5581911], [11.9390843, 44.558143], [11.9391277, 44.5582283], [11.9393403, 44.5582264], [11.939503, 44.5583945], [11.9397266, 44.5583965], [11.9397402, 44.5586658], [11.9394978, 44.5588521], [11.9393754, 44.5588555], [11.93935, 44.5587793], [11.9391166, 44.5587719], [11.9390731, 44.5586866], [11.9387348, 44.5586917], [11.9385721, 44.5585237], [11.9383485, 44.5585216]]]}}, {"type": "Feature", "properties": {"flooded": true, "source": "satellite", "area_m2": 56025.6}, "geometry": {"type": "Polygon", "coordinates": [[[11.9343549, 44.5291864], [11.9343414, 44.5289171], [11.9345837, 44.5287308], [11.9348158, 44.5287114], [11.9348261, 44.5285445], [11.9349472, 44.5284514], [11.9351594, 44.5284423], [11.9353004, 44.5283389], [11.9353107, 44.5281719], [11.9354319, 44.5280788], [11.9357742, 44.5281564], [11.935809, 44.5280691], [11.936041, 44.5280497], [11.936177, 44.5278796], [11.9367085, 44.5277685], [11.9366661, 44.5275969], [11.9367913, 44.5275937], [11.936736, 44.5277344], [11.936813, 44.5279252], [11.9370652, 44.5280368], [11.9370923, 44.5282027], [11.9373257, 44.5282101], [11.9375861, 44.5283835], [11.9375388, 44.5285407], [11.9377253, 44.5286499], [11.937879, 44.5289859], [11.938125, 44.5290898], [11.9381386, 44.5293591], [11.9378962, 44.5295454], [11.9376642, 44.5295647], [11.937407, 44.5298281], [11.9369282, 44.5299438], [11.936436, 44.5303234], [11.9364332, 44.5304833], [11.9362211, 44.5304924], [11.9361863, 44.5305797], [11.9356841, 44.5305926], [11.9356714, 44.5304409], [11.9354192, 44.5303293], [11.9354065, 44.5301776], [11.9352845, 44.5301528], [11.9352574, 44.5299868], [11.9350195, 44.5298895], [11.9350006, 44.5297301], [11.9347076, 44.5295846], [11.9345032, 44.5296327], [11.9344987, 44.5295432], [11.934704, 44.5295814], [11.9347459, 44.5294828], [11.9344897, 44.529363], [11.934477, 44.5292112], [11.9343549, 44.5291864]]]}}, {"type": "Feature", "properties": {"flooded": true, "source": "satellite", "area_m2": 94043.0}, "geometry": {"type": "Polygon", "coordinates": [[[11.9310664, 44.5012732], [11.9310574, 44.5010938], [11.9312997, 44.5009075], [11.9315223, 44.500894], [11.9315464, 44.5008111], [11.932174, 44.500795], [11.9325967, 44.5011365], [11.9328202, 44.5011385], [11.9328755, 44.501226], [11.9330732, 44.5011856], [11.9329201, 44.5007134], [11.9327981, 44.5006885], [11.932659, 44.5004224], [11.932871, 44.5004134], [11.9330269, 44.5002329], [11.9332588, 44.5002136], [11.9333338, 44.5000942], [11.9332564, 44.4998945], [11.9328741, 44.4996963], [11.9328615, 44.4995446], [11.9326094, 44.499433], [11.9325823, 44.4992671], [11.9323446, 44.4991698], [11.9323257, 44.4990104], [11.9320798, 44.4989065], [11.9320609, 44.4987471], [11.931815, 44.4986432], [11.9317962, 44.4984839], [11.9314201, 44.4982933], [11.9314075, 44.4981415], [11.9312855, 44.4981167], [11.931272, 44.4978473], [11.9317307, 44.4977419], [11.9317655, 44.4976546], [11.9322646, 44.4976416], [11.9326578, 44.4979018], [11.9326848, 44.4980677], [11.9329226, 44.498165], [11.9329414, 44.4983244], [11.9331873, 44.4984283], [11.9332062, 44.4985877], [11.9334521, 44.4986916], [11.933471, 44.4988509], [11.9337169, 44.4989548], [11.9337358, 44.4991142], [11.9339817, 44.4992181], [11.9339943, 44.4993699], [11.9341163, 44.4993947], [11.9342698, 44.4997306], [11.9344409, 44.4998354], [11.9346133, 44.4998243], [11.9346374, 44.4997414], [11.9350109, 44.4997316], [11.9351439, 44.4998184], [11.9351566, 44.4999701], [11.9354087, 44.5000817], [11.9354357, 44.5002476], [11.9356735, 44.5003449], [11.9356923, 44.5005043], [11.9360684, 44.5006949], [11.9360873, 44.5008542], [11.9363332, 44.5009581], [11.9363424, 44.5011355], [11.9359789, 44.501417], [11.9350176, 44.5015354], [11.9349829, 44.5016226], [11.9345135, 44.5017325], [11.9344894, 44.5018154], [11.9338618, 44.5018315], [11.933579, 44.5015821], [11.9333801, 44.5015331], [11.9333534, 44.501637], [11.9334754, 44.5016618], [11.9334934, 44.502021], [11.9332512, 44.5022073], [11.9330285, 44.5022208], [11.9328833, 44.5023968], [11.9326514, 44.5024162], [11.9326411, 44.5025831], [11.9323932, 44.5025897], [11.932347, 44.5025043], [11.9321346, 44.5025061], [11.9321214, 44.5022728], [11.9319954, 44.5022396], [11.9319766, 44.5020802], [11.9316005, 44.5018896], [11.9315816, 44.5017303], [11.9313357, 44.5016264], [11.9311884, 44.501298], [11.9310664, 44.5012732]]]}}, {"type": "Feature", "properties": {"flooded": true, "source": "satellite", "area_m2": 37271.7}, "geometry": {"type": "Polygon", "coordinates": [[[11.9326036, 44.5268908], [11.9325946, 44.5267113], [11.9327158, 44.5266182], [11.9329385, 44.5266047], [11.9329626, 44.5265218], [11.9331854, 44.5265083], [11.9333334, 44.5263321], [11.9335814, 44.5263259], [11.9336183, 44.5264972], [11.934189, 44.5266211], [11.9342157, 44.5265172], [11.9340933, 44.5264904], [11.9341429, 44.5263375], [11.933959, 44.5263158], [11.9339545, 44.5262263], [11.934303, 44.5262095], [11.9344482, 44.5260335], [11.9346802, 44.5260142], [11.9348162, 44.525844], [11.9351927, 44.5258343], [11.9352161, 44.5260836], [11.9357225, 44.5263608], [11.9358868, 44.5269209], [11.9361267, 44.5268906], [11.9362569, 44.5269773], [11.9362659, 44.5271567], [11.9361408, 44.5271599], [11.9359097, 44.526947], [11.935766, 44.5270097], [11.9357632, 44.5271696], [11.935642, 44.5272628], [11.9351831, 44.5273682], [11.9351483, 44.5274555], [11.9347873, 44.527434], [11.9347803, 44.527645], [11.9346665, 44.5276682], [11.9346637, 44.5278281], [11.9345425, 44.5279212], [11.9340835, 44.5280267], [11.9340488, 44.528114], [11.933798, 44.5281204], [11.9335376, 44.5279471], [11.9335187, 44.5277877], [11.9332727, 44.5276838], [11.9332538, 44.5275244], [11.9328775, 44.5273338], [11.9328649, 44.5271821], [11.9327428, 44.5271573], [11.9327256, 44.5269156], [11.9326036, 44.5268908]], [[11.9345551, 44.5269759], [11.934574, 44.5272904], [11.9347623, 44.5272858], [11.9348291, 44.5274189], [11.935079, 44.5273247], [11.9349818, 44.5271975], [11.9347583, 44.5271955], [11.9347394, 44.5270361], [11.9345551, 44.5269759]]]}}, {"type": "Feature", "properties": {"flooded": true, "source": "satellite", "area_m2": 47687.0}, "geometry": {"type": "Polygon", "coordinates": [[[11.9296829, 44.5138222], [11.9296739, 44.5136427], [11.929795, 44.5135496], [11.9300458, 44.5135432], [11.9300683, 44.5136192], [11.9303016, 44.5136266], [11.930345, 44.5137119], [11.930683, 44.5137069], [11.9307309, 44.5138821], [11.931069, 44.513877], [11.9310817, 44.5140287], [11.9312037, 44.5140536], [11.9311654, 44.5143056], [11.9313042, 44.5143175], [11.9313389, 44.5142302], [11.931464, 44.5142269], [11.9314116, 44.5143762], [11.9316036, 44.5144955], [11.9315598, 44.5148225], [11.9317514, 44.5149398], [11.9317785, 44.5151057], [11.9320118, 44.5151131], [11.93232, 44.5154617], [11.9327173, 44.5154997], [11.9330351, 44.5154469], [11.9330674, 44.5155283], [11.9332909, 44.5155304], [11.9335513, 44.5157037], [11.9335702, 44.5158631], [11.9338161, 44.515967], [11.9338434, 44.516504], [11.9337181, 44.5165093], [11.9336513, 44.5163762], [11.9332343, 44.5165351], [11.9332584, 44.5166522], [11.9334708, 44.5166061], [11.9334798, 44.5167855], [11.9331033, 44.5167952], [11.9330366, 44.5166621], [11.9327499, 44.516722], [11.9327258, 44.5168049], [11.9323494, 44.5168145], [11.932306, 44.5167292], [11.9320935, 44.5167311], [11.9319634, 44.5166444], [11.9319445, 44.516485], [11.9316301, 44.5163381], [11.9315765, 44.5164383], [11.9317025, 44.5164714], [11.9317197, 44.5167131], [11.9318421, 44.5167399], [11.9318507, 44.5169174], [11.9317256, 44.5169206], [11.9317067, 44.5167612], [11.9313306, 44.5165706], [11.9313179, 44.5164189], [11.9311959, 44.516394], [11.9311787, 44.5161524], [11.9310567, 44.5161275], [11.931044, 44.5159758], [11.930922, 44.5159509], [11.9309093, 44.5157992], [11.9307873, 44.5157744], [11.9306338, 44.5154384], [11.930518, 44.5154212], [11.9305135, 44.5153317], [11.9306386, 44.5153284], [11.9306611, 44.5154045], [11.9308489, 44.5154566], [11.9308908, 44.515358], [11.9307648, 44.5153248], [11.9307377, 44.5151588], [11.9306301, 44.5151482], [11.9306112, 44.5149889], [11.9304954, 44.5149716], [11.9304765, 44.5148123], [11.9302306, 44.5147084], [11.9302072, 44.5144591], [11.9299612, 44.5143552], [11.9300091, 44.514116], [11.9298175, 44.5139988], [11.9297987, 44.5138394], [11.9296829, 44.5138222]], [[11.9314725, 44.5161662], [11.9315052, 44.5162963], [11.9316591, 44.5163332], [11.9316858, 44.5162294], [11.9314725, 44.5161662]], [[11.9312077, 44.5159029], [11.9312404, 44.516033], [11.9313943, 44.51607], [11.931421, 44.5159661], [11.9312077, 44.5159029]], [[11.931073, 44.5157263], [11.9311057, 44.5158564], [11.9312596, 44.5158934], [11.9312863, 44.5157895], [11.931073, 44.5157263]], [[11.9309383, 44.5155497], [11.930971, 44.5156798], [11.9311249, 44.5157168], [11.9311516, 44.5156129], [11.9309383, 44.5155497]]]}}, {"type": "Feature", "properties": {"flooded": true, "source": "satellite", "area_m2": 51344.5}, "geometry": {"type": "Polygon", "coordinates": [[[11.9294859, 44.534983], [11.9294724, 44.5347137], [11.9298102, 44.5347014], [11.9299662, 44.534521], [11.9301783, 44.5345119], [11.9303194, 44.5344085], [11.9303297, 44.5342416], [11.9304529, 44.5341932], [11.9303162, 44.5339718], [11.9304413, 44.5339686], [11.9306392, 44.5341434], [11.9309145, 44.5341329], [11.9309492, 44.5340456], [11.9312716, 44.5340819], [11.9314326, 44.5340198], [11.931443, 44.5338529], [11.9315641, 44.5337597], [11.9317962, 44.5337404], [11.9318068, 44.5336095], [11.9314294, 44.5335828], [11.9312947, 44.5334066], [11.9314085, 44.5333834], [11.9314114, 44.5332235], [11.9315325, 44.5331304], [11.9317806, 44.5331238], [11.931937, 44.5334599], [11.9321785, 44.5334739], [11.9321912, 44.5336256], [11.9325737, 44.5338238], [11.9325926, 44.5339832], [11.9329688, 44.5341738], [11.9331225, 44.5345097], [11.9334987, 44.5347003], [11.9335079, 44.5348777], [11.9331442, 44.5351591], [11.9329122, 44.5351785], [11.9327761, 44.5353486], [11.9323065, 44.5354585], [11.93204, 44.5357277], [11.9315703, 44.5358375], [11.931425, 44.5360135], [11.931177, 44.5360201], [11.930621, 44.5355918], [11.9303974, 44.5355898], [11.9303421, 44.5355023], [11.9300158, 44.5355096], [11.9297554, 44.5353362], [11.929608, 44.5350079], [11.9294859, 44.534983]]]}}, {"type": "Feature", "properties": {"flooded": true, "source": "satellite", "area_m2": 61435.5}, "geometry": {"type": "Polygon", "coordinates": [[[11.9278106, 44.5090989], [11.9277971, 44.5088296], [11.9279162, 44.5087985], [11.9279137, 44.5086465], [11.9283832, 44.5085367], [11.9285284, 44.5083607], [11.928886, 44.5083381], [11.9290232, 44.5082215], [11.9290129, 44.5079881], [11.9291341, 44.507895], [11.9293568, 44.5078815], [11.9293837, 44.5077984], [11.9311393, 44.5077535], [11.931152, 44.5079052], [11.9314041, 44.5080168], [11.9315576, 44.5083527], [11.9319341, 44.5085453], [11.9319518, 44.5089026], [11.9318326, 44.5089336], [11.9318351, 44.5090856], [11.9313564, 44.5092013], [11.9313461, 44.5093682], [11.9311058, 44.5094924], [11.9311083, 44.5096444], [11.9308635, 44.5096787], [11.9308706, 44.5099206], [11.9305329, 44.5099329], [11.9304953, 44.5100205], [11.930373, 44.5100234], [11.9303177, 44.5099359], [11.9300303, 44.5099458], [11.9299956, 44.5100331], [11.9297636, 44.5100524], [11.9293825, 44.5104091], [11.9292603, 44.5104121], [11.9287396, 44.5100653], [11.928727, 44.5099136], [11.9284748, 44.5098021], [11.928456, 44.5096427], [11.92821, 44.5095388], [11.9280565, 44.5092028], [11.9278106, 44.5090989]]]}}, {"type": "Feature", "properties": {"flooded": true, "source": "satellite", "area_m2": 115677.1}, "geometry": {"type": "Polygon", "coordinates": [[[11.9244258, 44.4992829], [11.9244123, 44.4990136], [11.9245335, 44.4989205], [11.9246585, 44.4989173], [11.9247138, 44.4990048], [11.9249774, 44.4989989], [11.925036, 44.4989076], [11.9252586, 44.4988941], [11.9252737, 44.4986314], [11.9253948, 44.4985383], [11.9256068, 44.4985292], [11.9257627, 44.4983488], [11.9259946, 44.4983295], [11.9260049, 44.4981626], [11.9261862, 44.4980271], [11.926099, 44.4979031], [11.9259914, 44.4978924], [11.9261081, 44.4977098], [11.9264844, 44.4977001], [11.9266145, 44.4977868], [11.9266333, 44.4979462], [11.9268044, 44.498051], [11.9272058, 44.4980407], [11.9272521, 44.4979505], [11.927484, 44.4979312], [11.9274989, 44.4978542], [11.9277496, 44.4978477], [11.9278797, 44.4979344], [11.9278986, 44.4980938], [11.9282746, 44.4982844], [11.9282872, 44.4984361], [11.9284092, 44.498461], [11.9284362, 44.498627], [11.928674, 44.4987243], [11.9286928, 44.4988836], [11.9289387, 44.4989876], [11.9289576, 44.4991469], [11.9293336, 44.4993375], [11.9293525, 44.4994969], [11.9298586, 44.4997742], [11.9298775, 44.4999335], [11.9301234, 44.5000374], [11.9301369, 44.5003068], [11.9300158, 44.5003999], [11.9297931, 44.5004134], [11.929769, 44.5004963], [11.9294431, 44.5005057], [11.9293967, 44.5005959], [11.9291846, 44.5006049], [11.9290288, 44.5007853], [11.92857, 44.5008908], [11.9285353, 44.5009781], [11.9283233, 44.5009871], [11.9282886, 44.5010744], [11.9280765, 44.5010835], [11.9280418, 44.5011708], [11.9277042, 44.5011831], [11.9276694, 44.5012704], [11.9272, 44.5013802], [11.9271759, 44.5014631], [11.9269639, 44.5014721], [11.926808, 44.5016526], [11.9264775, 44.5015721], [11.9264356, 44.5017521], [11.9261849, 44.5017586], [11.9260548, 44.5016719], [11.926036, 44.5015125], [11.9259202, 44.5014953], [11.9259013, 44.5013359], [11.9257856, 44.5013187], [11.9257667, 44.5011593], [11.9255208, 44.5010554], [11.9254938, 44.5008894], [11.925256, 44.5007921], [11.9252426, 44.5005228], [11.9253617, 44.5004917], [11.925355, 44.5002858], [11.925229, 44.5002526], [11.925202, 44.5000867], [11.9250944, 44.500076], [11.9250711, 44.4998268], [11.924695, 44.4996361], [11.9245478, 44.4993078], [11.9244258, 44.4992829]]]}}, {"type": "Feature", "properties": {"flooded": true, "source": "satellite", "area_m2": 43055.9}, "geometry": {"type": "Polygon", "coordinates": [[[11.9258322, 44.5123005], [11.9258187, 44.5120312], [11.9259398, 44.5119381], [11.9261625, 44.5119246], [11.9264289, 44.5116554], [11.926641, 44.5116464], [11.9266757, 44.5115591], [11.9268878, 44.51155], [11.9269225, 44.5114627], [11.927392, 44.5113529], [11.9276584, 44.5110838], [11.9281172, 44.5109783], [11.928152, 44.510891], [11.9287797, 44.5108749], [11.9289098, 44.5109616], [11.9289287, 44.511121], [11.9290445, 44.5111382], [11.9290577, 44.5113715], [11.9291837, 44.5114047], [11.9291963, 44.5115565], [11.9293183, 44.5115813], [11.9293228, 44.5116708], [11.9290223, 44.5118907], [11.929094, 44.5121268], [11.928752, 44.5120949], [11.9287216, 44.5122264], [11.9285095, 44.5122355], [11.9284748, 44.5123228], [11.9281857, 44.5122475], [11.9282325, 44.512509], [11.9279902, 44.5126953], [11.9278055, 44.5127346], [11.9279161, 44.5128305], [11.9281204, 44.5127824], [11.9281639, 44.512912], [11.9283762, 44.5128658], [11.928436, 44.5130433], [11.9286704, 44.513031], [11.9286281, 44.5128594], [11.9287532, 44.5128562], [11.9288833, 44.5129428], [11.9288923, 44.5131223], [11.9286803, 44.5131313], [11.9286455, 44.5132186], [11.9279425, 44.5132377], [11.9278961, 44.5133279], [11.9276908, 44.5132896], [11.9276493, 44.5134242], [11.9272729, 44.5134339], [11.927387, 44.5132061], [11.9272594, 44.5131642], [11.9272264, 44.5130385], [11.9270036, 44.5130807], [11.9269602, 44.5129954], [11.9264964, 44.5130037], [11.9263663, 44.512917], [11.9263486, 44.5125938], [11.9262226, 44.5125606], [11.9262181, 44.5124711], [11.9264501, 44.5124517], [11.9264568, 44.5123125], [11.9262595, 44.5122906], [11.9262131, 44.5123808], [11.9259623, 44.5123872], [11.9258322, 44.5123005]], [[11.9273836, 44.5130434], [11.9276228, 44.5130893], [11.9276273, 44.5129751], [11.9277465, 44.512944], [11.92772, 44.5128458], [11.9273828, 44.5129111], [11.9273836, 44.5130434]]]}}, {"type": "Feature", "properties": {"flooded": true, "source": "satellite", "area_m2": 6346.4}, "geometry": {"type": "Polygon", "coordinates": [[[11.9275193, 44.5334131], [11.9275148, 44.5333235], [11.9277201, 44.5333618], [11.9277617, 44.5332272], [11.9278868, 44.533224], [11.928017, 44.5333107], [11.9280649, 44.5334859], [11.9286041, 44.5334746], [11.9287717, 44.5332913], [11.9292414, 44.5331814], [11.9293867, 44.5330054], [11.9295988, 44.5329964], [11.9296336, 44.5329091], [11.9300101, 44.5328994], [11.9300191, 44.5330788], [11.9298979, 44.533172], [11.9295402, 44.5331945], [11.929403, 44.5333111], [11.9294132, 44.5335445], [11.929292, 44.5336376], [11.9290692, 44.5336511], [11.9290451, 44.533734], [11.9286686, 44.5337437], [11.9284792, 44.5336139], [11.9280356, 44.5336699], [11.9279922, 44.5335846], [11.9277797, 44.5335864], [11.9277515, 44.5333763], [11.9275193, 44.5334131]]]}}, {"type": "Feature", "properties": {"flooded": true, "source": "satellite", "area_m2": 5408.5}, "geometry": {"type": "Polygon", "coordinates": [[[11.9283135, 44.5316822], [11.928309, 44.5315927], [11.9285211, 44.5315836], [11.9285559, 44.5314963], [11.9289324, 44.5314867], [11.9291928, 44.53166], [11.9292055, 44.5318118], [11.9293275, 44.5318366], [11.9293455, 44.5321959], [11.9291489, 44.5321563], [11.9290467, 44.5322202], [11.9291032, 44.5323821], [11.928978, 44.5323854], [11.9290315, 44.5322385], [11.9289059, 44.5322074], [11.9288473, 44.5322987], [11.9284752, 44.5323983], [11.9285215, 44.5320778], [11.9284395, 44.5317154], [11.9283135, 44.5316822]]]}}, {"type": "Feature", "properties": {"flooded": true, "source": "satellite", "area_m2": 119495.8}, "geometry": {"type": "Polygon", "coordinates": [[[11.9227463, 44.5260634], [11.9226026, 44.5257073], [11.9229662, 44.525428], [11.923304, 44.5254157], [11.9233387, 44.5253284], [11.9238409, 44.5253155], [11.9242314, 44.5255756], [11.9242585, 44.5257416], [11.9244963, 44.5258389], [11.9245152, 44.5259982], [11.9247612, 44.5261022], [11.92478, 44.5262615], [11.9250261, 44.5263654], [11.9250531, 44.5265314], [11.9253594, 44.5266717], [11.9254127, 44.5265356], [11.9255378, 44.5265324], [11.9255505, 44.5266841], [11.9258027, 44.5267957], [11.9259562, 44.5271316], [11.9261977, 44.5271456], [11.9262104, 44.5272974], [11.9264626, 44.5274089], [11.9264815, 44.5275683], [11.9268577, 44.5277589], [11.9268704, 44.5279106], [11.9269924, 44.5279355], [11.9270096, 44.5281771], [11.927392, 44.5283753], [11.9274092, 44.528617], [11.9275312, 44.5286418], [11.9276848, 44.5289778], [11.9279308, 44.5290817], [11.9279497, 44.5292411], [11.9283582, 44.5295131], [11.9285818, 44.5295151], [11.9286007, 44.5296745], [11.9289769, 44.5298651], [11.9289896, 44.5300168], [11.9291116, 44.5300417], [11.9290084, 44.5304941], [11.9288873, 44.5305872], [11.9286645, 44.5306007], [11.9284129, 44.5307928], [11.9284025, 44.5309597], [11.9281939, 44.5309222], [11.92803, 44.5310593], [11.9278072, 44.5310728], [11.9275407, 44.5313419], [11.9270817, 44.5314474], [11.927047, 44.5315347], [11.9265447, 44.5315475], [11.9264145, 44.5314609], [11.9263974, 44.5312192], [11.9262753, 44.5311944], [11.9262582, 44.5309527], [11.9261361, 44.5309278], [11.9261082, 44.5305887], [11.9258622, 44.5304847], [11.9258495, 44.530333], [11.9255973, 44.5302215], [11.9255703, 44.5300555], [11.9253001, 44.5298768], [11.9250765, 44.5298747], [11.9250721, 44.5297852], [11.9253125, 44.529661], [11.9253099, 44.529509], [11.9255523, 44.5293228], [11.9260158, 44.5293073], [11.9262929, 44.5290337], [11.9267626, 44.5289239], [11.9270216, 44.5287247], [11.9270208, 44.5285925], [11.9268988, 44.5285676], [11.9268861, 44.5284159], [11.9267641, 44.5283911], [11.9267514, 44.5282393], [11.9265971, 44.528133], [11.9264277, 44.528085], [11.9261502, 44.5281445], [11.9261261, 44.5282274], [11.9257883, 44.5282397], [11.9257535, 44.5283269], [11.9252839, 44.5284368], [11.9250174, 44.5287059], [11.9248053, 44.528715], [11.9247706, 44.5288023], [11.9243071, 44.5288178], [11.9242723, 44.5289051], [11.9240403, 44.5289244], [11.9239043, 44.5290945], [11.9236534, 44.529101], [11.9235232, 44.5290143], [11.9236264, 44.5285619], [11.9237488, 44.5285223], [11.9237296, 44.5281091], [11.9238434, 44.528086], [11.9238463, 44.5279261], [11.9239687, 44.5278865], [11.9239585, 44.5276531], [11.9240809, 44.5276136], [11.924057, 44.5271125], [11.9241795, 44.5270709], [11.9241607, 44.5266937], [11.9238721, 44.5264924], [11.9236486, 44.5264904], [11.9233559, 44.5262356], [11.9231323, 44.5262335], [11.9229588, 44.5260615], [11.9227463, 44.5260634]], [[11.9253036, 44.5267805], [11.9255271, 44.5268392], [11.9255437, 44.5267399], [11.9253303, 44.5266766], [11.9253036, 44.5267805]]]}}, {"type": "Feature", "properties": {"flooded": true, "source": "satellite", "area_m2": 39433.5}, "geometry": {"type": "Polygon", "coordinates": [[[11.9219332, 44.5198725], [11.9220499, 44.5196898], [11.9222819, 44.5196705], [11.9222922, 44.5195036], [11.9225346, 44.5193173], [11.9228607, 44.5193079], [11.9229071, 44.5192178], [11.9230294, 44.5192144], [11.9230645, 44.519296], [11.9232638, 44.5193351], [11.9234052, 44.519115], [11.923628, 44.5191015], [11.9238944, 44.5188324], [11.9241065, 44.5188233], [11.9242476, 44.5187199], [11.9242579, 44.518553], [11.9244983, 44.5184288], [11.9244957, 44.5182768], [11.9246769, 44.5182457], [11.9246124, 44.5180938], [11.9247336, 44.5180006], [11.9250645, 44.5180357], [11.925106, 44.5179011], [11.9254438, 44.5178888], [11.9254785, 44.5178015], [11.9259481, 44.5176916], [11.9260933, 44.5175157], [11.9262745, 44.5174845], [11.92621, 44.5173326], [11.9263351, 44.5173294], [11.9269859, 44.5177628], [11.9270048, 44.5179222], [11.9272508, 44.5180261], [11.9272635, 44.5181779], [11.9273855, 44.5182027], [11.9273945, 44.5183821], [11.9271595, 44.5184984], [11.9271566, 44.5186583], [11.9270355, 44.5187514], [11.9268127, 44.5187649], [11.9267887, 44.5188478], [11.9264509, 44.5188601], [11.9264162, 44.5189474], [11.9257131, 44.5189665], [11.9256667, 44.5190566], [11.9252033, 44.5190721], [11.9251685, 44.5191594], [11.9247167, 44.5191721], [11.9246703, 44.5192622], [11.9243219, 44.5192789], [11.9241767, 44.5194549], [11.9232222, 44.5194804], [11.9230547, 44.5196637], [11.9225957, 44.5197691], [11.922561, 44.5198564], [11.9219332, 44.5198725]]]}}, {"type": "Feature", "properties": {"flooded": true, "source": "satellite", "area_m2": 141120.1}, "geometry": {"type": "Polygon", "coordinates": [[[11.918876, 44.5014956], [11.9188625, 44.5012263], [11.9189837, 44.5011332], [11.9192063, 44.5011197], [11.9193516, 44.5009437], [11.9195742, 44.5009302], [11.9197195, 44.5007542], [11.9199421, 44.5007407], [11.9200874, 44.5005648], [11.92031, 44.5005513], [11.9203341, 44.5004684], [11.9208361, 44.5004556], [11.9212587, 44.5007971], [11.9216709, 44.5007941], [11.9217295, 44.5007028], [11.9219614, 44.5006835], [11.9219718, 44.5005165], [11.9221944, 44.500503], [11.9223397, 44.5003271], [11.9225517, 44.500318], [11.9225864, 44.5002307], [11.9230884, 44.5002179], [11.9236089, 44.5005646], [11.9236215, 44.5007164], [11.9238736, 44.5008279], [11.9238925, 44.5009873], [11.9242685, 44.5011779], [11.9242811, 44.5013296], [11.9245332, 44.5014412], [11.9245521, 44.5016006], [11.9249281, 44.5017912], [11.9249408, 44.5019429], [11.9251929, 44.5020545], [11.9252199, 44.5022204], [11.9254576, 44.5023177], [11.9254765, 44.5024771], [11.9257224, 44.502581], [11.9257314, 44.5027605], [11.9256122, 44.5027915], [11.9256147, 44.5029435], [11.9254027, 44.5029526], [11.9252469, 44.503133], [11.9250242, 44.5031465], [11.924879, 44.5033225], [11.9244095, 44.5034323], [11.9242643, 44.5036083], [11.9240523, 44.5036173], [11.9240175, 44.5037046], [11.9235481, 44.5038145], [11.9234028, 44.5039905], [11.9231908, 44.5039995], [11.9231561, 44.5040868], [11.9228301, 44.5040962], [11.9227837, 44.5041864], [11.9225517, 44.5042057], [11.9225369, 44.5042827], [11.9222862, 44.5042891], [11.922337, 44.5040586], [11.9221156, 44.5037667], [11.9213798, 44.5037722], [11.9209894, 44.5035121], [11.9209624, 44.5033461], [11.9204644, 44.5030754], [11.9203253, 44.5028093], [11.9204316, 44.5027932], [11.9204419, 44.5026263], [11.9205611, 44.5025952], [11.9205397, 44.5022835], [11.9203687, 44.5021787], [11.9196657, 44.5021956], [11.9192753, 44.5019355], [11.9192483, 44.5017695], [11.9190106, 44.5016722], [11.9189979, 44.5015205], [11.918876, 44.5014956]]]}}, {"type": "Feature", "properties": {"flooded": true, "source": "satellite", "area_m2": 56230.7}, "geometry": {"type": "Polygon", "coordinates": [[[11.919599, 44.5134504], [11.9197156, 44.5132678], [11.920064, 44.5132511], [11.9203304, 44.512982], [11.9205624, 44.5129627], [11.9205728, 44.5127957], [11.9208047, 44.5127764], [11.9208151, 44.5126095], [11.9210011, 44.5125617], [11.9208057, 44.5124273], [11.9208016, 44.5123398], [11.9209239, 44.5123002], [11.9209093, 44.5119769], [11.9211442, 44.5118607], [11.9211471, 44.5117007], [11.9212609, 44.5116776], [11.9212637, 44.5115177], [11.9213849, 44.5114246], [11.9217613, 44.5114149], [11.9220539, 44.5116697], [11.9225332, 44.5117553], [11.9226633, 44.511842], [11.9226903, 44.5120079], [11.9234487, 44.512452], [11.9233616, 44.5132193], [11.9234892, 44.5132612], [11.9235081, 44.5134206], [11.9236239, 44.5134378], [11.9236427, 44.5135972], [11.9237585, 44.5136144], [11.9237774, 44.5137738], [11.9238932, 44.513791], [11.9238977, 44.5138805], [11.9237754, 44.5138839], [11.9237403, 44.5138023], [11.9235172, 44.5137919], [11.9235387, 44.5138767], [11.9236464, 44.5138874], [11.9236635, 44.514129], [11.9237855, 44.5141539], [11.9237945, 44.5143333], [11.9235437, 44.5143397], [11.9232511, 44.5140849], [11.9230276, 44.5140829], [11.9228652, 44.5139148], [11.9223859, 44.5138292], [11.9223425, 44.5137439], [11.92213, 44.5137457], [11.9220866, 44.5136161], [11.9217486, 44.5136655], [11.9215619, 44.5135359], [11.9214967, 44.5136719], [11.9210333, 44.5136874], [11.9209986, 44.5137747], [11.9207666, 44.513794], [11.9207518, 44.5138711], [11.9204034, 44.5138878], [11.9203793, 44.5139706], [11.9197516, 44.5139867], [11.9197344, 44.513745], [11.9196121, 44.5137182], [11.9197249, 44.5134836], [11.919599, 44.5134504]], [[11.9234648, 44.5136341], [11.9236219, 44.5137388], [11.9236154, 44.5136311], [11.9234648, 44.5136341]]]}}, {"type": "Feature", "properties": {"flooded": true, "source": "satellite", "area_m2": 12259.5}, "geometry": {"type": "Polygon", "coordinates": [[[11.9247487, 44.5785863], [11.9247307, 44.5782271], [11.92485, 44.578196], [11.9248475, 44.578044], [11.9254731, 44.5780278], [11.9257365, 44.5782013], [11.9257632, 44.5787043], [11.9258898, 44.5787395], [11.9258414, 44.5789767], [11.9260656, 44.5791753], [11.9262893, 44.5791774], [11.9263217, 44.5792588], [11.9265454, 44.5792608], [11.9266757, 44.5793475], [11.9266848, 44.5795269], [11.9265635, 44.5796201], [11.9261821, 44.5795398], [11.9261268, 44.5794523], [11.9254228, 44.5794693], [11.9252753, 44.5791409], [11.9251532, 44.5791161], [11.92514, 44.5788828], [11.9250139, 44.5788496], [11.9250012, 44.5786978], [11.9247487, 44.5785863]]]}}, {"type": "Feature", "properties": {"flooded": true, "source": "satellite", "area_m2": 11467.9}, "geometry": {"type": "Polygon", "coordinates": [[[11.9221843, 44.5173454], [11.9221393, 44.5164467], [11.9222644, 44.5164434], [11.9226549, 44.5167035], [11.9226738, 44.5168629], [11.9229197, 44.5169668], [11.923067, 44.5172952], [11.923189, 44.51732], [11.9232017, 44.5174718], [11.9233237, 44.5174966], [11.9233364, 44.5176484], [11.9234584, 44.5176732], [11.9234718, 44.5179425], [11.9233526, 44.5179736], [11.9233552, 44.5181256], [11.9226017, 44.5181449], [11.9224716, 44.5180582], [11.9224494, 44.5176451], [11.9223234, 44.5176119], [11.9223001, 44.5173626], [11.9221843, 44.5173454]]]}}, {"type": "Feature", "properties": {"flooded": true, "source": "satellite", "area_m2": 33376.7}, "geometry": {"type": "Polygon", "coordinates": [[[11.9161166, 44.4991355], [11.9161032, 44.4988661], [11.9164666, 44.4985868], [11.916936, 44.498477], [11.9172024, 44.4982079], [11.9176718, 44.4980981], [11.9178171, 44.4979221], [11.9180677, 44.4979157], [11.9182301, 44.4980838], [11.918537, 44.4981266], [11.9188024, 44.4980692], [11.9188265, 44.4979863], [11.9190492, 44.4979728], [11.9190733, 44.49789], [11.9192959, 44.4978765], [11.9194412, 44.4977005], [11.9196532, 44.4976914], [11.9196879, 44.4976042], [11.9203155, 44.4975881], [11.9210961, 44.4981083], [11.9211051, 44.4982877], [11.920984, 44.4983808], [11.920772, 44.4983899], [11.9206161, 44.4985703], [11.9204041, 44.4985793], [11.9203693, 44.4986666], [11.9198999, 44.4987764], [11.9197547, 44.4989524], [11.9192528, 44.4989653], [11.9189925, 44.4987919], [11.9189737, 44.4986325], [11.9187278, 44.4985286], [11.9186558, 44.4983506], [11.9182489, 44.4984586], [11.9182248, 44.4985414], [11.9180021, 44.4985549], [11.9178569, 44.4987309], [11.917625, 44.4987502], [11.917489, 44.4989204], [11.9172663, 44.4989338], [11.9171211, 44.4991098], [11.9168984, 44.4991233], [11.9167532, 44.4992993], [11.9163769, 44.4993089], [11.9161166, 44.4991355]]]}}, {"type": "Feature", "properties": {"flooded": true, "source": "satellite", "area_m2": 11412.4}, "geometry": {"type": "Polygon", "coordinates": [[[11.9203263, 44.5179331], [11.9203173, 44.5177536], [11.9205596, 44.5177716], [11.9205462, 44.5172977], [11.9206654, 44.5172666], [11.9206628, 44.5171146], [11.9210205, 44.5170921], [11.9210263, 44.5168352], [11.9211515, 44.516832], [11.9211686, 44.5170737], [11.9212906, 44.5170986], [11.9213128, 44.5175117], [11.9214387, 44.5175449], [11.9214564, 44.5178681], [11.9215824, 44.5179013], [11.9216139, 44.5185303], [11.9214018, 44.5185393], [11.921367, 44.5186266], [11.9208649, 44.5186395], [11.9206996, 44.5179515], [11.9205184, 44.5178835], [11.9203263, 44.5179331]]]}}, {"type": "Feature", "properties": {"flooded": true, "source": "satellite", "area_m2": 7064.2}, "geometry": {"type": "Polygon", "coordinates": [[[11.9191682, 44.5149018], [11.9190246, 44.5145458], [11.9192709, 44.5144495], [11.919401, 44.5145362], [11.919428, 44.5147022], [11.9199261, 44.5149729], [11.9199531, 44.5151389], [11.9201864, 44.5151463], [11.9202053, 44.5153056], [11.9204512, 44.5154096], [11.9205985, 44.5157379], [11.9207205, 44.5157628], [11.9207295, 44.5159422], [11.9206083, 44.5160353], [11.9204832, 44.5160385], [11.9199626, 44.5156917], [11.9198091, 44.5153558], [11.919433, 44.5151651], [11.9194142, 44.5150058], [11.9191682, 44.5149018]]]}}, {"type": "Feature", "properties": {"flooded": true, "source": "satellite", "area_m2": 18177.8}, "geometry": {"type": "Polygon", "coordinates": [[[11.9146631, 44.4952115], [11.9146587, 44.495122], [11.9149021, 44.4949893], [11.9148696, 44.4943064], [11.9151118, 44.4941201], [11.9153437, 44.4941008], [11.9153541, 44.4939339], [11.9155963, 44.4937477], [11.915819, 44.4937342], [11.915967, 44.4935579], [11.9160893, 44.493555], [11.9162627, 44.493727], [11.9164751, 44.4937252], [11.9165426, 44.4938133], [11.9167028, 44.4938016], [11.9167269, 44.4937188], [11.9170645, 44.4937065], [11.9170992, 44.4936192], [11.9173499, 44.4936128], [11.9173588, 44.4937923], [11.9170103, 44.4939946], [11.9169999, 44.4941615], [11.9165154, 44.494534], [11.916046, 44.4946438], [11.9159008, 44.4948198], [11.9154421, 44.4949252], [11.9154073, 44.4950124], [11.9151953, 44.4950215], [11.9151606, 44.4951088], [11.9149486, 44.4951178], [11.9149138, 44.4952051], [11.9146631, 44.4952115]]]}}, {"type": "Feature", "properties": {"flooded": true, "source": "satellite", "area_m2": 34500.9}, "geometry": {"type": "Polygon", "coordinates": [[[11.9169869, 44.5241381], [11.9169245, 44.5228818], [11.9170437, 44.5228508], [11.9170232, 44.5223391], [11.9171456, 44.5222996], [11.9171174, 44.5217065], [11.9172398, 44.521667], [11.9172072, 44.5209841], [11.9173264, 44.520953], [11.9173194, 44.5207111], [11.9174445, 44.5207079], [11.917627, 44.5210597], [11.9184678, 44.5210418], [11.9184945, 44.5215449], [11.9186205, 44.5215781], [11.9186251, 44.5216656], [11.9185026, 44.5217072], [11.9185217, 44.5221204], [11.9183994, 44.5221599], [11.9184149, 44.5222833], [11.9185307, 44.5223006], [11.9185489, 44.5226578], [11.9183083, 44.522784], [11.9183243, 44.5232057], [11.9182031, 44.5232988], [11.9179803, 44.5233123], [11.9175947, 44.5236125], [11.9175972, 44.5237645], [11.9174748, 44.523804], [11.917485, 44.5240374], [11.9173626, 44.524077], [11.9173907, 44.52467], [11.9172715, 44.524701], [11.9172712, 44.5248533], [11.9170229, 44.5248574], [11.9170008, 44.5244103], [11.917124, 44.5243619], [11.9171093, 44.524165], [11.9169869, 44.5241381]]]}}, {"type": "Feature", "properties": {"flooded": true, "source": "satellite", "area_m2": 20326.3}, "geometry": {"type": "Polygon", "coordinates": [[[11.911861, 44.4768279], [11.9118297, 44.4761989], [11.9120719, 44.4760127], [11.9122838, 44.4760036], [11.9123186, 44.4759163], [11.9126561, 44.4759041], [11.9126908, 44.4758168], [11.9129028, 44.4758078], [11.9129375, 44.4757205], [11.9134068, 44.4756107], [11.9134309, 44.4755279], [11.9141837, 44.4755086], [11.9141964, 44.4756604], [11.9143183, 44.4756852], [11.9143272, 44.4758647], [11.914221, 44.4758808], [11.9142106, 44.4760477], [11.9140915, 44.4760787], [11.914094, 44.4762307], [11.9136096, 44.4766032], [11.913151, 44.4767086], [11.9131162, 44.4767958], [11.9126531, 44.4768113], [11.9124973, 44.4769917], [11.9121211, 44.4770013], [11.911861, 44.4768279]]]}}, {"type": "Feature", "properties": {"flooded": true, "source": "satellite", "area_m2": 28558.0}, "geometry": {"type": "Polygon", "coordinates": [[[11.9063842, 44.4804785], [11.9059807, 44.479949], [11.9061018, 44.4798559], [11.9066008, 44.479843], [11.9066469, 44.4799284], [11.9069848, 44.4799234], [11.9070281, 44.4800087], [11.9072124, 44.4799999], [11.9072276, 44.4797372], [11.9077047, 44.4794348], [11.9077076, 44.4792748], [11.9079302, 44.4792614], [11.9085525, 44.478783], [11.9085554, 44.4786231], [11.9086777, 44.4785835], [11.9086675, 44.4783501], [11.9089182, 44.4783437], [11.9089504, 44.4784251], [11.9091235, 44.4784275], [11.9091654, 44.4782474], [11.9092904, 44.4782442], [11.9094428, 44.4787801], [11.9093291, 44.4788032], [11.9093307, 44.479053], [11.9092244, 44.4790691], [11.909214, 44.479236], [11.9090949, 44.4792671], [11.9091018, 44.479509], [11.9084963, 44.4799745], [11.9082737, 44.479988], [11.9081285, 44.480164], [11.9079165, 44.480173], [11.907768, 44.4802834], [11.9077115, 44.4805086], [11.9080208, 44.4805272], [11.9080297, 44.4807066], [11.9076664, 44.480986], [11.9072901, 44.4809956], [11.9071601, 44.4809088], [11.9071556, 44.4808193], [11.9073369, 44.4806839], [11.90724, 44.4805545], [11.9066399, 44.480562], [11.9065965, 44.4804767], [11.9063842, 44.4804785]]]}}, {"type": "Feature", "properties": {"flooded": true, "source": "satellite", "area_m2": 5497.9}, "geometry": {"type": "Polygon", "coordinates": [[[11.9083127, 44.4813296], [11.9082949, 44.4809703], [11.9087764, 44.4807578], [11.9087704, 44.4804181], [11.9088915, 44.480325], [11.9090165, 44.4803218], [11.9092766, 44.4804952], [11.9093034, 44.4810343], [11.9091823, 44.4811274], [11.9089597, 44.4811408], [11.9088145, 44.4813168], [11.9083127, 44.4813296]]]}}, {"type": "Feature", "properties": {"flooded": true, "source": "satellite", "area_m2": 6248.3}, "geometry": {"type": "Polygon", "coordinates": [[[11.8926668, 44.5640999], [11.8926401, 44.5635609], [11.8937714, 44.5635322], [11.8939061, 44.5637084], [11.8936052, 44.5639282], [11.8936769, 44.5641644], [11.8934646, 44.5641734], [11.8934298, 44.5642606], [11.8929777, 44.5642732], [11.8929312, 44.5643633], [11.892806, 44.5643665], [11.8927889, 44.5641248], [11.8926668, 44.5640999]], [[11.8930117, 44.5639146], [11.8931339, 44.564038], [11.8932192, 44.5639323], [11.8930117, 44.5639146]], [[11.8928757, 44.5638758], [11.8927834, 44.5639171], [11.8928265, 44.5640026], [11.8929695, 44.5639762], [11.8928757, 44.5638758]], [[11.8927157, 44.5636726], [11.8928966, 44.5637509], [11.8928571, 44.5636043], [11.8927157, 44.5636726]]]}}, {"type": "Feature", "properties": {"flooded": true, "source": "satellite", "area_m2": 98085.5}, "geometry": {"type": "Polygon", "coordinates": [[[11.8696424, 44.52354], [11.8696159, 44.5230009], [11.8698585, 44.5228148], [11.8703103, 44.5228024], [11.8703568, 44.5227122], [11.8706946, 44.5227001], [11.8707294, 44.5226128], [11.8709614, 44.5225936], [11.8709763, 44.5225166], [11.8714281, 44.5225042], [11.8714774, 44.5224138], [11.8718052, 44.5224947], [11.8718517, 44.5224045], [11.8722001, 44.522388], [11.8722243, 44.5223051], [11.8726761, 44.5222927], [11.8727226, 44.5222026], [11.873433, 44.522091], [11.8734678, 44.5220038], [11.8739196, 44.5219913], [11.8739661, 44.5219012], [11.8744179, 44.5218887], [11.8744672, 44.5217983], [11.8748409, 44.5217891], [11.8749084, 44.5218773], [11.8750686, 44.5218656], [11.8750928, 44.5217828], [11.8754664, 44.5217732], [11.8755368, 44.5218614], [11.8771075, 44.521822], [11.87712, 44.5219738], [11.877242, 44.5219987], [11.8772634, 44.5223303], [11.8773858, 44.5223572], [11.8774031, 44.5227144], [11.8772819, 44.5228075], [11.8769441, 44.5228196], [11.8769093, 44.5229069], [11.8764575, 44.5229194], [11.876411, 44.5230095], [11.8760625, 44.5230261], [11.8760384, 44.5231089], [11.8755866, 44.5231214], [11.8755401, 44.5232115], [11.8751916, 44.5232281], [11.8751675, 44.5233109], [11.8747156, 44.5233234], [11.8746692, 44.5234135], [11.8743207, 44.5234301], [11.8742965, 44.5235129], [11.8733464, 44.5236279], [11.8732999, 44.5237181], [11.8728481, 44.5237305], [11.8728016, 44.5238206], [11.8724532, 44.5238372], [11.872429, 44.52392], [11.8719772, 44.5239325], [11.8719307, 44.5240226], [11.8715929, 44.5240347], [11.8715581, 44.524122], [11.8711062, 44.5241344], [11.8710597, 44.5242246], [11.8706079, 44.524237], [11.8705586, 44.5243274], [11.8699336, 44.5243429], [11.8699166, 44.5241013], [11.8697946, 44.5240763], [11.8697684, 44.5235733], [11.8696424, 44.52354]]]}}, {"type": "Feature", "properties": {"flooded": true, "source": "satellite", "area_m2": 6509.9}, "geometry": {"type": "Polygon", "coordinates": [[[11.8755763, 44.5775854], [11.8756933, 44.5774028], [11.8760314, 44.5773906], [11.8761802, 44.5772803], [11.8762457, 44.5771529], [11.8760573, 44.5771231], [11.8760529, 44.5770336], [11.8767568, 44.5770148], [11.8768061, 44.5769244], [11.8778845, 44.5768964], [11.877931, 44.5768062], [11.8782798, 44.5767896], [11.8783068, 44.5767065], [11.8799387, 44.5766656], [11.8799432, 44.5767551], [11.8789878, 44.5767802], [11.8789412, 44.5768704], [11.8782374, 44.5768892], [11.8781909, 44.5769793], [11.8777387, 44.5769918], [11.8776922, 44.5770819], [11.8771141, 44.5770976], [11.8770676, 44.5771877], [11.8767188, 44.5772043], [11.8766947, 44.5772871], [11.8763565, 44.5772993], [11.8763217, 44.5773866], [11.8758516, 44.5774962], [11.8758274, 44.5775791], [11.8755763, 44.5775854]]]}}, {"type": "Feature", "properties": {"flooded": true, "source": "satellite", "area_m2": 88243.4}, "geometry": {"type": "Polygon", "coordinates": [[[11.87026, 44.5258651], [11.8702336, 44.525326], [11.8706926, 44.5252208], [11.8707275, 44.5251336], [11.8710653, 44.5251214], [11.8711001, 44.5250342], [11.8715519, 44.5250217], [11.8715984, 44.5249316], [11.8725602, 44.5248137], [11.8725978, 44.5247262], [11.8733486, 44.5247075], [11.8733616, 44.5249408], [11.87351, 44.5250502], [11.8739444, 44.5250515], [11.8741133, 44.5249219], [11.8740991, 44.5246346], [11.8739731, 44.5246014], [11.8739686, 44.5245139], [11.87409, 44.5244188], [11.8748004, 44.5243072], [11.8748352, 44.5242199], [11.8752871, 44.5242075], [11.8753363, 44.5241171], [11.8758357, 44.5241047], [11.8759658, 44.5241914], [11.8759832, 44.5245147], [11.8761092, 44.5245479], [11.8761324, 44.5247972], [11.8762486, 44.5248165], [11.8762615, 44.5250839], [11.8760493, 44.5250928], [11.8760145, 44.5251801], [11.8756767, 44.5251922], [11.8756419, 44.5252795], [11.8751784, 44.5252948], [11.8751436, 44.5253821], [11.8746738, 44.5254917], [11.8746497, 44.5255746], [11.8741862, 44.5255899], [11.8739238, 44.5257863], [11.8739221, 44.5261331], [11.8734981, 44.5264546], [11.8736061, 44.5265879], [11.8739443, 44.526583], [11.8739531, 44.5267625], [11.8737106, 44.5269486], [11.873247, 44.5269639], [11.8732122, 44.5270512], [11.8728744, 44.5270633], [11.8728396, 44.5271506], [11.8725018, 44.5271627], [11.8724669, 44.52725], [11.8721291, 44.5272621], [11.8720943, 44.5273494], [11.8717565, 44.5273615], [11.8717216, 44.5274488], [11.8713838, 44.5274609], [11.8713462, 44.5275485], [11.8710937, 44.5274646], [11.8710764, 44.5271414], [11.8709504, 44.5271081], [11.8709272, 44.5268588], [11.8708114, 44.5268415], [11.8707945, 44.5265999], [11.8706725, 44.5265749], [11.8706456, 44.526409], [11.8705379, 44.5263983], [11.870382, 44.52589], [11.87026, 44.5258651]]]}}, {"type": "Feature", "properties": {"flooded": true, "source": "satellite", "area_m2": 6893.1}, "geometry": {"type": "Polygon", "coordinates": [[[11.8736747, 44.5466649], [11.873657, 44.5463057], [11.8737709, 44.5462826], [11.8738908, 44.5459397], [11.87401, 44.5459087], [11.8740032, 44.5456668], [11.8742541, 44.5456604], [11.8743843, 44.5457472], [11.874403, 44.5459066], [11.8745189, 44.5459239], [11.8745456, 44.5464609], [11.8744261, 44.5464939], [11.874433, 44.5467358], [11.8741904, 44.546922], [11.8740652, 44.5469252], [11.8736747, 44.5466649]]]}}, {"type": "Feature", "properties": {"flooded": true, "source": "satellite", "area_m2": 8078175.1}, "geometry": {"type": "Polygon", "coordinates": [[[11.8338257, 44.5219143], [11.8338039, 44.5214651], [11.8340476, 44.5213326], [11.8339119, 44.5211044], [11.8340346, 44.5210629], [11.8339853, 44.5200223], [11.8341068, 44.5199272], [11.8343189, 44.5199183], [11.8343566, 44.5198308], [11.8354815, 44.5198028], [11.8355165, 44.5198844], [11.8359454, 44.5199705], [11.8367198, 44.5193221], [11.8373476, 44.5193065], [11.8373663, 44.5194659], [11.8381323, 44.5199172], [11.8381591, 44.5200832], [11.838559, 44.5203489], [11.8387825, 44.5203511], [11.838795, 44.5205029], [11.8389169, 44.5205278], [11.8389492, 44.520828], [11.8391814, 44.5207913], [11.8394415, 44.5209649], [11.8394824, 44.5212262], [11.8398317, 44.5212253], [11.8398672, 44.5215711], [11.8402262, 44.5215756], [11.8401768, 44.5217304], [11.8404863, 44.5217491], [11.8405175, 44.5220051], [11.8407508, 44.5220126], [11.8408808, 44.5220994], [11.8408995, 44.5222588], [11.8411775, 44.5224443], [11.8415025, 44.5224805], [11.8415049, 44.5223669], [11.8410071, 44.5220959], [11.8409884, 44.5219365], [11.8403524, 44.521572], [11.8403338, 44.5214126], [11.8399579, 44.5212217], [11.8399392, 44.5210624], [11.8394333, 44.5207847], [11.8394147, 44.5206253], [11.8389087, 44.5203476], [11.8388901, 44.5201882], [11.8381241, 44.5197369], [11.8381055, 44.5195776], [11.8377296, 44.5193866], [11.8377209, 44.5192072], [11.837846, 44.5192041], [11.837976, 44.5192909], [11.8379947, 44.5194503], [11.8386306, 44.5198148], [11.8386574, 44.5199808], [11.8394153, 44.5204254], [11.8394339, 44.5205848], [11.8399399, 44.5208625], [11.8399666, 44.5210285], [11.8402, 44.5210361], [11.8402124, 44.5211878], [11.8405945, 44.5213863], [11.8406131, 44.5215457], [11.8411191, 44.5218234], [11.8411377, 44.5219828], [11.8419038, 44.522434], [11.8419162, 44.5225858], [11.8422983, 44.5227843], [11.842317, 44.5229437], [11.842823, 44.5232214], [11.8428416, 44.5233808], [11.8432175, 44.5235716], [11.8432219, 44.5236612], [11.8430996, 44.5236644], [11.8430535, 44.523579], [11.842841, 44.5235806], [11.8428224, 44.5234212], [11.8423164, 44.5231436], [11.8422896, 44.5229776], [11.8416295, 44.5225383], [11.8414215, 44.5225048], [11.8414197, 44.5226059], [11.8416656, 44.5227101], [11.8416923, 44.5228761], [11.8423202, 44.5232339], [11.8424733, 44.52357], [11.8427148, 44.5235842], [11.8428448, 44.523671], [11.8428635, 44.5238303], [11.8431093, 44.5239344], [11.8431324, 44.5241837], [11.8436706, 44.5245428], [11.8438941, 44.5245451], [11.8443165, 44.5248868], [11.8445316, 44.5249134], [11.8445263, 44.5248192], [11.8444105, 44.5248019], [11.8444016, 44.5246245], [11.8445241, 44.5246192], [11.8445456, 44.5247787], [11.8447914, 44.5248828], [11.8446932, 44.5252251], [11.8450691, 44.525416], [11.8450959, 44.525582], [11.8455938, 44.5258531], [11.8456205, 44.5260191], [11.8461184, 44.5262901], [11.8461371, 44.5264495], [11.8463829, 44.5265536], [11.8464016, 44.526713], [11.8466475, 44.5268171], [11.8466599, 44.5269688], [11.8467819, 44.5269938], [11.8467907, 44.5271732], [11.8463388, 44.5271855], [11.8462923, 44.5272756], [11.8460442, 44.5273183], [11.846064, 44.5275316], [11.8463098, 44.5276357], [11.8462605, 44.5277905], [11.8464443, 44.5278124], [11.8466062, 44.5283283], [11.8468953, 44.5285177], [11.8474346, 44.5285068], [11.8476625, 44.5282833], [11.8474723, 44.5282365], [11.8474636, 44.528057], [11.8480915, 44.5280414], [11.8483516, 44.5282149], [11.8485048, 44.528551], [11.8486209, 44.5285703], [11.8486249, 44.5286578], [11.8484021, 44.5286712], [11.8481428, 44.5288701], [11.8481632, 44.5291507], [11.8483955, 44.5291141], [11.8484223, 44.5292801], [11.8485732, 44.5293761], [11.8487354, 44.5293746], [11.8487819, 44.5292845], [11.8490215, 44.5292583], [11.8490201, 44.5290085], [11.849271, 44.5290022], [11.8496612, 44.5292625], [11.849688, 44.5294285], [11.8503161, 44.5297863], [11.8503429, 44.5299523], [11.8508408, 44.5302234], [11.8508676, 44.5303893], [11.8517558, 44.5309207], [11.8517683, 44.5310724], [11.8519127, 44.5311735], [11.8521273, 44.5311681], [11.8521379, 44.5310012], [11.852263, 44.530998], [11.8523063, 44.5310834], [11.8524436, 44.5310645], [11.8523662, 44.5307452], [11.85173, 44.5303808], [11.8517113, 44.5302214], [11.8509227, 44.5296941], [11.8507136, 44.5296495], [11.8506956, 44.5298217], [11.8509489, 44.5298606], [11.8509533, 44.5299501], [11.8507025, 44.5299563], [11.8504423, 44.5297828], [11.8504298, 44.529631], [11.8501777, 44.5295193], [11.8501734, 44.5294298], [11.8504242, 44.5294235], [11.8506107, 44.5295533], [11.8506662, 44.5294373], [11.8502903, 44.5292464], [11.8502634, 44.5290804], [11.8498956, 44.5288962], [11.8498831, 44.5287444], [11.8496311, 44.5286327], [11.8496042, 44.5284667], [11.8489763, 44.5281089], [11.8489495, 44.5279429], [11.8483215, 44.5275851], [11.8482947, 44.5274191], [11.8477968, 44.5271481], [11.8477781, 44.5269887], [11.8474022, 44.5267978], [11.8473754, 44.5266318], [11.847142, 44.5266243], [11.8471234, 44.5264649], [11.8466173, 44.5261872], [11.8466049, 44.5260355], [11.8463528, 44.5259238], [11.8463342, 44.5257644], [11.8456981, 44.5253999], [11.8456765, 44.5249868], [11.8455505, 44.5249535], [11.8455318, 44.5247941], [11.8452427, 44.5246047], [11.8446531, 44.5246158], [11.844393, 44.5244422], [11.8443744, 44.5242828], [11.8438684, 44.5240052], [11.8438395, 44.5236217], [11.8435995, 44.5236518], [11.8433394, 44.5234782], [11.8433126, 44.5233122], [11.8430792, 44.5233046], [11.8428191, 44.5231311], [11.8427923, 44.5229651], [11.8421644, 44.5226072], [11.8421458, 44.5224478], [11.8416398, 44.5221701], [11.8416274, 44.5220184], [11.8415054, 44.5219934], [11.8414786, 44.5218274], [11.8412409, 44.52173], [11.8412223, 44.5215706], [11.8409808, 44.5215564], [11.8407207, 44.5213828], [11.8407083, 44.5212311], [11.8404562, 44.5211193], [11.8404376, 44.5209599], [11.8401961, 44.5209457], [11.8401775, 44.5207864], [11.8398016, 44.5205955], [11.8397848, 44.5203538], [11.8394027, 44.5201553], [11.8393759, 44.5199893], [11.839106, 44.5198103], [11.8388825, 44.5198081], [11.8387203, 44.5196399], [11.8384967, 44.5196376], [11.8384781, 44.5194783], [11.8382323, 44.5193741], [11.8380854, 44.5190457], [11.8379635, 44.5190207], [11.8380065, 44.5188587], [11.837829, 44.518844], [11.8377858, 44.5187587], [11.8375733, 44.5187604], [11.8375422, 44.5185044], [11.8373089, 44.5184969], [11.8372903, 44.5183375], [11.8370122, 44.5181519], [11.8367887, 44.5181497], [11.8367701, 44.5179903], [11.8362642, 44.5177126], [11.8362517, 44.5175608], [11.8359997, 44.5174491], [11.8359811, 44.5172897], [11.8357353, 44.5171856], [11.8355823, 44.5168495], [11.8352064, 44.5166586], [11.835194, 44.5165068], [11.835072, 44.5164819], [11.8350549, 44.5161586], [11.8349289, 44.5161253], [11.8349202, 44.5159459], [11.8351628, 44.5157598], [11.8352879, 44.5157567], [11.8354771, 44.5158866], [11.835658, 44.5158173], [11.835653, 44.5155952], [11.8355311, 44.5155702], [11.8355136, 44.515211], [11.8357574, 44.5150784], [11.8356821, 44.514982], [11.8355087, 44.5151207], [11.8352579, 44.5151269], [11.8351234, 44.5149526], [11.8352448, 44.5148575], [11.8354569, 44.5148486], [11.8354946, 44.5147611], [11.8357704, 44.5148411], [11.8357388, 44.5146652], [11.8361906, 44.5146529], [11.8362327, 44.5144729], [11.8366962, 44.5144577], [11.8367267, 44.5142806], [11.8373158, 44.5142623], [11.8374719, 44.514082], [11.8378296, 44.5140597], [11.8378402, 44.5138928], [11.8384594, 44.5139015], [11.8384561, 44.513725], [11.8383341, 44.5137], [11.8383165, 44.5133428], [11.838423, 44.5133247], [11.838496, 44.5131904], [11.8383079, 44.5131605], [11.8382954, 44.5130088], [11.8381731, 44.5129818], [11.8381691, 44.5128943], [11.8382915, 44.5128548], [11.838273, 44.5124416], [11.8385281, 44.5125253], [11.8385467, 44.5126847], [11.8387925, 44.5127888], [11.8388093, 44.5130305], [11.8390613, 44.5131422], [11.8390848, 44.5132625], [11.8394383, 44.5131328], [11.8395684, 44.5132196], [11.8395995, 44.5134755], [11.8398328, 44.5134831], [11.839888, 44.5135707], [11.8400772, 44.5135468], [11.8400722, 44.5133247], [11.8399502, 44.5132997], [11.8399273, 44.5130504], [11.8398115, 44.5130331], [11.8399228, 44.5128338], [11.8394257, 44.5128627], [11.8394214, 44.5127731], [11.8396609, 44.512747], [11.8396642, 44.5126231], [11.8392826, 44.5125061], [11.8393864, 44.5120538], [11.8396372, 44.5120476], [11.83967, 44.5121732], [11.8398929, 44.5121312], [11.8399362, 44.5122166], [11.8401486, 44.5122149], [11.8401754, 44.5123809], [11.8404087, 44.5123885], [11.8406687, 44.5125621], [11.8406731, 44.5126516], [11.8404336, 44.5126777], [11.8404305, 44.5128377], [11.8400654, 44.512867], [11.840089, 44.5131933], [11.8406368, 44.5131928], [11.8406955, 44.5131015], [11.8413233, 44.5130859], [11.8412232, 44.5135105], [11.8414708, 44.5135324], [11.8414258, 44.5137771], [11.8416096, 44.513799], [11.8417396, 44.5138858], [11.8417582, 44.5140452], [11.841874, 44.5140625], [11.8418869, 44.5142958], [11.8420128, 44.5143291], [11.8420358, 44.5145784], [11.8421516, 44.5145957], [11.8421684, 44.5148374], [11.8422904, 44.5148623], [11.8423116, 44.5151939], [11.8424336, 44.5152189], [11.8425866, 44.5155549], [11.8427024, 44.5155723], [11.8427152, 44.5158056], [11.8428412, 44.5158389], [11.8428642, 44.5160882], [11.84298, 44.5161055], [11.8429968, 44.5163472], [11.8431188, 44.5163721], [11.8431356, 44.5166138], [11.8432576, 44.5166387], [11.8432707, 44.5169081], [11.8430741, 44.5168684], [11.8428969, 44.5169538], [11.8429105, 44.5171595], [11.8430679, 44.5172231], [11.8434051, 44.5170852], [11.8435576, 44.5172481], [11.8437666, 44.5172927], [11.843783, 44.5171118], [11.843657, 44.5170785], [11.8436483, 44.5168991], [11.8437734, 44.516896], [11.8438002, 44.517062], [11.8440092, 44.5171066], [11.8440255, 44.5169257], [11.8438996, 44.5168924], [11.8438952, 44.5168029], [11.8440165, 44.5167098], [11.8442393, 44.5166965], [11.8445061, 44.5164276], [11.8450082, 44.5164151], [11.845025, 44.5166567], [11.845147, 44.5166817], [11.8451595, 44.5168334], [11.8452814, 44.5168584], [11.8452939, 44.5170101], [11.8454591, 44.5171204], [11.8458799, 44.5170199], [11.8459147, 44.5169326], [11.8461375, 44.5169193], [11.8461444, 44.5165128], [11.8460185, 44.5164795], [11.846006, 44.5163277], [11.845884, 44.5163028], [11.8457452, 44.5160366], [11.8459878, 44.5158505], [11.8463256, 44.5158384], [11.8463604, 44.5157512], [11.8465725, 44.5157422], [11.8466074, 44.515655], [11.8468195, 44.5156461], [11.8468544, 44.5155588], [11.8470665, 44.5155499], [11.8471013, 44.5154626], [11.8473333, 44.5154434], [11.8473511, 44.5153662], [11.848353, 44.5153413], [11.8483963, 44.5154267], [11.8486088, 44.515425], [11.8489121, 44.5156839], [11.8495016, 44.5156728], [11.8500218, 44.5160199], [11.8500343, 44.5161716], [11.8501562, 44.5161966], [11.8501687, 44.5163483], [11.8503131, 44.5164493], [11.8507978, 44.5164506], [11.850983, 44.516625], [11.8511555, 44.516614], [11.8511797, 44.5165311], [11.8515281, 44.5165146], [11.8516716, 44.5164008], [11.8516692, 44.5162488], [11.8521685, 44.5162361], [11.8523014, 44.516323], [11.8523201, 44.5164824], [11.8526211, 44.5166741], [11.8547038, 44.5166229], [11.8548367, 44.5167098], [11.8549843, 44.5171558], [11.8545146, 44.5172654], [11.8543712, 44.5173792], [11.8543773, 44.5175035], [11.8544993, 44.5175284], [11.8545588, 44.5177059], [11.8553834, 44.5175963], [11.8555303, 44.5179248], [11.8556523, 44.5179497], [11.8556692, 44.5181914], [11.8557911, 44.5182163], [11.8557418, 44.5183711], [11.8560513, 44.5183898], [11.8560638, 44.5185416], [11.8561857, 44.5185665], [11.8561991, 44.5188339], [11.8555711, 44.5188516], [11.8555159, 44.518764], [11.8545641, 44.518787], [11.854518, 44.5187015], [11.8543169, 44.5187231], [11.8543267, 44.5191168], [11.8544527, 44.51915], [11.8544743, 44.5195632], [11.8546007, 44.5195985], [11.8546311, 44.5202255], [11.8545118, 44.5202564], [11.8545186, 44.5204984], [11.8542678, 44.5205046], [11.8541377, 44.5204179], [11.8541208, 44.5201762], [11.8539988, 44.5201513], [11.8539815, 44.519828], [11.8538556, 44.5197947], [11.8538325, 44.5195455], [11.8537167, 44.5195281], [11.8536995, 44.5192049], [11.8535735, 44.5191716], [11.8535518, 44.5187585], [11.8534258, 44.5187252], [11.8534028, 44.5184759], [11.853287, 44.5184586], [11.8532697, 44.5181354], [11.8529704, 44.51793], [11.852671, 44.5179375], [11.8526361, 44.5180247], [11.8521727, 44.5180399], [11.8521378, 44.5181272], [11.8517894, 44.5181437], [11.8517652, 44.5182266], [11.8514274, 44.5182386], [11.8513926, 44.5183259], [11.8506894, 44.5183445], [11.8506429, 44.5184346], [11.8503051, 44.5184467], [11.850151, 44.5185649], [11.8501534, 44.5187169], [11.8493324, 44.5186476], [11.8492737, 44.5187389], [11.8488102, 44.5187541], [11.8486541, 44.5189344], [11.848442, 44.5189434], [11.8482933, 44.5190537], [11.8483014, 44.5194386], [11.848429, 44.5194806], [11.8484521, 44.5197299], [11.8485679, 44.5197472], [11.8484551, 44.5199837], [11.8487111, 44.5201037], [11.8487327, 44.5205169], [11.8488587, 44.5205502], [11.8488799, 44.5208818], [11.8490019, 44.5209067], [11.8490282, 44.5214458], [11.8489144, 44.5214688], [11.8489094, 44.521584], [11.849037, 44.521626], [11.8489903, 44.5219465], [11.8491846, 44.5220725], [11.849189, 44.522162], [11.8486868, 44.5221745], [11.8486681, 44.5220151], [11.8484267, 44.522001], [11.8483715, 44.5219134], [11.8480956, 44.5219203], [11.8480491, 44.5220104], [11.8478369, 44.5220193], [11.8475584, 44.5222391], [11.8475724, 44.5225264], [11.8476983, 44.5225597], [11.8477349, 44.522731], [11.8481639, 44.5228171], [11.8483317, 44.5226339], [11.8486695, 44.5226218], [11.8488257, 44.5224415], [11.8489508, 44.5224384], [11.8489639, 44.5227077], [11.8488576, 44.5227238], [11.8487856, 44.5228605], [11.8490093, 44.5230593], [11.8493043, 44.5231043], [11.8497075, 44.5230419], [11.8500882, 44.5227499], [11.8500932, 44.5226347], [11.8498399, 44.5225958], [11.8496665, 44.5224237], [11.849077, 44.5224348], [11.8491939, 44.5222523], [11.8495704, 44.5222429], [11.8496256, 44.5223305], [11.8502032, 44.5223171], [11.8502509, 44.5224923], [11.8509705, 44.522568], [11.8511328, 44.5227362], [11.8516077, 44.5227321], [11.8516629, 44.5228197], [11.8519139, 44.5227954], [11.851858, 44.5226357], [11.852106, 44.5226297], [11.8520916, 44.5228066], [11.8523896, 44.5227992], [11.8522278, 44.5225366], [11.8524787, 44.5225303], [11.8525334, 44.5226625], [11.8531115, 44.5226045], [11.8531158, 44.522694], [11.8529311, 44.5227332], [11.8530498, 44.5228751], [11.8538787, 44.5228554], [11.8539462, 44.5229436], [11.8550143, 44.522917], [11.8551443, 44.5230038], [11.8551013, 44.5231659], [11.8553258, 44.5232222], [11.8554633, 44.5231437], [11.8553963, 44.5229975], [11.8558984, 44.5229849], [11.8559028, 44.5230745], [11.8555959, 44.5231086], [11.8556992, 44.5233007], [11.856163, 44.5232484], [11.8563364, 44.5234648], [11.8566745, 44.5234156], [11.856697, 44.5234917], [11.8569303, 44.5234993], [11.8569736, 44.5235846], [11.8576932, 44.5236602], [11.8577156, 44.5237363], [11.857949, 44.5237438], [11.8579922, 44.5238291], [11.8587075, 44.5238149], [11.8587397, 44.5238963], [11.8590889, 44.5238953], [11.8591211, 44.5239768], [11.8593447, 44.5239789], [11.8594122, 44.5240671], [11.8596566, 44.5240347], [11.8595834, 44.5237029], [11.8598308, 44.5237132], [11.8598262, 44.5235528], [11.8597003, 44.5235195], [11.8596959, 44.52343], [11.8603991, 44.5234113], [11.8604484, 44.5233209], [11.8611536, 44.523347], [11.8611953, 44.5232124], [11.8615437, 44.5231958], [11.8615635, 44.5230231], [11.8618061, 44.5228369], [11.8619312, 44.5228338], [11.8620613, 44.5229206], [11.8620979, 44.5230919], [11.8623214, 44.5230941], [11.8623537, 44.5231755], [11.8625772, 44.5231777], [11.8627543, 44.5233062], [11.8629587, 44.5232582], [11.8631057, 44.5235866], [11.8632277, 44.5236115], [11.863249, 44.5239431], [11.863371, 44.523968], [11.8633217, 44.5242048], [11.8635099, 44.5242346], [11.8635143, 44.5243241], [11.863192, 44.5242876], [11.862863, 44.5243439], [11.8628919, 44.52452], [11.8627695, 44.5245229], [11.8627948, 44.5243495], [11.862548, 44.524352], [11.8625176, 44.5245292], [11.8623963, 44.5246222], [11.8619372, 44.5247274], [11.8619024, 44.5248147], [11.8616903, 44.5248236], [11.8616554, 44.5249109], [11.8614433, 44.5249198], [11.8614085, 44.5250071], [11.8610823, 44.5250164], [11.8610358, 44.5251065], [11.8608677, 44.5251233], [11.8609189, 44.5252895], [11.8608051, 44.5253125], [11.8608018, 44.5254364], [11.8609278, 44.5254697], [11.8609509, 44.525719], [11.8613269, 44.5259098], [11.8613438, 44.5261515], [11.8615959, 44.5262632], [11.8616145, 44.5264225], [11.861856, 44.5264367], [11.8617433, 44.5266732], [11.8618693, 44.5267064], [11.8618822, 44.5269397], [11.8620082, 44.526973], [11.8620269, 44.5271324], [11.8621427, 44.5271497], [11.8621596, 44.5273914], [11.8622816, 44.5274163], [11.8623084, 44.5275823], [11.8624161, 44.527593], [11.862433, 44.5278346], [11.862555, 44.5278595], [11.8625819, 44.5280255], [11.8628196, 44.528123], [11.8629728, 44.528459], [11.863274, 44.5286507], [11.8635615, 44.5286409], [11.863824, 44.5284445], [11.863826, 44.5281338], [11.8633097, 44.5278402], [11.863288, 44.5274271], [11.863162, 44.5273938], [11.8631351, 44.5272278], [11.8630275, 44.5272171], [11.8630088, 44.5270577], [11.8628929, 44.5270405], [11.8627371, 44.5265322], [11.8624894, 44.5265104], [11.8624806, 44.526331], [11.8626019, 44.5262379], [11.862814, 44.526229], [11.8628489, 44.5261417], [11.8633511, 44.5261291], [11.8633742, 44.5263784], [11.8638803, 44.526656], [11.8638928, 44.5268077], [11.8641449, 44.5269194], [11.8641718, 44.5270854], [11.8643346, 44.5271837], [11.864724, 44.5271747], [11.8653891, 44.5266181], [11.8656119, 44.5266047], [11.8657574, 44.5264288], [11.8662165, 44.5263236], [11.8662513, 44.5262364], [11.8665021, 44.5262301], [11.8665573, 44.5263176], [11.8672103, 44.5263012], [11.8672568, 44.5262111], [11.8676145, 44.5261887], [11.8676206, 44.5259319], [11.8678715, 44.5259256], [11.8680568, 44.5260999], [11.8684584, 44.5260898], [11.8685049, 44.5259997], [11.8687557, 44.5259934], [11.868773, 44.5263166], [11.868899, 44.5263499], [11.8689034, 44.5264394], [11.8686639, 44.5264656], [11.8686653, 44.5267154], [11.8684258, 44.5267417], [11.8683669, 44.5270338], [11.8684541, 44.5271579], [11.8685617, 44.5271686], [11.8685747, 44.5274019], [11.8687007, 44.5274352], [11.8687051, 44.5275247], [11.8685838, 44.5276177], [11.8683517, 44.527637], [11.8683456, 44.5278938], [11.8681051, 44.5280179], [11.8680472, 44.5282122], [11.8681163, 44.5283497], [11.86801, 44.5283657], [11.8679995, 44.5285327], [11.8678771, 44.5285722], [11.8678915, 44.5288955], [11.8677663, 44.5288986], [11.8677388, 44.5285594], [11.8674376, 44.5283678], [11.866773, 44.5283871], [11.8667381, 44.5284743], [11.8665153, 44.5284877], [11.8661262, 44.5287962], [11.8661403, 44.5290835], [11.8662663, 44.5291168], [11.8663029, 44.5292881], [11.8665265, 44.5292903], [11.8665587, 44.5293717], [11.8667823, 44.5293739], [11.8668498, 44.529462], [11.8672391, 44.5294514], [11.8672856, 44.5293612], [11.8677375, 44.5293488], [11.867784, 44.5292587], [11.8679091, 44.5292555], [11.8680392, 44.5293423], [11.8680481, 44.5295217], [11.8675962, 44.5295341], [11.8675497, 44.5296243], [11.8668392, 44.5297358], [11.8668043, 44.5298231], [11.8663525, 44.5298355], [11.866306, 44.5299256], [11.8660739, 44.5299448], [11.866059, 44.5300218], [11.8656071, 44.5300342], [11.8655606, 44.5301244], [11.8654383, 44.5301276], [11.8652774, 44.5298306], [11.8650452, 44.5298672], [11.8650363, 44.5296878], [11.8652416, 44.5297262], [11.8652852, 44.5296363], [11.8651576, 44.5295943], [11.8651143, 44.5294647], [11.8649018, 44.5295107], [11.864893, 44.5293313], [11.8651434, 44.5293333], [11.8649666, 44.5290626], [11.8646826, 44.5290215], [11.864405, 44.5290809], [11.8643808, 44.5291637], [11.8640323, 44.5291802], [11.8639479, 44.5293054], [11.864017, 44.5294429], [11.8637904, 44.5294122], [11.8637725, 44.5295843], [11.8640986, 44.5297561], [11.8642734, 44.5295269], [11.8646499, 44.5295175], [11.8646668, 44.5297591], [11.8649189, 44.5298708], [11.8649233, 44.5299603], [11.8648009, 44.5299998], [11.8648153, 44.5303231], [11.8646901, 44.5303263], [11.8646714, 44.5301669], [11.8641088, 44.5298464], [11.8640478, 44.5300723], [11.8639286, 44.5301033], [11.8639588, 44.5302472], [11.8641581, 44.5302864], [11.8641741, 44.5300695], [11.8642993, 44.5300664], [11.8643181, 44.5303525], [11.8645639, 44.5303298], [11.864529, 44.5304981], [11.8647737, 44.5305036], [11.8648202, 44.5304134], [11.8649454, 44.5304103], [11.865368, 44.530752], [11.8655915, 44.5307542], [11.8667625, 44.531535], [11.8667992, 44.5317063], [11.8669562, 44.5317548], [11.8676513, 44.5316927], [11.8676642, 44.531926], [11.8677902, 44.5319593], [11.8677948, 44.5320468], [11.8676098, 44.532088], [11.8676866, 44.5324116], [11.8674313, 44.532328], [11.8673947, 44.5321566], [11.8671711, 44.5321545], [11.8671158, 44.5320669], [11.8668283, 44.5320767], [11.8667934, 44.532164], [11.8665485, 44.5321981], [11.8665726, 44.5327637], [11.866884, 44.5329713], [11.8671716, 44.5329615], [11.8672064, 44.5328742], [11.8677059, 44.5328614], [11.867752, 44.5329469], [11.8679645, 44.5329452], [11.867977, 44.5330969], [11.868099, 44.5331218], [11.8682523, 44.5334579], [11.8684982, 44.5335619], [11.8685346, 44.534081], [11.8686938, 44.5341836], [11.8689063, 44.5341818], [11.8689188, 44.5343336], [11.8690408, 44.5343585], [11.8690765, 44.5347043], [11.8692433, 44.5347581], [11.8694356, 44.5347087], [11.8694842, 44.5356973], [11.8693629, 44.5357904], [11.8689976, 44.5358198], [11.8690259, 44.536236], [11.8693463, 44.5362377], [11.8695052, 44.5360571], [11.8723932, 44.5359846], [11.8724197, 44.5365237], [11.8721771, 44.5367099], [11.871718, 44.5368151], [11.8716832, 44.5369024], [11.8713453, 44.5369145], [11.8713104, 44.5370018], [11.8692996, 44.5370523], [11.8691695, 44.5369656], [11.8691525, 44.5367239], [11.8689983, 44.5366176], [11.8688134, 44.5366181], [11.8687785, 44.5367053], [11.8685587, 44.5366714], [11.8684668, 44.536754], [11.868546, 44.5369982], [11.8687918, 44.5369755], [11.8688092, 44.5372987], [11.8689352, 44.537332], [11.868944, 44.5375114], [11.8686966, 44.5375011], [11.8687039, 44.5377427], [11.8688316, 44.5377847], [11.8687761, 44.5379253], [11.8688636, 44.5382138], [11.8691051, 44.5382279], [11.8691095, 44.5383175], [11.8688867, 44.5383309], [11.8688024, 44.5384541], [11.8689926, 44.5385009], [11.8690015, 44.5386803], [11.8687506, 44.5386866], [11.8687955, 44.5384419], [11.8685485, 44.5384218], [11.8684986, 44.5386929], [11.8674259, 44.5386301], [11.8673672, 44.5387214], [11.8671443, 44.5387347], [11.8671202, 44.5388176], [11.866995, 44.5388207], [11.8669398, 44.5387332], [11.8667419, 44.5387735], [11.8667633, 44.5390311], [11.8670033, 44.539001], [11.8670077, 44.5390905], [11.8669013, 44.5391065], [11.8668262, 44.5392325], [11.8670165, 44.5392707], [11.8670209, 44.5393602], [11.8669017, 44.5393912], [11.8669139, 44.5395232], [11.8671555, 44.5395373], [11.8671599, 44.5396268], [11.8670375, 44.5396663], [11.8670611, 44.5397964], [11.8672945, 44.5398039], [11.8673497, 44.5398914], [11.8680532, 44.5398748], [11.8682156, 44.540043], [11.868695, 44.5401288], [11.8686994, 44.5402183], [11.8684557, 44.5403509], [11.8684891, 44.5404863], [11.8687127, 44.5404884], [11.8686039, 44.5407333], [11.868726, 44.5407582], [11.8687528, 44.5409242], [11.8689862, 44.5409317], [11.8693767, 44.5411919], [11.8693811, 44.5412815], [11.8691962, 44.5413206], [11.8692822, 44.541451], [11.8695156, 44.5414585], [11.86952, 44.541548], [11.8693976, 44.5415875], [11.869412, 44.5419108], [11.8691768, 44.542027], [11.8691135, 44.5422292], [11.8692007, 44.5423533], [11.8693084, 44.542364], [11.8693353, 44.54253], [11.8695687, 44.5425375], [11.8696362, 44.5426256], [11.8708303, 44.5425958], [11.8708979, 44.5426839], [11.872092, 44.542654], [11.8722221, 44.5427408], [11.8722265, 44.5428303], [11.871986, 44.5429544], [11.8719884, 44.5431064], [11.8718671, 44.5431995], [11.8716442, 44.5432128], [11.8713774, 44.5434819], [11.8711653, 44.5434908], [11.8711304, 44.5435781], [11.8707925, 44.5435902], [11.8707577, 44.5436775], [11.8704198, 44.5436896], [11.8702636, 44.54387], [11.8699257, 44.5438821], [11.8698953, 44.5440593], [11.8695646, 44.5439786], [11.8693956, 44.5441083], [11.8694521, 44.5442498], [11.869774, 44.5441528], [11.8697865, 44.5443045], [11.8700387, 44.5444162], [11.8700574, 44.5445755], [11.870299, 44.5445897], [11.870312, 44.544823], [11.870438, 44.5448563], [11.8704567, 44.5450156], [11.8706983, 44.5450298], [11.8706679, 44.545288], [11.8709586, 44.5452033], [11.8709094, 44.54544], [11.8712233, 44.5454667], [11.8712359, 44.5456184], [11.8713579, 44.5456433], [11.8713756, 44.5460026], [11.8711247, 44.5460089], [11.8711595, 44.5458406], [11.8708644, 44.5458354], [11.8700835, 44.5453149], [11.8700647, 44.5451555], [11.8696886, 44.5449647], [11.8696617, 44.5447987], [11.8691636, 44.5445278], [11.8691367, 44.5443618], [11.8682481, 44.5438306], [11.8682312, 44.543589], [11.867979, 44.5434773], [11.8679603, 44.5433179], [11.8671937, 44.5428668], [11.867175, 44.5427075], [11.8664085, 44.5422564], [11.8663898, 44.542097], [11.8658835, 44.5418195], [11.8658566, 44.5416535], [11.8656232, 44.5416459], [11.8656045, 44.5414866], [11.8652284, 44.5412958], [11.8652016, 44.5411298], [11.8645733, 44.5407721], [11.8645465, 44.5406061], [11.8637881, 44.5401616], [11.8637613, 44.5399956], [11.863003, 44.5395511], [11.8629761, 44.5393851], [11.8622178, 44.5389406], [11.8622053, 44.5387889], [11.8619531, 44.5386772], [11.8619263, 44.5385112], [11.8612981, 44.5381535], [11.8612893, 44.5379741], [11.8636386, 44.5379115], [11.8639086, 44.5377081], [11.8639117, 44.5375482], [11.8640341, 44.5375087], [11.8639977, 44.5367358], [11.8644496, 44.5367234], [11.8644989, 44.536633], [11.8646213, 44.5366301], [11.8646765, 44.5367177], [11.8650782, 44.5367076], [11.8651247, 44.5366175], [11.8654625, 44.5366054], [11.8656112, 44.536495], [11.8656013, 44.5361014], [11.8654753, 44.5360681], [11.8654522, 44.5358188], [11.8651515, 44.5357616], [11.8649592, 44.535811], [11.8650074, 44.5355719], [11.8647804, 44.5354159], [11.8645645, 44.5354608], [11.8643752, 44.535331], [11.8640572, 44.5353835], [11.8640352, 44.5349344], [11.8641545, 44.5349034], [11.8641521, 44.5347514], [11.8644029, 44.5347451], [11.8644205, 44.5351043], [11.8643013, 44.5351353], [11.8643228, 44.5353181], [11.8646808, 44.5352783], [11.8647136, 44.5354039], [11.8649366, 44.5353619], [11.8651232, 44.5354916], [11.8651886, 44.5353555], [11.8653138, 44.5353524], [11.8653325, 44.5355118], [11.865553, 44.535561], [11.8656348, 44.5354836], [11.8655613, 44.5352562], [11.8658095, 44.5352135], [11.8658598, 44.5349378], [11.8657509, 44.533991], [11.8659476, 44.5340307], [11.86606, 44.5339527], [11.8658722, 44.5338976], [11.8659622, 44.5335486], [11.8657289, 44.5335411], [11.8657102, 44.5333817], [11.8655259, 44.5333214], [11.8654769, 44.5335474], [11.8653517, 44.5335505], [11.8652213, 44.5334618], [11.8652172, 44.5333743], [11.8653962, 44.5332492], [11.8653338, 44.5331911], [11.8649231, 44.5332085], [11.8649697, 44.5334701], [11.8647216, 44.5334765], [11.8648545, 44.5332063], [11.8646186, 44.5332125], [11.8645809, 44.5333], [11.8632044, 44.5333346], [11.8631463, 44.5332469], [11.8624429, 44.5332634], [11.8624107, 44.533182], [11.8621871, 44.5331798], [11.8621196, 44.5330917], [11.8616045, 44.5331055], [11.8615552, 44.5331959], [11.8613527, 44.5331572], [11.861311, 44.5332918], [11.8601802, 44.5333202], [11.8601714, 44.5331407], [11.8604035, 44.5331215], [11.8604785, 44.5330041], [11.8604138, 44.5329544], [11.8599616, 44.5329666], [11.8599123, 44.533057], [11.8596642, 44.533063], [11.8596418, 44.532987], [11.859522, 44.5329776], [11.8595424, 44.5331561], [11.8594211, 44.5332492], [11.8589188, 44.5332618], [11.8589493, 44.5330035], [11.8586586, 44.5330882], [11.8583308, 44.5328266], [11.857313, 44.5328529], [11.8572665, 44.532943], [11.8570437, 44.5329564], [11.8570167, 44.5330395], [11.8561779, 44.5329274], [11.8560749, 44.5330137], [11.8561718, 44.5331431], [11.8563288, 44.5331916], [11.8566468, 44.533139], [11.8566512, 44.5332285], [11.8562989, 44.5332009], [11.8562756, 44.5333281], [11.8560276, 44.5333342], [11.8558975, 44.5332474], [11.8558931, 44.5331579], [11.8560745, 44.5330244], [11.8559346, 44.5329774], [11.8557668, 44.5331606], [11.855582, 44.5331998], [11.85578, 44.5334304], [11.8555292, 44.5334367], [11.8553991, 44.5333499], [11.8553722, 44.5331839], [11.8551389, 44.5331763], [11.854964, 44.5330483], [11.8548865, 44.5330761], [11.8548894, 44.5332278], [11.8551427, 44.5332667], [11.8554029, 44.5334402], [11.8555499, 44.5337686], [11.8559321, 44.5339671], [11.8559508, 44.5341265], [11.8568473, 44.5346644], [11.8568659, 44.5348238], [11.8573721, 44.5351014], [11.8573908, 44.5352608], [11.8577668, 44.5354516], [11.8577756, 44.535631], [11.8576533, 44.5356343], [11.8575203, 44.5355474], [11.8574935, 44.5353814], [11.857201, 44.5353308], [11.8555282, 44.535425], [11.8554852, 44.5355953], [11.8556933, 44.5356381], [11.8562631, 44.5355813], [11.8562715, 44.5357587], [11.8558939, 44.5356616], [11.8558429, 44.5359903], [11.8559296, 44.5364875], [11.8558044, 44.5364906], [11.8558423, 44.5359903], [11.8557534, 44.5356575], [11.8555414, 44.5356947], [11.8554589, 44.5358112], [11.8555304, 44.5360473], [11.8554166, 44.5360704], [11.8554132, 44.5361943], [11.8555392, 44.5362276], [11.8555565, 44.5365508], [11.8556825, 44.5365841], [11.8557012, 44.5367435], [11.8559428, 44.5367576], [11.855998, 44.5368452], [11.8562739, 44.5368383], [11.8563205, 44.5367482], [11.8565525, 44.536729], [11.8565675, 44.536652], [11.8568937, 44.5366427], [11.8569402, 44.5365526], [11.8570626, 44.5365493], [11.8570779, 44.5367012], [11.8572432, 44.5368115], [11.8577825, 44.5368005], [11.857829, 44.5367104], [11.8580686, 44.5366842], [11.8581885, 44.5363413], [11.8584366, 44.5363349], [11.8584581, 44.5364944], [11.8588341, 44.5366852], [11.8588708, 44.5368566], [11.8590944, 44.5368587], [11.8591266, 44.5369402], [11.8593259, 44.5369794], [11.8593364, 44.5368725], [11.8590905, 44.5367684], [11.8590861, 44.5366789], [11.8592085, 44.5366756], [11.8594715, 44.5368493], [11.8594902, 44.5370087], [11.8599964, 44.5372863], [11.8600052, 44.5374657], [11.85988, 44.5374688], [11.8597499, 44.5373821], [11.8597231, 44.5372161], [11.859453, 44.5370372], [11.8592379, 44.5370107], [11.8592513, 44.5371115], [11.8594891, 44.537209], [11.8595078, 44.5373683], [11.8598839, 44.5375592], [11.8598927, 44.5377386], [11.8597788, 44.5377617], [11.8597758, 44.5379216], [11.8596525, 44.5379699], [11.8596718, 44.5383383], [11.8597978, 44.5383715], [11.8598165, 44.5385309], [11.8600581, 44.5385451], [11.8601256, 44.5386332], [11.8607736, 44.5385235], [11.8608085, 44.5384362], [11.8610638, 44.5385199], [11.8610825, 44.5386792], [11.8618489, 44.5391303], [11.8618614, 44.5392821], [11.8619835, 44.539307], [11.8619923, 44.5394865], [11.8617477, 44.5396278], [11.861767, 44.5399962], [11.861893, 44.5400295], [11.8619117, 44.5401889], [11.8620951, 44.5402943], [11.8627359, 44.5402774], [11.8627824, 44.5401872], [11.8629076, 44.5401841], [11.863298, 44.5404444], [11.8633248, 44.5406104], [11.8642133, 44.5411416], [11.8642258, 44.5412933], [11.8643478, 44.5413183], [11.8643611, 44.5415876], [11.8642378, 44.5416359], [11.8642799, 44.5421168], [11.8645729, 44.5423018], [11.8652764, 44.5422852], [11.8655592, 44.5425348], [11.8657926, 44.5425423], [11.8664433, 44.5429761], [11.8664565, 44.5432455], [11.8662443, 44.5432544], [11.8660902, 44.5433727], [11.8661113, 44.5436845], [11.8664248, 44.5438766], [11.8668259, 44.5438631], [11.866982, 44.5436828], [11.8672329, 44.5436765], [11.8677535, 44.5440235], [11.8677804, 44.5441895], [11.8684087, 44.5445472], [11.8684355, 44.5447132], [11.8693241, 44.5452444], [11.8693428, 44.5454037], [11.869719, 44.5455945], [11.8697459, 44.5457605], [11.8703742, 44.5461182], [11.8704011, 44.5462842], [11.8707691, 44.5464684], [11.8707816, 44.5466201], [11.8709036, 44.546645], [11.8709254, 44.5470582], [11.8710515, 44.5470914], [11.8710559, 44.5471809], [11.870805, 44.5471873], [11.8707497, 44.5470997], [11.8701719, 44.5471132], [11.8701166, 44.5470256], [11.8695775, 44.5470417], [11.8694234, 44.54716], [11.8694258, 44.547312], [11.8693065, 44.547343], [11.869249, 44.5475461], [11.8693276, 44.5476547], [11.8695692, 44.5476689], [11.8696245, 44.5477564], [11.8700262, 44.5477463], [11.870194, 44.5475631], [11.871011, 44.5475424], [11.8710697, 44.5474511], [11.8715721, 44.5474384], [11.8717345, 44.5476066], [11.8722141, 44.5476923], [11.8724744, 44.5478658], [11.8724931, 44.5480252], [11.8727391, 44.5481293], [11.8728827, 44.5484833], [11.8727593, 44.5485337], [11.8728055, 44.5494776], [11.8726916, 44.5495006], [11.8726886, 44.5496605], [11.8725673, 44.5497536], [11.8723352, 44.5497728], [11.8723247, 44.5499398], [11.8722034, 44.5500329], [11.8712008, 44.5500583], [11.8711428, 44.5499706], [11.870376, 44.549989], [11.8703173, 44.5500803], [11.8696891, 44.5500961], [11.8692553, 44.5497505], [11.8687985, 44.5498486], [11.8687404, 44.5497609], [11.8683387, 44.549771], [11.8681689, 44.5499095], [11.868332, 44.5506704], [11.8681091, 44.5506838], [11.8679636, 44.5508597], [11.8670013, 44.5509775], [11.8669665, 44.5510648], [11.8667343, 44.551084], [11.8667194, 44.551161], [11.8658902, 44.5511829], [11.8658408, 44.5512733], [11.8655883, 44.5511894], [11.8655795, 44.55101], [11.8658147, 44.5508939], [11.8659166, 44.5505644], [11.8657497, 44.5505106], [11.8647276, 44.5505819], [11.8646811, 44.5506721], [11.8644489, 44.5506913], [11.8644384, 44.5508582], [11.8643191, 44.5508892], [11.8643436, 44.5514908], [11.8642242, 44.5515217], [11.8642266, 44.5516737], [11.8640144, 44.5516827], [11.8639796, 44.55177], [11.8632644, 44.5517915], [11.8631082, 44.5519719], [11.8628142, 44.5519919], [11.8628655, 44.552158], [11.8627442, 44.5522511], [11.8619903, 44.55227], [11.8619306, 44.5520925], [11.8609001, 44.5521183], [11.8608536, 44.5522085], [11.8598913, 44.5523262], [11.8598565, 44.5524135], [11.8596243, 44.5524327], [11.8596094, 44.5525097], [11.8590199, 44.5525281], [11.858985, 44.5526154], [11.8582339, 44.5526344], [11.8581759, 44.5525467], [11.8576484, 44.5525599], [11.8576106, 44.5528299], [11.8569825, 44.5528456], [11.8569502, 44.5527642], [11.856777, 44.5527618], [11.856732, 44.5529421], [11.8556037, 44.5529701], [11.855585, 44.5528107], [11.8551766, 44.5525385], [11.8547401, 44.5525452], [11.8545839, 44.5527256], [11.8543717, 44.5527345], [11.8542304, 44.5528378], [11.8542199, 44.5530047], [11.8539792, 44.5531288], [11.8539857, 44.5533347], [11.8541117, 44.5533679], [11.8541161, 44.5534575], [11.8534126, 44.5534761], [11.853366, 44.5535662], [11.8530174, 44.5535827], [11.8529932, 44.5536656], [11.8526552, 44.5536777], [11.8526203, 44.5537649], [11.8521503, 44.5538745], [11.8520048, 44.5540504], [11.8517819, 44.5540637], [11.8513936, 44.5544258], [11.8510357, 44.5544481], [11.8510383, 44.5548848], [11.850919, 44.5549157], [11.8509213, 44.5550677], [11.8506861, 44.5551838], [11.850683, 44.5553438], [11.8504601, 44.5553571], [11.8500718, 44.5557191], [11.8495694, 44.5557317], [11.8495469, 44.5556556], [11.8493135, 44.555648], [11.8492702, 44.5555627], [11.8490576, 44.5555644], [11.8488952, 44.5553962], [11.8486715, 44.555394], [11.8483888, 44.5551444], [11.8481553, 44.5551368], [11.8479819, 44.5549647], [11.8477693, 44.5549664], [11.8476069, 44.5547982], [11.8473833, 44.554796], [11.8468627, 44.5544489], [11.8467095, 44.5541128], [11.8463334, 44.5539219], [11.8463246, 44.5537425], [11.8466471, 44.553779], [11.8470554, 44.5536208], [11.847066, 44.5534539], [11.8477921, 44.5529577], [11.8477623, 44.5524661], [11.8473358, 44.5524119], [11.8470177, 44.5524645], [11.8470133, 44.5523749], [11.8473478, 44.5524095], [11.8474443, 44.5523002], [11.8472604, 44.5522783], [11.847087, 44.5521063], [11.8466855, 44.5521128], [11.8462701, 44.5524133], [11.8462671, 44.5525732], [11.8461457, 44.5526663], [11.8459228, 44.5526796], [11.8458986, 44.5527624], [11.8454465, 44.5527748], [11.8454, 44.5528649], [11.845149, 44.5528712], [11.8447586, 44.5526108], [11.84474, 44.5524514], [11.8441036, 44.552087], [11.8440911, 44.5519352], [11.8437088, 44.5517367], [11.8436902, 44.5515774], [11.8433141, 44.5513865], [11.8433016, 44.5512347], [11.8431792, 44.5512078], [11.8432779, 44.5508674], [11.8429767, 44.5506757], [11.8426547, 44.5507727], [11.8418739, 44.550252], [11.841727, 44.5499236], [11.8416049, 44.5498986], [11.8415925, 44.5497469], [11.8414704, 44.5497219], [11.841458, 44.5495702], [11.8413359, 44.5495452], [11.8413235, 44.5493935], [11.8412014, 44.5493685], [11.841189, 44.5492168], [11.841067, 44.5491918], [11.8410495, 44.5488326], [11.8414061, 44.5486234], [11.8413993, 44.5484836], [11.8407805, 44.5484788], [11.8406503, 44.548392], [11.8406317, 44.5482326], [11.8402332, 44.5479656], [11.8399998, 44.547958], [11.8394793, 44.5476109], [11.8393324, 44.5472824], [11.8392103, 44.5472575], [11.8391979, 44.5471057], [11.8390759, 44.5470808], [11.8390634, 44.546929], [11.8389414, 44.5469041], [11.8389289, 44.5467523], [11.8388069, 44.5467274], [11.8387944, 44.5465756], [11.8386724, 44.5465507], [11.8386596, 44.5463173], [11.8385336, 44.5462841], [11.8385068, 44.5461181], [11.8383991, 44.5461073], [11.8383822, 44.5458657], [11.8382602, 44.5458407], [11.8381071, 44.5455046], [11.8379913, 44.5454873], [11.8379744, 44.5452456], [11.8378524, 44.5452207], [11.8378308, 44.5448075], [11.8377048, 44.5447742], [11.837678, 44.5446082], [11.8375703, 44.5445975], [11.8375223, 44.5436089], [11.8376448, 44.5435694], [11.8376174, 44.5429763], [11.8377407, 44.542928], [11.8376426, 44.5409051], [11.8377619, 44.5408742], [11.8377552, 44.5406323], [11.8378766, 44.5405392], [11.8380887, 44.5405303], [11.8381236, 44.540443], [11.8384722, 44.5404266], [11.8384921, 44.5402538], [11.8386153, 44.5402056], [11.8383012, 44.5397217], [11.8381167, 44.5397304], [11.8380968, 44.5399032], [11.8378499, 44.5399973], [11.8377409, 44.5377538], [11.8378604, 44.5377209], [11.8378493, 44.537389], [11.8379718, 44.5373496], [11.8379049, 44.5359493], [11.8380283, 44.535899], [11.8380092, 44.5355306], [11.8378832, 44.5354973], [11.8378701, 44.5352279], [11.8379894, 44.535197], [11.8379827, 44.534955], [11.8384606, 44.5346529], [11.8384593, 44.534403], [11.838687, 44.534294], [11.8387622, 44.534168], [11.8385719, 44.5341298], [11.8385632, 44.5339503], [11.8386864, 44.5339021], [11.8386339, 44.5328231], [11.8385063, 44.532781], [11.8384733, 44.5321069], [11.8383457, 44.5320648], [11.8383241, 44.5316517], [11.8381977, 44.5316164], [11.8381717, 44.5310813], [11.8382943, 44.5310398], [11.838276, 44.5306626], [11.8378986, 44.5306356], [11.8378434, 44.530548], [11.8375171, 44.530555], [11.8373871, 44.5304682], [11.8373703, 44.5302265], [11.8372483, 44.5302016], [11.8372311, 44.5298784], [11.8371051, 44.5298451], [11.8370789, 44.529306], [11.8372002, 44.5292129], [11.8374398, 44.5291868], [11.8375075, 44.5290745], [11.8374254, 44.5286672], [11.8376531, 44.5285581], [11.8376662, 44.5284724], [11.8367834, 44.5284106], [11.8367576, 44.5278735], [11.8370003, 44.5276875], [11.8372231, 44.5276741], [11.8373686, 44.5274983], [11.8376007, 44.5274791], [11.8376113, 44.5273122], [11.8377337, 44.5272727], [11.8377214, 44.5269942], [11.8375616, 44.5268707], [11.8372911, 44.5268267], [11.8363353, 44.5268936], [11.8362024, 44.5268067], [11.8361765, 44.5263036], [11.8360505, 44.5262703], [11.8360219, 44.525686], [11.8358943, 44.525644], [11.8358768, 44.5252847], [11.8359982, 44.5251917], [11.836336, 44.5251797], [11.8364847, 44.5250694], [11.836475, 44.5246757], [11.836349, 44.5246424], [11.8363014, 44.5244672], [11.8353348, 44.5244876], [11.8352915, 44.5244022], [11.835079, 44.5244039], [11.8350662, 44.5241706], [11.8349402, 44.5241373], [11.8349173, 44.523888], [11.8348015, 44.5238706], [11.8347843, 44.5235474], [11.8346583, 44.5235141], [11.8346353, 44.5232648], [11.8345195, 44.5232475], [11.8345027, 44.5230058], [11.8343808, 44.5229808], [11.834364, 44.5227392], [11.834242, 44.5227142], [11.8342252, 44.5224725], [11.8341032, 44.5224476], [11.8340765, 44.5222816], [11.8339688, 44.5222709], [11.8339516, 44.5219476], [11.8338257, 44.5219143]], [[11.8685961, 44.5495199], [11.8686786, 44.5496584], [11.8688776, 44.5497075], [11.8689082, 44.549576], [11.8691478, 44.5495498], [11.8691471, 44.5494175], [11.868808, 44.5493573], [11.8687775, 44.5494889], [11.8685961, 44.5495199]], [[11.8671577, 44.5464724], [11.8668822, 44.5466837], [11.8668989, 44.5469056], [11.8670581, 44.5470082], [11.8673964, 44.5470033], [11.8674516, 44.5470909], [11.8679908, 44.5470747], [11.8682694, 44.5468549], [11.8682508, 44.5464777], [11.8680696, 44.5463569], [11.8677936, 44.5463638], [11.8677471, 44.5464539], [11.8675242, 44.5464673], [11.8675044, 44.5466401], [11.8673793, 44.5466432], [11.8673426, 44.5464719], [11.8671577, 44.5464724]], [[11.8657832, 44.5473759], [11.866201, 44.547613], [11.866417, 44.547568], [11.8663616, 44.5477087], [11.8664402, 44.5478173], [11.8667184, 44.5480028], [11.866942, 44.548005], [11.8669854, 44.5480903], [11.8671699, 44.5480815], [11.8674347, 44.5478746], [11.867418, 44.5476527], [11.8667382, 44.5472031], [11.8658099, 44.5472264], [11.8657832, 44.5473759]], [[11.8662039, 44.5349622], [11.8664255, 44.5349192], [11.8663913, 44.5347926], [11.8661791, 44.5348103], [11.8662039, 44.5349622]], [[11.8660004, 44.5349937], [11.866087, 44.5351451], [11.8663021, 44.5351716], [11.8661488, 44.5349787], [11.8660004, 44.5349937]], [[11.8660666, 44.5496481], [11.8660289, 44.549918], [11.8659064, 44.5499575], [11.865944, 44.5505305], [11.8665347, 44.5505281], [11.8667941, 44.5503291], [11.8667971, 44.5501692], [11.8669164, 44.5501382], [11.8668953, 44.5498264], [11.866606, 44.5496371], [11.8660666, 44.5496481]], [[11.8658627, 44.5352947], [11.8657691, 44.535497], [11.8659089, 44.5355604], [11.866131, 44.535366], [11.8658627, 44.5352947]], [[11.8662625, 44.5476227], [11.8661702, 44.5476641], [11.8662133, 44.5477496], [11.8663563, 44.5477231], [11.8662625, 44.5476227]], [[11.8654168, 44.5332014], [11.8655738, 44.5333061], [11.8655675, 44.5331984], [11.8654168, 44.5332014]], [[11.8650172, 44.5355635], [11.8651979, 44.5356419], [11.8651585, 44.5354952], [11.8650172, 44.5355635]], [[11.8644077, 44.5303839], [11.864257, 44.5304768], [11.8643567, 44.5305546], [11.8645015, 44.5304875], [11.8644077, 44.5303839]], [[11.8630466, 44.5321758], [11.8630268, 44.5323486], [11.8629075, 44.5323795], [11.862918, 44.5325938], [11.86304, 44.5326187], [11.8630669, 44.5327847], [11.8633003, 44.5327922], [11.8633555, 44.5328798], [11.8639051, 44.5328593], [11.8640418, 44.5325035], [11.8641642, 44.532464], [11.8641506, 44.5322583], [11.8640285, 44.5322334], [11.864016, 44.5320816], [11.8638388, 44.5319691], [11.8635512, 44.5319789], [11.8635164, 44.5320662], [11.8630466, 44.5321758]], [[11.8633122, 44.5242168], [11.8632544, 44.5241508], [11.8631348, 44.5241816], [11.8631718, 44.5242838], [11.8633122, 44.5242168]], [[11.8605163, 44.5329551], [11.8605988, 44.533129], [11.8609848, 44.5330858], [11.860866, 44.532944], [11.8605163, 44.5329551]], [[11.859729, 44.523758], [11.8597029, 44.5240566], [11.8599587, 44.5240402], [11.8599468, 44.5237968], [11.859729, 44.523758]], [[11.8590978, 44.5329426], [11.8589833, 44.5330614], [11.8591609, 44.533076], [11.8592161, 44.5331636], [11.8593886, 44.5331526], [11.8594729, 44.5330293], [11.8590978, 44.5329426]], [[11.8577939, 44.5436152], [11.8584589, 44.5440633], [11.8586923, 44.5440708], [11.8587357, 44.5441561], [11.8590352, 44.5441486], [11.8593107, 44.5439373], [11.8592914, 44.5435432], [11.8589959, 44.5433462], [11.8585985, 44.5433079], [11.8582805, 44.5433605], [11.8582482, 44.5432791], [11.8580633, 44.5432796], [11.8580285, 44.5433668], [11.8577834, 44.5434009], [11.8577939, 44.5436152]], [[11.8569271, 44.5350674], [11.8569368, 44.5352021], [11.8571632, 44.5353255], [11.8572518, 44.535301], [11.8572333, 44.5352079], [11.8569271, 44.5350674]], [[11.8565578, 44.5347739], [11.8567148, 44.5348786], [11.8567085, 44.5347709], [11.8565578, 44.5347739]], [[11.8572019, 44.5520923], [11.8573673, 44.5522026], [11.8575102, 44.5521761], [11.8575029, 44.5519645], [11.8573862, 44.5518463], [11.8571882, 44.5518866], [11.8572019, 44.5520923]], [[11.8562187, 44.5346797], [11.8560581, 44.5348516], [11.8564678, 44.5349748], [11.8565398, 44.5348114], [11.8564626, 44.5346116], [11.856154, 44.5344569], [11.8560883, 44.5345569], [11.8562143, 44.5345902], [11.8562187, 44.5346797]], [[11.8562649, 44.5350465], [11.8561933, 44.5352019], [11.8563428, 44.5352094], [11.8564769, 44.5350093], [11.8562649, 44.5350465]], [[11.8554643, 44.5339377], [11.8554968, 44.5340678], [11.8556895, 44.5341532], [11.8557267, 44.5343688], [11.8559497, 44.5343268], [11.8559819, 44.5344082], [11.85619, 44.5344416], [11.8561836, 44.5343339], [11.8558158, 44.5341497], [11.8557791, 44.5339783], [11.8554643, 44.5339377]], [[11.8549784, 44.5417338], [11.8548126, 44.5418549], [11.854833, 44.5419934], [11.8552332, 44.5422591], [11.8554568, 44.5422613], [11.8555869, 44.542348], [11.8556001, 44.5426174], [11.8553879, 44.5426263], [11.8552306, 44.5427531], [11.8552636, 44.5432362], [11.8554347, 44.5433411], [11.8558867, 44.5433308], [11.855942, 44.5434184], [11.8562179, 44.5434115], [11.8562645, 44.5433214], [11.8564873, 44.543308], [11.856503, 44.5430813], [11.856377, 44.5430481], [11.8563583, 44.5428887], [11.8561167, 44.5428745], [11.8558561, 44.542699], [11.8558521, 44.5426115], [11.856075, 44.5425981], [11.8563398, 44.5423912], [11.8563099, 44.5418996], [11.8560087, 44.541708], [11.8549784, 44.5417338]], [[11.8558695, 44.5348998], [11.8560159, 44.5347875], [11.8558653, 44.534792], [11.8558695, 44.5348998]], [[11.8565773, 44.5514031], [11.8564202, 44.5512984], [11.8564266, 44.5514061], [11.8565773, 44.5514031]], [[11.8553297, 44.533761], [11.8553623, 44.5338911], [11.8555162, 44.5339282], [11.8555431, 44.5338244], [11.8553297, 44.533761]], [[11.8537438, 44.5483894], [11.8540552, 44.548597], [11.8543312, 44.5485901], [11.8543778, 44.5485], [11.854503, 44.5484968], [11.8546562, 44.5488329], [11.8551624, 44.5491105], [11.8551749, 44.5492623], [11.8553292, 44.5493686], [11.8556786, 44.5493677], [11.8557108, 44.5494491], [11.8558719, 44.5494527], [11.8559306, 44.5493614], [11.856296, 44.549332], [11.8562817, 44.5488485], [11.8561557, 44.5488152], [11.8561388, 44.5485735], [11.8560167, 44.5485486], [11.8560042, 44.5483968], [11.85585, 44.5482905], [11.8555006, 44.5482914], [11.8554331, 44.5482033], [11.8550436, 44.5482139], [11.8549943, 44.5483043], [11.8541175, 44.548326], [11.8539551, 44.5481578], [11.8537819, 44.5481554], [11.8537438, 44.5483894]], [[11.8523636, 44.5474707], [11.8521946, 44.5476003], [11.8523392, 44.5480084], [11.8522251, 44.5480334], [11.8522218, 44.5481573], [11.8523478, 44.5481906], [11.8523747, 44.5483566], [11.8524824, 44.5483673], [11.852501, 44.5485267], [11.8532676, 44.5489779], [11.8532862, 44.5491372], [11.8540752, 44.5496645], [11.8544344, 44.5496689], [11.8544777, 44.5497542], [11.8546903, 44.5497525], [11.8548435, 44.5500886], [11.8550895, 44.5501926], [11.8551082, 44.550352], [11.8554843, 44.5505428], [11.8554968, 44.5506946], [11.8556413, 44.5507956], [11.8559724, 44.5507929], [11.8561159, 44.5506791], [11.8561092, 44.5504372], [11.8562317, 44.5503977], [11.8562176, 44.5501104], [11.8560916, 44.5500771], [11.8560729, 44.5499178], [11.8559137, 44.5498151], [11.8557011, 44.5498168], [11.8556578, 44.5497315], [11.8553195, 44.5497364], [11.8552762, 44.549651], [11.8550636, 44.5496527], [11.8550203, 44.5495674], [11.854682, 44.5495723], [11.8545288, 44.5492362], [11.853502, 44.5486115], [11.8534356, 44.5476363], [11.8529463, 44.5475451], [11.8528911, 44.5474575], [11.8523636, 44.5474707]], [[11.8551271, 44.5335879], [11.8550349, 44.5336293], [11.8550779, 44.5337148], [11.8552208, 44.5336884], [11.8551271, 44.5335879]], [[11.8544334, 44.5326729], [11.8544384, 44.5328977], [11.8546223, 44.5329196], [11.8546551, 44.5330452], [11.8549883, 44.5330313], [11.8550392, 44.5328313], [11.8547442, 44.5328261], [11.8545588, 44.5326518], [11.8544334, 44.5326729]], [[11.8548532, 44.5333762], [11.8550103, 44.5334809], [11.8550039, 44.5333732], [11.8548532, 44.5333762]], [[11.8542581, 44.5331623], [11.8546765, 44.5334506], [11.8548249, 44.5334356], [11.8547563, 44.5332961], [11.8546404, 44.5332788], [11.8546218, 44.5331195], [11.8542957, 44.5329739], [11.8542581, 44.5331623]], [[11.8542179, 44.5328427], [11.8543399, 44.5329662], [11.8544252, 44.5328606], [11.8542179, 44.5328427]], [[11.8537104, 44.5335143], [11.8537345, 44.533823], [11.8540097, 44.5338274], [11.8540108, 44.5334948], [11.8538115, 44.5334367], [11.8537104, 44.5335143]], [[11.8530255, 44.533147], [11.85288, 44.5333229], [11.8529108, 44.5339523], [11.8527969, 44.5339753], [11.8527936, 44.5340992], [11.8529196, 44.5341325], [11.8529325, 44.5343658], [11.8530585, 44.5343991], [11.8530771, 44.5345585], [11.8532683, 44.5345728], [11.853306, 44.5343029], [11.8534285, 44.5342634], [11.8534142, 44.5339401], [11.8535938, 44.5338134], [11.8535821, 44.5335262], [11.8533878, 44.5334002], [11.8534308, 44.5332381], [11.8532533, 44.5332235], [11.85321, 44.5331382], [11.8530255, 44.533147]], [[11.8530926, 44.5402494], [11.8527307, 44.5404665], [11.8527412, 44.5406808], [11.8534061, 44.5411289], [11.8537148, 44.5411335], [11.8538677, 44.5410273], [11.8538566, 44.5404468], [11.8536001, 44.5403248], [11.8535961, 44.5402373], [11.8537193, 44.540189], [11.853649, 44.5387503], [11.8534661, 44.5386207], [11.8532936, 44.5386318], [11.8530256, 44.5388472], [11.8530926, 44.5402494]], [[11.852762, 44.5347664], [11.8523286, 44.5349123], [11.8523654, 44.5356403], [11.8525138, 44.5357497], [11.8526777, 44.5357325], [11.8526133, 44.5355805], [11.8527384, 44.5355774], [11.8527036, 44.5357457], [11.8529361, 44.5357523], [11.8529948, 44.535661], [11.8532176, 44.5356477], [11.8532418, 44.5355648], [11.8534739, 44.5355456], [11.853476, 44.5352349], [11.85335, 44.5352016], [11.8533375, 44.5350499], [11.853193, 44.5349489], [11.8529596, 44.5349413], [11.852762, 44.5347664]], [[11.8529321, 44.5315913], [11.8530802, 44.53169], [11.8532953, 44.5317165], [11.8531265, 44.5314298], [11.8529199, 44.5314593], [11.8529321, 44.5315913]], [[11.8531507, 44.5362869], [11.8530275, 44.5363352], [11.8531863, 44.5366331], [11.8534009, 44.5366278], [11.8533573, 44.5359294], [11.853145, 44.5359472], [11.8531507, 44.5362869]], [[11.8525782, 44.522668], [11.8524686, 44.5227972], [11.8526736, 44.5227691], [11.8525782, 44.522668]], [[11.8524808, 44.5314688], [11.8525676, 44.5316972], [11.8528376, 44.5318761], [11.8530456, 44.5319096], [11.8530474, 44.5318085], [11.8528015, 44.5317044], [11.8527747, 44.5315384], [11.8525995, 44.5314396], [11.8524808, 44.5314688]], [[11.8530784, 44.5466426], [11.8529094, 44.5467722], [11.8529235, 44.5470595], [11.8532021, 44.5472556], [11.8533851, 44.5472634], [11.8534317, 44.5471733], [11.8536638, 44.5471541], [11.8536662, 44.5469249], [11.8535442, 44.5469], [11.8535317, 44.5467482], [11.8533872, 44.5466472], [11.8530784, 44.5466426]], [[11.8512843, 44.5284192], [11.8512645, 44.5285919], [11.8511421, 44.5286314], [11.8511605, 44.5290086], [11.851439, 44.5292048], [11.8517477, 44.5292094], [11.8517942, 44.5291192], [11.8520263, 44.5291001], [11.8520369, 44.5289331], [11.8521593, 44.5288936], [11.8521496, 44.5286963], [11.8520237, 44.528663], [11.852005, 44.5285036], [11.8517367, 44.5283234], [11.8512843, 44.5284192]], [[11.8511317, 44.5407564], [11.8511119, 44.5409291], [11.8509894, 44.5409686], [11.8510106, 44.541427], [11.8511704, 44.5415504], [11.851897, 44.5415401], [11.8519645, 44.5416282], [11.8527701, 44.5415881], [11.8527633, 44.5414482], [11.8525217, 44.541434], [11.8523916, 44.5413473], [11.8523791, 44.5411955], [11.8522347, 44.5410945], [11.8520012, 44.5410869], [11.8518278, 44.5409149], [11.8516153, 44.5409165], [11.851453, 44.5407483], [11.8511317, 44.5407564]], [[11.8484248, 44.5462367], [11.8486526, 44.5464788], [11.8489909, 44.546474], [11.8490231, 44.5465554], [11.8492467, 44.5465576], [11.8493019, 44.5466452], [11.8496283, 44.5466381], [11.8496507, 44.5467142], [11.8498842, 44.5467218], [11.8499394, 44.5468093], [11.8503635, 44.546792], [11.8503789, 44.5465294], [11.8505014, 44.5464899], [11.8504859, 44.5463664], [11.8502175, 44.5461863], [11.8498584, 44.5461819], [11.8498031, 44.5460943], [11.848647, 44.5461231], [11.8486005, 44.5462133], [11.8484248, 44.5462367]], [[11.8490964, 44.5300042], [11.8490248, 44.5301596], [11.8491743, 44.5301672], [11.8493084, 44.529967], [11.8490964, 44.5300042]], [[11.8488294, 44.5294666], [11.8486807, 44.5295769], [11.8486923, 44.5296777], [11.8490503, 44.5296379], [11.8490733, 44.5298872], [11.8492993, 44.5299326], [11.8492798, 44.5295551], [11.8491046, 44.5294563], [11.8488294, 44.5294666]], [[11.8486905, 44.5299705], [11.8489387, 44.5300173], [11.8489298, 44.529767], [11.8487237, 44.5296921], [11.8486905, 44.5299705]], [[11.8472411, 44.5463506], [11.8472306, 44.5465175], [11.8471081, 44.546557], [11.8471353, 44.547114], [11.8474624, 44.5471412], [11.8483434, 44.5464768], [11.8483542, 44.5463459], [11.8481025, 44.5463157], [11.8479291, 44.5461436], [11.8476412, 44.5461482], [11.8475946, 44.5462384], [11.8473824, 44.5462473], [11.8472411, 44.5463506]], [[11.8464544, 44.5243919], [11.8462846, 44.5245303], [11.8463038, 44.5248987], [11.846462, 44.5250134], [11.8467608, 44.5250127], [11.8468074, 44.5249226], [11.8471726, 44.5248932], [11.8471676, 44.5246711], [11.8470456, 44.5246461], [11.8470331, 44.5244944], [11.8468789, 44.524388], [11.8464544, 44.5243919]], [[11.8470262, 44.5419447], [11.8470156, 44.5421117], [11.8468932, 44.5421512], [11.8469243, 44.5427165], [11.8470464, 44.5427415], [11.8470588, 44.5428932], [11.8472131, 44.5429996], [11.8476495, 44.5429929], [11.8478068, 44.5428661], [11.8477925, 44.5425428], [11.847915, 44.5425033], [11.8478926, 44.5421178], [11.8477706, 44.5420928], [11.8477437, 44.5419268], [11.8475103, 44.5419193], [11.8474428, 44.5418311], [11.8470262, 44.5419447]], [[11.8471426, 44.532855], [11.8472402, 44.5330104], [11.8473832, 44.5329839], [11.8472799, 44.5328362], [11.8471426, 44.532855]], [[11.8470043, 44.5328396], [11.8470078, 44.5329745], [11.847132, 44.5328792], [11.8470043, 44.5328396]], [[11.8453336, 44.5194685], [11.8452959, 44.5197384], [11.845182, 44.5197614], [11.8451787, 44.5198853], [11.8453047, 44.5199186], [11.8453263, 44.5203318], [11.8454522, 44.5203651], [11.8454647, 44.5205168], [11.84576, 44.5207139], [11.8460595, 44.5207064], [11.846338, 44.5204866], [11.8461681, 44.5196546], [11.8459204, 44.5196328], [11.8457471, 44.5194607], [11.8453336, 44.5194685]], [[11.8452787, 44.5223187], [11.8451323, 44.522431], [11.8452828, 44.5224265], [11.8452787, 44.5223187]], [[11.8449891, 44.5335276], [11.8447837, 44.5337546], [11.8449076, 44.5339713], [11.8454349, 44.5339582], [11.8455398, 44.5338345], [11.8454546, 44.5337017], [11.845347, 44.533691], [11.8452874, 44.5335135], [11.8449891, 44.5335276]], [[11.8445499, 44.5268726], [11.8442713, 44.5270924], [11.8443096, 44.5273619], [11.8446583, 44.5273168], [11.8446673, 44.5274964], [11.8450055, 44.5274846], [11.8451542, 44.5273742], [11.8451492, 44.5271521], [11.8450272, 44.5271271], [11.8450147, 44.5269754], [11.8448605, 44.526869], [11.8445499, 44.5268726]], [[11.8431372, 44.5180325], [11.8432191, 44.5184038], [11.8433451, 44.5184371], [11.8433927, 44.5186123], [11.8439319, 44.5186014], [11.8440997, 44.5184182], [11.8443446, 44.5183842], [11.8443324, 44.5182522], [11.8442166, 44.5182349], [11.8441954, 44.5179033], [11.8440734, 44.5178784], [11.8440301, 44.5177487], [11.8434687, 44.5178112], [11.8433842, 44.5179363], [11.8434532, 44.5180739], [11.8433281, 44.518077], [11.8433775, 44.5179222], [11.8432324, 44.5179029], [11.8431372, 44.5180325]], [[11.8444212, 44.5250269], [11.8446098, 44.5250244], [11.8444766, 44.5249355], [11.8444212, 44.5250269]], [[11.8433017, 44.5278543], [11.8434276, 44.5278876], [11.8434753, 44.5280628], [11.8437592, 44.528104], [11.8440262, 44.5280491], [11.8441835, 44.5279224], [11.8441655, 44.5276267], [11.8438702, 44.5274297], [11.843445, 44.5274403], [11.8432869, 44.5275758], [11.8433017, 44.5278543]], [[11.8430966, 44.5339811], [11.843245, 44.5340905], [11.8434784, 44.534098], [11.8435216, 44.5341834], [11.8439469, 44.5341728], [11.8439605, 44.5337535], [11.8436651, 44.5335565], [11.8433656, 44.5335639], [11.8433307, 44.5336512], [11.8430826, 44.5336938], [11.8430966, 44.5339811]], [[11.8416571, 44.5271289], [11.8416373, 44.5273016], [11.8415148, 44.5273411], [11.841539, 44.5276444], [11.8418281, 44.5278338], [11.8421383, 44.5278219], [11.8423377, 44.5275225], [11.8422564, 44.5273064], [11.841943, 44.5271142], [11.8416571, 44.5271289]], [[11.8410971, 44.5237343], [11.8410341, 44.5239453], [11.8411208, 44.5240606], [11.8415595, 44.524152], [11.841606, 44.5240619], [11.8418182, 44.524053], [11.8419669, 44.5239427], [11.8419659, 44.5237289], [11.8416666, 44.5235235], [11.8413788, 44.5235281], [11.8410971, 44.5237343]], [[11.8388689, 44.5241374], [11.838601, 44.5243528], [11.838622, 44.5248112], [11.8387497, 44.5248532], [11.8387796, 44.5253646], [11.8389016, 44.5253896], [11.8389275, 44.5258926], [11.8390535, 44.5259259], [11.8390747, 44.5262575], [11.8393491, 44.5264453], [11.8399092, 44.5264437], [11.8399585, 44.5263533], [11.8411617, 44.5263225], [11.8412083, 44.5262324], [11.8414204, 44.5262235], [11.8415616, 44.5261202], [11.8415566, 44.5256384], [11.841429, 44.5255963], [11.8413987, 44.5250034], [11.8412727, 44.5249701], [11.8412511, 44.5245569], [11.8411251, 44.5245236], [11.8411079, 44.5242004], [11.840982, 44.5241671], [11.8409552, 44.5240011], [11.8407218, 44.5239935], [11.8406667, 44.5239059], [11.8399633, 44.5239224], [11.8399509, 44.5237706], [11.8397967, 44.5236642], [11.8393722, 44.5236681], [11.839085, 44.5238822], [11.8390917, 44.5241241], [11.8388689, 44.5241374]], [[11.8409734, 44.5201164], [11.8409769, 44.5202513], [11.8411011, 44.520156], [11.8409734, 44.5201164]], [[11.8410854, 44.5332606], [11.8409273, 44.5333962], [11.840942, 44.5336747], [11.8411002, 44.5337894], [11.8415249, 44.5337855], [11.8416853, 44.5336724], [11.8416803, 44.5334502], [11.841396, 44.5332571], [11.8410854, 44.5332606]], [[11.8397946, 44.5124736], [11.8399938, 44.5125317], [11.8400949, 44.5124542], [11.8399889, 44.5123121], [11.8397824, 44.5123416], [11.8397946, 44.5124736]], [[11.8400218, 44.5125469], [11.8398755, 44.5126592], [11.840026, 44.5126547], [11.8400218, 44.5125469]], [[11.8396441, 44.5198516], [11.8397983, 44.519958], [11.8399715, 44.5199604], [11.8400761, 44.5198129], [11.839671, 44.5197478], [11.8396441, 44.5198516]], [[11.8396502, 44.5330226], [11.839527, 44.5330709], [11.8395738, 44.533815], [11.8397448, 44.5339199], [11.8404202, 44.5338963], [11.840689, 44.5336722], [11.8406698, 44.5333038], [11.8404138, 44.5331837], [11.8403951, 44.5330243], [11.840236, 44.5329217], [11.8398978, 44.5329265], [11.8398656, 44.532845], [11.8397046, 44.5328414], [11.8396502, 44.5330226]], [[11.8390546, 44.5211234], [11.8389082, 44.5212356], [11.8390588, 44.5212311], [11.8390546, 44.5211234]], [[11.8386592, 44.5221119], [11.8384953, 44.5222036], [11.8385829, 44.522289], [11.8387373, 44.5222226], [11.8387392, 44.5221358], [11.8386592, 44.5221119]], [[11.8376411, 44.5213034], [11.8378765, 44.5214968], [11.8380134, 44.52142], [11.8378257, 44.5213648], [11.837771, 44.5212326], [11.8376411, 44.5213034]], [[11.8363354, 44.5155513], [11.8361676, 44.5157345], [11.8361935, 44.5162379], [11.8364817, 44.5164395], [11.8370435, 44.5164297], [11.8373135, 44.5162263], [11.8373038, 44.5158327], [11.8371779, 44.5157994], [11.8371654, 44.5156476], [11.8370113, 44.5155412], [11.8363354, 44.5155513]], [[11.8365105, 44.5206807], [11.8365502, 44.5209188], [11.8366722, 44.5209438], [11.8366956, 44.521064], [11.8369091, 44.5210145], [11.8369156, 44.5207937], [11.8367673, 44.5206843], [11.8365105, 44.5206807]], [[11.8365838, 44.5211334], [11.8365122, 44.5212888], [11.8366616, 44.5212963], [11.8367957, 44.5210962], [11.8365838, 44.5211334]], [[11.8358938, 44.5153646], [11.8356593, 44.5154072], [11.8356599, 44.5155394], [11.8358689, 44.5155586], [11.8358938, 44.5153646]]]}}, {"type": "Feature", "properties": {"flooded": true, "source": "satellite", "area_m2": 14988.3}, "geometry": {"type": "Polygon", "coordinates": [[[11.8691069, 44.5715366], [11.8691025, 44.571447], [11.8694666, 44.5711678], [11.8699367, 44.5710582], [11.8700822, 44.5708823], [11.8702945, 44.5708733], [11.8703294, 44.570786], [11.8707062, 44.5707765], [11.8709666, 44.57095], [11.8709853, 44.5711094], [11.8712314, 44.5712134], [11.8712447, 44.5714828], [11.871002, 44.5716689], [11.8705425, 44.5717741], [11.8705077, 44.5718614], [11.8701696, 44.5718735], [11.8701347, 44.5719608], [11.8696709, 44.5719761], [11.869636, 44.5720634], [11.8695108, 44.5720665], [11.8694921, 44.5719072], [11.8692459, 44.5718031], [11.869233, 44.5715698], [11.8691069, 44.5715366]]]}}, {"type": "Feature", "properties": {"flooded": true, "source": "satellite", "area_m2": 89596.6}, "geometry": {"type": "Polygon", "coordinates": [[[11.8653472, 44.5231978], [11.865334, 44.5229285], [11.8654552, 44.5228354], [11.865678, 44.522822], [11.8657624, 44.5226969], [11.8656716, 44.5221458], [11.8655456, 44.5221125], [11.8655702, 44.5213425], [11.8654797, 44.5208002], [11.8653538, 44.520767], [11.865345, 44.5205875], [11.8654662, 44.5204945], [11.865804, 44.5204824], [11.8658388, 44.5203951], [11.8664638, 44.5203792], [11.8666192, 44.5205422], [11.8668525, 44.5205497], [11.8669077, 44.5206373], [11.8671836, 44.5206303], [11.8672301, 44.5205402], [11.8673552, 44.5205371], [11.8673875, 44.5206185], [11.8675445, 44.5206669], [11.8677367, 44.5206175], [11.8678042, 44.5207056], [11.8681137, 44.520608], [11.8682438, 44.5206948], [11.8682625, 44.5208542], [11.8683783, 44.5208714], [11.868397, 44.5210308], [11.8686429, 44.5211349], [11.8686602, 44.5214581], [11.8687862, 44.5214914], [11.8688129, 44.5220284], [11.8686935, 44.5220614], [11.8686959, 44.5222134], [11.8682261, 44.5223231], [11.8680209, 44.5225501], [11.8683453, 44.5227628], [11.8684924, 44.5230912], [11.8686144, 44.5231161], [11.8685618, 44.5232654], [11.8687533, 44.5233827], [11.868772, 44.5235421], [11.8688878, 44.5235594], [11.8688966, 44.5237388], [11.8686738, 44.5237522], [11.8686541, 44.523925], [11.868529, 44.5239281], [11.8683989, 44.5238414], [11.8683859, 44.523608], [11.8682599, 44.5235748], [11.8682331, 44.5234088], [11.8678149, 44.5233613], [11.8672843, 44.5234229], [11.8672495, 44.5235101], [11.8670175, 44.5235293], [11.8670025, 44.5236064], [11.8667904, 44.5236153], [11.8667556, 44.5237026], [11.8665695, 44.5237503], [11.8666513, 44.5240377], [11.8667733, 44.5240626], [11.8667865, 44.524332], [11.8666672, 44.524363], [11.8666696, 44.524515], [11.8661845, 44.5248873], [11.8660594, 44.5248904], [11.8659293, 44.5248036], [11.8659124, 44.524562], [11.8657904, 44.5245371], [11.8657691, 44.5242055], [11.8656471, 44.5241806], [11.8656981, 44.52395], [11.8656169, 44.5236692], [11.8654949, 44.5236442], [11.8654731, 44.5232311], [11.8653472, 44.5231978]]]}}, {"type": "Feature", "properties": {"flooded": true, "source": "satellite", "area_m2": 2473289.5}, "geometry": {"type": "Polygon", "coordinates": [[[11.830895, 44.5497147], [11.8308863, 44.5495352], [11.8310056, 44.5495043], [11.8310033, 44.5493523], [11.8314626, 44.5492472], [11.8314975, 44.54916], [11.8318238, 44.5491508], [11.8318704, 44.5490607], [11.832219, 44.5490443], [11.8322433, 44.5489614], [11.8325812, 44.5489494], [11.8326161, 44.5488621], [11.8329541, 44.5488501], [11.832989, 44.5487629], [11.8332211, 44.5487437], [11.8332361, 44.5486667], [11.8339469, 44.5485554], [11.8339818, 44.5484681], [11.8342139, 44.548449], [11.8342289, 44.548372], [11.8346809, 44.5483597], [11.8347275, 44.5482696], [11.8350655, 44.5482576], [11.8351004, 44.5481703], [11.8353325, 44.5481511], [11.8353475, 44.5480741], [11.8356854, 44.5480621], [11.8357203, 44.5479748], [11.8360583, 44.5479628], [11.836096, 44.5478753], [11.8365956, 44.5478631], [11.8375385, 44.548552], [11.8376956, 44.5486005], [11.8380137, 44.548548], [11.8380261, 44.5486997], [11.8381914, 44.54881], [11.8383383, 44.5487585], [11.8381384, 44.5484547], [11.8382608, 44.5484518], [11.8387812, 44.548799], [11.8387828, 44.5488888], [11.8386604, 44.5488916], [11.8386171, 44.5488063], [11.8384797, 44.5488251], [11.8385472, 44.5491645], [11.8384239, 44.5492128], [11.8384474, 44.5496711], [11.8385735, 44.5497044], [11.8385907, 44.5500276], [11.8387167, 44.5500609], [11.8387353, 44.5502203], [11.8389187, 44.5503258], [11.8394339, 44.5503121], [11.8394805, 44.550222], [11.8398571, 44.5502126], [11.8402475, 44.550473], [11.8402743, 44.550639], [11.8412929, 44.5512572], [11.8413115, 44.5514165], [11.8415575, 44.5515206], [11.8415791, 44.5519338], [11.8417051, 44.5519671], [11.8417223, 44.5522903], [11.8418484, 44.5523236], [11.8418752, 44.5524896], [11.8420504, 44.5525885], [11.8424399, 44.5525779], [11.8424864, 44.5524878], [11.8429889, 44.5524753], [11.8435094, 44.5528224], [11.8435362, 44.5529884], [11.8442946, 44.553433], [11.844307, 44.5535848], [11.8444291, 44.5536097], [11.8444422, 44.553879], [11.8441995, 44.5540651], [11.8439766, 44.5540785], [11.8437085, 44.5542939], [11.8436757, 44.5549358], [11.8438661, 44.5549741], [11.843875, 44.5551515], [11.8436928, 44.5552179], [11.8439401, 44.5553767], [11.8440055, 44.5552407], [11.8442568, 44.5552364], [11.8442652, 44.5554139], [11.843897, 44.5553989], [11.8439066, 44.555583], [11.8444041, 44.5556809], [11.8444228, 44.5558403], [11.8446644, 44.5558544], [11.8447077, 44.5559398], [11.8451718, 44.5559318], [11.8459881, 44.5564911], [11.8463111, 44.5564302], [11.8463217, 44.5562632], [11.8465727, 44.556257], [11.8467028, 44.5563438], [11.8467259, 44.5565931], [11.847102, 44.5567839], [11.8471145, 44.5569357], [11.8473667, 44.5570474], [11.8473935, 44.5572134], [11.8476314, 44.5573109], [11.84765, 44.5574702], [11.8480262, 44.5576611], [11.8480449, 44.5578205], [11.8485512, 44.5580981], [11.8485637, 44.5582499], [11.8488159, 44.5583616], [11.8489691, 44.5586977], [11.8493453, 44.5588885], [11.8493721, 44.5590545], [11.8497401, 44.5592388], [11.8497588, 44.5593981], [11.850135, 44.559589], [11.8501475, 44.5597407], [11.8503997, 44.5598525], [11.8504184, 44.5600118], [11.8506644, 44.5601159], [11.8508176, 44.560452], [11.8510637, 44.5605561], [11.8510905, 44.5607221], [11.8513284, 44.5608195], [11.851347, 44.5609789], [11.8517232, 44.5611698], [11.8518765, 44.5615058], [11.852513, 44.5618702], [11.8525255, 44.562022], [11.8526476, 44.5620469], [11.8526744, 44.5622129], [11.8529123, 44.5623104], [11.8530655, 44.5626464], [11.8534418, 44.5628373], [11.8534543, 44.562989], [11.8537065, 44.5631007], [11.8537252, 44.5632601], [11.8541014, 44.5634509], [11.8541201, 44.5636103], [11.8544963, 44.5638012], [11.854515, 44.5639605], [11.8547611, 44.5640646], [11.8547736, 44.5642164], [11.8548956, 44.5642413], [11.8549225, 44.5644073], [11.8551604, 44.5645047], [11.8553136, 44.5648408], [11.8556899, 44.5650316], [11.8557024, 44.5651834], [11.8559546, 44.5652951], [11.8559815, 44.5654611], [11.8564798, 44.5657321], [11.8564923, 44.5658838], [11.8567445, 44.5659955], [11.8567714, 44.5661615], [11.8570093, 44.566259], [11.857028, 44.5664183], [11.857274, 44.5665224], [11.8572927, 44.5666818], [11.8577992, 44.5669594], [11.8579525, 44.5672954], [11.8585891, 44.5676598], [11.8586016, 44.5678115], [11.8588539, 44.5679232], [11.8588807, 44.5680892], [11.8591187, 44.5681867], [11.8591374, 44.568346], [11.8596438, 44.5686236], [11.8596563, 44.5687754], [11.8599086, 44.5688871], [11.8599355, 44.5690531], [11.8601734, 44.5691505], [11.8601921, 44.5693099], [11.8603513, 44.5694125], [11.860651, 44.569405], [11.8609212, 44.5692016], [11.8609242, 44.5690416], [11.8610495, 44.5690385], [11.8610807, 44.5692944], [11.86144, 44.5692988], [11.8617004, 44.5694723], [11.8617191, 44.5696317], [11.8619652, 44.5697357], [11.8619839, 44.5698951], [11.8623602, 44.5700859], [11.8623728, 44.5702377], [11.862625, 44.5703494], [11.8626519, 44.5705154], [11.8628899, 44.5706128], [11.8629086, 44.5707722], [11.8631547, 44.5708762], [11.863308, 44.5712123], [11.8636843, 44.5714031], [11.8636968, 44.5715548], [11.8638189, 44.5715797], [11.8638458, 44.5717457], [11.8640837, 44.5718432], [11.8641025, 44.5720026], [11.864609, 44.5722801], [11.8646277, 44.5724395], [11.865004, 44.5726303], [11.8651512, 44.5729587], [11.8654035, 44.5730704], [11.8654304, 44.5732364], [11.8656683, 44.5733338], [11.865687, 44.5734932], [11.8660634, 44.573684], [11.8660902, 44.57385], [11.8664584, 44.5740342], [11.8664709, 44.5741859], [11.8667233, 44.5742976], [11.8667501, 44.5744636], [11.8669881, 44.574561], [11.8670068, 44.5747204], [11.8675134, 44.5749979], [11.8676668, 44.575334], [11.8679129, 44.575438], [11.8679254, 44.5755897], [11.8681777, 44.5757014], [11.8681965, 44.5758608], [11.8684426, 44.5759648], [11.8685898, 44.5762932], [11.8687119, 44.5763182], [11.8687207, 44.5764976], [11.8683566, 44.5767768], [11.8681336, 44.5767902], [11.8678667, 44.5770592], [11.8676544, 44.5770682], [11.8674981, 44.5772485], [11.8672659, 44.5772677], [11.8668943, 44.577554], [11.8668912, 44.5777139], [11.8661398, 44.577733], [11.8660817, 44.5776453], [11.8647488, 44.5776777], [11.8646935, 44.5775901], [11.8642412, 44.5776004], [11.8641978, 44.5775151], [11.8638594, 44.5775199], [11.8638369, 44.5774439], [11.8636033, 44.5774363], [11.86356, 44.577351], [11.8628397, 44.5772754], [11.8628075, 44.577194], [11.8623277, 44.5771082], [11.8622844, 44.5770229], [11.8620717, 44.5770246], [11.8620283, 44.5769393], [11.8618157, 44.576941], [11.8617723, 44.5768557], [11.8615597, 44.5768574], [11.861407, 44.5766946], [11.8611734, 44.5766871], [11.861011, 44.5765189], [11.8607872, 44.5765167], [11.8599835, 44.5759201], [11.85975, 44.5759125], [11.8594573, 44.5756576], [11.8592336, 44.5756554], [11.8581695, 44.5748852], [11.8579359, 44.5748777], [11.8564813, 44.5738472], [11.8562478, 44.5738397], [11.855076, 44.5730588], [11.855171, 44.5724266], [11.8552849, 44.5724036], [11.8553317, 44.5722548], [11.8550868, 44.5722493], [11.8550402, 44.5723395], [11.8548173, 44.5723528], [11.8547974, 44.5725256], [11.8546761, 44.5726186], [11.8542992, 44.5726281], [11.8542724, 44.5724621], [11.8540389, 44.5724545], [11.8533655, 44.5719446], [11.8531319, 44.5719371], [11.8527414, 44.5716768], [11.8527326, 44.5714973], [11.8528578, 44.5714942], [11.8530203, 44.5716624], [11.853244, 44.5716646], [11.8536668, 44.5720063], [11.8538905, 44.5720085], [11.8539458, 44.5720961], [11.8541406, 44.5720643], [11.8541302, 44.5718501], [11.8538779, 44.5717384], [11.8538654, 44.5715866], [11.8537433, 44.5715617], [11.85359, 44.5712256], [11.8532137, 44.5710348], [11.853195, 44.5708754], [11.8529265, 44.5706952], [11.8521957, 44.5707281], [11.852215, 44.5711222], [11.8525975, 44.5713207], [11.8526018, 44.5714102], [11.8523508, 44.5714164], [11.8520905, 44.5712429], [11.8520718, 44.5710835], [11.8518257, 44.5709795], [11.8519383, 44.570707], [11.8520577, 44.570676], [11.8520528, 44.5704788], [11.8519251, 44.5704368], [11.8519064, 44.5702774], [11.8517905, 44.5702601], [11.8517718, 44.5701008], [11.8516559, 44.5700834], [11.8516472, 44.569904], [11.8517685, 44.569811], [11.8520008, 44.5697918], [11.8520113, 44.5696248], [11.8521307, 44.5695939], [11.8521842, 44.5693097], [11.8521151, 44.5691721], [11.8523627, 44.5691825], [11.8523491, 44.5688062], [11.8524705, 44.5687131], [11.8526934, 44.5686998], [11.8527176, 44.5686169], [11.8529573, 44.5685907], [11.8529516, 44.568251], [11.8531333, 44.5681156], [11.8530642, 44.5679781], [11.8534351, 44.5679408], [11.8534048, 44.5675782], [11.8529488, 44.5676283], [11.8525605, 44.5679903], [11.852086, 44.5680099], [11.8520662, 44.5681827], [11.8519448, 44.5682757], [11.8515174, 44.5683055], [11.8515762, 44.568465], [11.8511168, 44.5685701], [11.8510819, 44.5686574], [11.8507438, 44.5686695], [11.8507089, 44.5687567], [11.8504967, 44.5687657], [11.8504618, 44.5688529], [11.8502495, 44.5688619], [11.8502146, 44.5689491], [11.8497445, 44.5690587], [11.8497203, 44.5691415], [11.8494693, 44.5691478], [11.8494568, 44.5689961], [11.8493347, 44.5689711], [11.8491814, 44.568635], [11.8488052, 44.5684442], [11.8487865, 44.5682848], [11.8485405, 44.5681807], [11.8485136, 44.5680147], [11.8481456, 44.5678305], [11.8481187, 44.5676645], [11.8477507, 44.5674802], [11.847714, 44.5673089], [11.8471362, 44.5674189], [11.8469987, 44.5675354], [11.8470086, 44.5677688], [11.8467532, 44.5676852], [11.8467488, 44.5675957], [11.8468713, 44.5675562], [11.846859, 44.5672776], [11.8467313, 44.5672356], [11.8467093, 44.5667864], [11.8468907, 44.5667554], [11.8468175, 44.5664236], [11.8469315, 44.5664006], [11.8469365, 44.5662854], [11.8468088, 44.5662434], [11.8467919, 44.5660017], [11.8466698, 44.5659768], [11.8465309, 44.5657106], [11.8467662, 44.5655945], [11.8467693, 44.5654346], [11.8470708, 44.565408], [11.846994, 44.5652619], [11.8463116, 44.5652209], [11.846014, 44.565453], [11.8456653, 44.5654695], [11.8455197, 44.5656454], [11.8452875, 44.5656646], [11.8451512, 44.5658346], [11.8449282, 44.565848], [11.8447826, 44.5660239], [11.8444214, 44.566002], [11.8443516, 44.5661805], [11.8445398, 44.5662103], [11.8445486, 44.5663898], [11.8442976, 44.566396], [11.8443276, 44.5658791], [11.844011, 44.565683], [11.8439842, 44.565517], [11.8436161, 44.5653327], [11.8434691, 44.5650043], [11.8430867, 44.5648058], [11.8430599, 44.5646398], [11.8426596, 44.5643741], [11.8423889, 44.5643302], [11.8419372, 44.5644743], [11.8412864, 44.5640404], [11.8412678, 44.563881], [11.8408916, 44.5636901], [11.8408791, 44.5635384], [11.8406269, 44.5634266], [11.8404737, 44.5630906], [11.8400653, 44.5628182], [11.8396405, 44.5628221], [11.8395939, 44.5629122], [11.8392172, 44.5629216], [11.8389569, 44.562748], [11.8389382, 44.5625886], [11.8386922, 44.5624845], [11.8385452, 44.5621561], [11.8384232, 44.5621311], [11.8384101, 44.5618618], [11.8388739, 44.5618466], [11.8391366, 44.5616503], [11.8391428, 44.5613934], [11.8392653, 44.5613539], [11.8392511, 44.5610306], [11.8394918, 44.5609066], [11.8394851, 44.5606647], [11.8396044, 44.5606337], [11.8396021, 44.5604817], [11.8398108, 44.5605194], [11.839975, 44.5603824], [11.8402147, 44.5603563], [11.8402093, 44.5600525], [11.8400832, 44.5600192], [11.8400789, 44.5599297], [11.8404566, 44.5600269], [11.8404463, 44.5599404], [11.8403304, 44.5599231], [11.8403217, 44.5597436], [11.8404281, 44.5597276], [11.8405011, 44.5595933], [11.8402375, 44.5595663], [11.8401909, 44.5596565], [11.8400657, 44.5596596], [11.8400439, 44.5592104], [11.840276, 44.5591912], [11.8402866, 44.5590243], [11.8405274, 44.5589003], [11.8405163, 44.5585685], [11.8407602, 44.5584359], [11.8407459, 44.5581126], [11.8410983, 44.5581403], [11.8411147, 44.5579594], [11.8409886, 44.5579261], [11.8409843, 44.5578366], [11.8415102, 44.5578201], [11.8414786, 44.5576443], [11.8421068, 44.5576286], [11.8421734, 44.5577618], [11.8423439, 44.5576994], [11.8424814, 44.5575829], [11.8424671, 44.5572596], [11.8427078, 44.5571356], [11.8427011, 44.5568936], [11.8431532, 44.5568813], [11.8431997, 44.5567912], [11.8434319, 44.556772], [11.8435662, 44.556664], [11.8435639, 44.556512], [11.8438046, 44.556388], [11.8437897, 44.5560839], [11.8436125, 44.5559713], [11.8428334, 44.5559908], [11.8427868, 44.5560809], [11.8424289, 44.5561032], [11.8424183, 44.5562701], [11.8420803, 44.5562821], [11.8420455, 44.5563694], [11.8415754, 44.5564789], [11.8413084, 44.5567479], [11.8411117, 44.5567082], [11.840834, 44.5567675], [11.8406873, 44.5568898], [11.8407191, 44.5575728], [11.8405938, 44.5575759], [11.8404204, 44.5574038], [11.8402078, 44.5574054], [11.8396551, 44.5569769], [11.839356, 44.5569776], [11.8391881, 44.5571607], [11.8389559, 44.5571799], [11.8388195, 44.55735], [11.8384851, 44.5573154], [11.8383209, 44.5574524], [11.8380942, 44.5574216], [11.8380737, 44.5575486], [11.8376216, 44.5575609], [11.8375751, 44.557651], [11.8374499, 44.5576541], [11.8372764, 44.557482], [11.8369691, 44.5574465], [11.8365809, 44.5576959], [11.8365821, 44.5579457], [11.836218, 44.5582249], [11.835967, 44.5582311], [11.8359348, 44.5581497], [11.8357498, 44.5581501], [11.8357237, 44.5584172], [11.8353881, 44.558292], [11.8353464, 44.5584266], [11.8350998, 44.5585227], [11.8350873, 44.558371], [11.8349653, 44.558346], [11.8349423, 44.5580967], [11.8347006, 44.5580825], [11.834682, 44.5579231], [11.834436, 44.557819], [11.8344188, 44.5574958], [11.8342928, 44.5574625], [11.8342883, 44.557375], [11.8344078, 44.557342], [11.8344055, 44.55719], [11.8349422, 44.556984], [11.834891, 44.5568178], [11.8350124, 44.5567248], [11.8356406, 44.5567092], [11.8356153, 44.5568825], [11.8361137, 44.5568739], [11.8361486, 44.5567866], [11.8363715, 44.5567733], [11.8364534, 44.5566584], [11.8362656, 44.5566032], [11.8362612, 44.5565137], [11.8365924, 44.556549], [11.8366341, 44.5564144], [11.8368464, 44.5564055], [11.8368813, 44.5563183], [11.837345, 44.5563031], [11.8373755, 44.5561259], [11.8374969, 44.5560329], [11.8378281, 44.5560682], [11.8378701, 44.5559696], [11.8377008, 44.555851], [11.8374882, 44.5558526], [11.8371925, 44.5556405], [11.8369764, 44.5556853], [11.8369909, 44.5555083], [11.8368699, 44.5555157], [11.8368457, 44.5555985], [11.8363433, 44.555611], [11.8363909, 44.5554538], [11.8362912, 44.5553459], [11.8360786, 44.5553475], [11.8360743, 44.555258], [11.8363252, 44.5552518], [11.8364554, 44.5553386], [11.8363998, 44.5554792], [11.8364995, 44.555557], [11.8367137, 44.555467], [11.8366931, 44.5552624], [11.8364471, 44.5551583], [11.8363951, 44.5548932], [11.8362068, 44.5548578], [11.8361863, 44.5549848], [11.8359436, 44.5551708], [11.8355669, 44.5551802], [11.8355625, 44.5550907], [11.8357422, 44.5549641], [11.8356752, 44.5548178], [11.8358874, 44.5548089], [11.8360448, 44.5546822], [11.8360003, 44.5544985], [11.835662, 44.5545477], [11.835683, 44.5542844], [11.8353221, 44.5542871], [11.8352727, 44.5543775], [11.8343958, 44.5543991], [11.8343592, 44.5542277], [11.8342021, 44.5541792], [11.8340098, 44.5542286], [11.8340653, 44.554088], [11.8339868, 44.5539793], [11.8335883, 44.5537123], [11.8333548, 44.5537047], [11.8332247, 44.5536179], [11.8331979, 44.5534519], [11.8329645, 44.5534444], [11.8328344, 44.5533576], [11.8328128, 44.5529444], [11.8326868, 44.5529111], [11.832738, 44.5526806], [11.8326551, 44.552482], [11.8325392, 44.5524646], [11.8325224, 44.552223], [11.8324004, 44.552198], [11.8323736, 44.552032], [11.8321358, 44.5519345], [11.832109, 44.5517685], [11.8318755, 44.5517609], [11.8317454, 44.5516741], [11.831733, 44.5515224], [11.831611, 44.5514974], [11.8315942, 44.5512557], [11.8314721, 44.5512308], [11.831455, 44.5509075], [11.8313289, 44.5508742], [11.8313059, 44.5506249], [11.8311901, 44.5506076], [11.8311686, 44.5501944], [11.8310425, 44.5501611], [11.831021, 44.549748], [11.830895, 44.5497147]], [[11.8470112, 44.565212], [11.8471373, 44.5652453], [11.8471023, 44.5654136], [11.8473976, 44.5654189], [11.8475278, 44.5655057], [11.8475546, 44.5656717], [11.8477881, 44.5656792], [11.8479616, 44.5658513], [11.8483, 44.5658465], [11.8483322, 44.5659279], [11.8485055, 44.5659303], [11.8485477, 44.5657503], [11.8488964, 44.5657338], [11.8491559, 44.5655348], [11.8491546, 44.565285], [11.849276, 44.565192], [11.849614, 44.5651799], [11.8497703, 44.5649996], [11.85001, 44.5649734], [11.85013, 44.5646305], [11.8503752, 44.5645964], [11.8502426, 44.5643576], [11.8504393, 44.5643973], [11.8506081, 44.5643283], [11.8506024, 44.5639885], [11.8508346, 44.5639693], [11.8508451, 44.5638024], [11.8510268, 44.563667], [11.8509434, 44.5634597], [11.8508275, 44.5634423], [11.8508073, 44.5632387], [11.8505952, 44.5632759], [11.8504497, 44.5634518], [11.8502331, 44.5634165], [11.8502025, 44.563548], [11.8497324, 44.5636575], [11.8497126, 44.5638303], [11.8495003, 44.5638392], [11.8494655, 44.5639265], [11.8489954, 44.564036], [11.8488498, 44.5642119], [11.8486176, 44.5642311], [11.8484812, 44.5644012], [11.8482583, 44.5644145], [11.8481127, 44.5645904], [11.8478898, 44.5646038], [11.8477442, 44.5647797], [11.8475319, 44.5647886], [11.847497, 44.5648759], [11.8470269, 44.5649854], [11.8470112, 44.565212]], [[11.8467087, 44.5650882], [11.8468658, 44.5651929], [11.8468594, 44.5650852], [11.8467087, 44.5650882]], [[11.8373999, 44.5540183], [11.8375259, 44.5540516], [11.8375427, 44.5542933], [11.8376648, 44.5543182], [11.837682, 44.5546415], [11.837808, 44.5546748], [11.8378296, 44.5550879], [11.8379557, 44.5551212], [11.8379729, 44.5554445], [11.8380989, 44.5554778], [11.8381289, 44.5559892], [11.8383061, 44.5561017], [11.8387196, 44.5560889], [11.838877, 44.5559621], [11.8388586, 44.5555849], [11.8387326, 44.5555516], [11.8387058, 44.5553856], [11.8385981, 44.5553749], [11.8385751, 44.5551256], [11.8384592, 44.5551083], [11.8384376, 44.5546951], [11.8383116, 44.5546619], [11.8382948, 44.5544202], [11.8381727, 44.5543952], [11.8381555, 44.554072], [11.8380295, 44.5540387], [11.8380166, 44.5538054], [11.8378906, 44.5537721], [11.837854, 44.5536007], [11.8373901, 44.5536247], [11.8373999, 44.5540183]], [[11.8370504, 44.555516], [11.8372074, 44.5556208], [11.8372011, 44.5555131], [11.8370504, 44.555516]], [[11.8366074, 44.5565552], [11.8364977, 44.5566845], [11.8367028, 44.5566563], [11.8366074, 44.5565552]], [[11.8361967, 44.5548357], [11.8363432, 44.5547234], [11.8361926, 44.5547279], [11.8361967, 44.5548357]], [[11.8362596, 44.5542761], [11.8360281, 44.5543137], [11.8360524, 44.554435], [11.8362703, 44.5544738], [11.8362596, 44.5542761]], [[11.8357317, 44.5542885], [11.8358887, 44.5543932], [11.8358824, 44.5542855], [11.8357317, 44.5542885]]]}}, {"type": "Feature", "properties": {"flooded": true, "source": "satellite", "area_m2": 28614.2}, "geometry": {"type": "Polygon", "coordinates": [[[11.8593522, 44.4984113], [11.8593434, 44.4982318], [11.8595754, 44.4982126], [11.8595859, 44.4980457], [11.8598209, 44.4979296], [11.8598152, 44.4975898], [11.8599364, 44.4974968], [11.8606509, 44.4974752], [11.860807, 44.4972949], [11.8610297, 44.4972815], [11.8611751, 44.4971056], [11.8613977, 44.4970923], [11.8615431, 44.4969163], [11.8618808, 44.4969042], [11.8619156, 44.496817], [11.8626185, 44.4967983], [11.862665, 44.4967082], [11.8631282, 44.4966929], [11.8631631, 44.4966056], [11.863395, 44.4965864], [11.8634055, 44.4964195], [11.863648, 44.4962334], [11.8638706, 44.49622], [11.8638948, 44.4961371], [11.8641455, 44.4961309], [11.8642007, 44.4962184], [11.864778, 44.496205], [11.8646612, 44.4963876], [11.8644492, 44.4963965], [11.8644143, 44.4964838], [11.8641824, 44.496503], [11.8640463, 44.4966731], [11.8638236, 44.4966865], [11.863557, 44.4969555], [11.863345, 44.4969644], [11.8633101, 44.4970517], [11.8630981, 44.4970606], [11.8630633, 44.4971479], [11.8625938, 44.4972575], [11.8624484, 44.4974334], [11.8619788, 44.497543], [11.8618334, 44.4977189], [11.8616108, 44.4977323], [11.8614654, 44.4979082], [11.8612533, 44.4979171], [11.8612185, 44.4980044], [11.8608808, 44.4980165], [11.860846, 44.4981037], [11.860634, 44.4981127], [11.8605992, 44.4982], [11.8603871, 44.4982089], [11.8603523, 44.4982962], [11.8598828, 44.4984058], [11.8598586, 44.4984886], [11.8594822, 44.498498], [11.8593522, 44.4984113]]]}}, {"type": "Feature", "properties": {"flooded": true, "source": "satellite", "area_m2": 17364.2}, "geometry": {"type": "Polygon", "coordinates": [[[11.8636847, 44.5662713], [11.8636627, 44.5658221], [11.8639054, 44.565636], [11.8641283, 44.5656226], [11.8641525, 44.5655397], [11.8649022, 44.5654309], [11.8650324, 44.5655177], [11.8650511, 44.565677], [11.865167, 44.5656943], [11.8651857, 44.5658537], [11.8653016, 44.565871], [11.8653229, 44.5662026], [11.8655752, 44.5663143], [11.8655882, 44.5665476], [11.8657143, 44.5665808], [11.8657187, 44.5666704], [11.8655973, 44.5667634], [11.8651335, 44.5667787], [11.8650986, 44.566866], [11.8644703, 44.5668817], [11.8643401, 44.566795], [11.8643132, 44.566629], [11.8636847, 44.5662713]]]}}, {"type": "Feature", "properties": {"flooded": true, "source": "satellite", "area_m2": 272454.2}, "geometry": {"type": "Polygon", "coordinates": [[[11.8518022, 44.5550457], [11.8517846, 44.5546865], [11.8519039, 44.5546555], [11.8519016, 44.5545035], [11.8520829, 44.5544725], [11.8520185, 44.5543205], [11.8522582, 44.5542943], [11.8522612, 44.5541344], [11.8525919, 44.5542151], [11.8527598, 44.5540319], [11.8530978, 44.5540198], [11.8531327, 44.5539326], [11.8535964, 44.5539174], [11.8536313, 44.5538301], [11.8539799, 44.5538136], [11.8540041, 44.5537307], [11.8543421, 44.5537187], [11.854377, 44.5536314], [11.8555835, 44.5536001], [11.8556301, 44.55351], [11.8562079, 44.5534945], [11.8562544, 44.5534044], [11.8567181, 44.5533891], [11.856753, 44.5533019], [11.8575823, 44.55328], [11.8576288, 44.5531899], [11.8580926, 44.5531747], [11.8581274, 44.5530874], [11.8586299, 44.5530748], [11.8588192, 44.5532047], [11.8593384, 44.553146], [11.8593849, 44.5530559], [11.8598369, 44.5530435], [11.8598835, 44.5529534], [11.8603355, 44.552941], [11.860382, 44.5528509], [11.8608341, 44.5528385], [11.8608806, 44.5527483], [11.8612293, 44.5527318], [11.8612535, 44.552649], [11.8616536, 44.5526355], [11.8614945, 44.5523726], [11.8616169, 44.5523698], [11.8616722, 44.5524573], [11.8621243, 44.5524471], [11.8621378, 44.5527166], [11.8622594, 44.5526237], [11.8627115, 44.5526113], [11.862758, 44.5525212], [11.86321, 44.5525088], [11.8632566, 44.5524187], [11.8633818, 44.5524155], [11.8633994, 44.5527748], [11.863293, 44.5527908], [11.8632825, 44.5529578], [11.8631632, 44.5529887], [11.8630574, 44.5535036], [11.862951, 44.5535196], [11.8629405, 44.5536865], [11.862818, 44.553726], [11.8628336, 44.5539762], [11.8630795, 44.5539535], [11.8632649, 44.5541279], [11.8637171, 44.5541176], [11.8637604, 44.5542029], [11.8642245, 44.5541949], [11.8642678, 44.5542802], [11.8644808, 44.5542805], [11.8644848, 44.554368], [11.8643655, 44.554399], [11.8643679, 44.554551], [11.8641357, 44.5545702], [11.8636429, 44.5549495], [11.8636399, 44.5551094], [11.8635185, 44.5552025], [11.8632956, 44.5552158], [11.8632686, 44.555299], [11.8628947, 44.5553081], [11.8628514, 44.5552228], [11.8626388, 44.5552245], [11.8627516, 44.5549881], [11.8624998, 44.5549579], [11.8624953, 44.5548704], [11.8626018, 44.5548524], [11.8626124, 44.5546854], [11.8627317, 44.5546545], [11.862686, 44.5544168], [11.8619817, 44.554451], [11.861996, 44.5549345], [11.8621221, 44.5549678], [11.8621266, 44.5550553], [11.8620023, 44.5551507], [11.8617542, 44.5551567], [11.8615917, 44.5549885], [11.8613681, 44.5549863], [11.8612379, 44.5548996], [11.8612192, 44.5547402], [11.8611034, 44.5547229], [11.8610846, 44.5545635], [11.8608775, 44.5545078], [11.8608513, 44.5547292], [11.8607288, 44.5547687], [11.8607652, 44.5555416], [11.86053, 44.5556577], [11.8605269, 44.5558176], [11.860189, 44.5558297], [11.8601541, 44.555917], [11.8596516, 44.5559296], [11.8593913, 44.5557561], [11.8593317, 44.5555786], [11.8574962, 44.5556235], [11.8573227, 44.5554514], [11.8567995, 44.5554163], [11.8566071, 44.5554657], [11.8565638, 44.5553804], [11.8563793, 44.5553892], [11.8563639, 44.5556518], [11.8561188, 44.555686], [11.8561281, 44.555973], [11.8563859, 44.5561018], [11.8564116, 44.5565233], [11.8565337, 44.5565482], [11.8565568, 44.5567975], [11.8566726, 44.5568148], [11.8566896, 44.5570565], [11.8568116, 44.5570814], [11.8568385, 44.5572474], [11.8569462, 44.5572581], [11.8569682, 44.5577073], [11.8567559, 44.5577162], [11.8567183, 44.5578037], [11.8565959, 44.5578066], [11.8565406, 44.557719], [11.8562142, 44.5577261], [11.8556613, 44.5572976], [11.8551861, 44.5573017], [11.8551428, 44.5572164], [11.8549302, 44.5572181], [11.8548868, 44.5570885], [11.8543058, 44.5573238], [11.8542834, 44.5572477], [11.8540499, 44.5572401], [11.8540066, 44.5571548], [11.853794, 44.5571565], [11.8536316, 44.5569883], [11.8534079, 44.5569861], [11.8531476, 44.5568126], [11.8531259, 44.5563994], [11.8529999, 44.5563662], [11.8529731, 44.5562002], [11.8528653, 44.5561895], [11.8528467, 44.5560301], [11.8524705, 44.5558392], [11.8524518, 44.5556799], [11.8522058, 44.5555758], [11.8521933, 44.555424], [11.8520713, 44.5553991], [11.8520482, 44.5551498], [11.8518022, 44.5550457]], [[11.8617015, 44.5525664], [11.8617992, 44.5527217], [11.8619422, 44.5526952], [11.8618388, 44.5525475], [11.8617015, 44.5525664]], [[11.8608314, 44.5537472], [11.8605666, 44.5539541], [11.8605731, 44.55416], [11.8608615, 44.5543615], [11.8610396, 44.5544083], [11.8610813, 44.5542737], [11.861321, 44.5542475], [11.8613159, 44.5540253], [11.8610637, 44.5539137], [11.861027, 44.5537423], [11.8608314, 44.5537472]], [[11.8590577, 44.5535216], [11.8590039, 44.5536883], [11.8592614, 44.5536814], [11.8592697, 44.5534844], [11.8590577, 44.5535216]], [[11.8588342, 44.553205], [11.8587967, 44.5533329], [11.8590118, 44.5533594], [11.8589886, 44.5532533], [11.8588342, 44.553205]], [[11.8569634, 44.5546778], [11.8571098, 44.5545655], [11.8569592, 44.55457], [11.8569634, 44.5546778]]]}}, {"type": "Feature", "properties": {"flooded": true, "source": "satellite", "area_m2": 26110.2}, "geometry": {"type": "Polygon", "coordinates": [[[11.8621688, 44.5636086], [11.86216, 44.5634292], [11.8629894, 44.5634073], [11.863036, 44.5633172], [11.8634127, 44.5633077], [11.8635599, 44.5636361], [11.8636819, 44.563661], [11.8636944, 44.5638128], [11.8638165, 44.5638377], [11.863829, 44.5639895], [11.8640813, 44.5641011], [11.8642284, 44.5644296], [11.8643505, 44.5644545], [11.864363, 44.5646062], [11.8644851, 44.5646312], [11.8645028, 44.5649904], [11.8641647, 44.5650025], [11.8641299, 44.5650898], [11.8639176, 44.5650988], [11.8638827, 44.565186], [11.8635447, 44.5651981], [11.863507, 44.5652857], [11.8632588, 44.5652917], [11.8632155, 44.5652064], [11.8628771, 44.5652113], [11.8628338, 44.5651259], [11.8626211, 44.5651277], [11.862665, 44.5647986], [11.8624733, 44.5646812], [11.8624546, 44.5645219], [11.8623383, 44.5645026], [11.8624251, 44.5637286], [11.8621688, 44.5636086]]]}}, {"type": "Feature", "properties": {"flooded": true, "source": "satellite", "area_m2": 152502.2}, "geometry": {"type": "Polygon", "coordinates": [[[11.8543676, 44.4942148], [11.8543544, 44.4939455], [11.8544756, 44.4938524], [11.8546983, 44.4938391], [11.8548437, 44.4936632], [11.8550664, 44.4936498], [11.8550862, 44.4934771], [11.8555557, 44.4933675], [11.8557011, 44.4931916], [11.85616, 44.4930865], [11.8561948, 44.4929992], [11.8565324, 44.4929871], [11.8565673, 44.4928998], [11.8570368, 44.4927903], [11.8573014, 44.4925834], [11.8571609, 44.4922824], [11.8570389, 44.4922575], [11.8570265, 44.4921057], [11.8569045, 44.4920808], [11.8568921, 44.491929], [11.8566401, 44.4918173], [11.8564871, 44.4914813], [11.8562413, 44.4913772], [11.8560945, 44.4910487], [11.8559725, 44.4910238], [11.8559557, 44.4907821], [11.8558337, 44.4907572], [11.8558206, 44.4904878], [11.8559418, 44.4903948], [11.8562901, 44.4903783], [11.8566779, 44.4900163], [11.8569267, 44.4899648], [11.8569079, 44.489678], [11.8566559, 44.4895663], [11.8565091, 44.4892379], [11.8563871, 44.4892129], [11.8563747, 44.4890612], [11.8562528, 44.4890362], [11.8562403, 44.4888845], [11.8561184, 44.4888595], [11.8561059, 44.4887078], [11.855984, 44.4886829], [11.8559715, 44.4885311], [11.8558496, 44.4885062], [11.8558406, 44.4883288], [11.856434, 44.4883983], [11.856588, 44.4882801], [11.8565857, 44.488128], [11.8568281, 44.4879419], [11.8570401, 44.487933], [11.8570749, 44.4878457], [11.8574512, 44.4878363], [11.8575812, 44.4879231], [11.8575999, 44.4880825], [11.857716, 44.4881018], [11.8577375, 44.4885489], [11.8576238, 44.488572], [11.8576207, 44.4887319], [11.8574976, 44.4887802], [11.8575138, 44.4888948], [11.8576295, 44.4889121], [11.8576471, 44.4892714], [11.8575279, 44.4893024], [11.857539, 44.4896342], [11.8574159, 44.4896825], [11.8574307, 44.489961], [11.8575566, 44.4899943], [11.8575691, 44.490146], [11.8581243, 44.4905166], [11.858412, 44.4905119], [11.8584585, 44.4904218], [11.8585835, 44.4904187], [11.8586268, 44.490504], [11.8588391, 44.4905023], [11.8590124, 44.4906744], [11.8593504, 44.4906695], [11.8596104, 44.4908431], [11.8596291, 44.4910025], [11.8598748, 44.4911065], [11.8598935, 44.4912659], [11.8601617, 44.4914461], [11.8605205, 44.4914504], [11.8605381, 44.4918097], [11.8602956, 44.4919958], [11.8600562, 44.492022], [11.860062, 44.4923618], [11.859827, 44.4924779], [11.8597071, 44.4928208], [11.8593421, 44.4928502], [11.8593479, 44.4931899], [11.8589842, 44.4934691], [11.8587722, 44.493478], [11.8587373, 44.4935653], [11.8582678, 44.4936749], [11.8582481, 44.4938476], [11.8580056, 44.4940338], [11.8577936, 44.4940427], [11.8577588, 44.49413], [11.8575468, 44.4941389], [11.8575119, 44.4942262], [11.8570424, 44.4943357], [11.8566545, 44.4946978], [11.856185, 44.4948073], [11.8561652, 44.4949801], [11.8559532, 44.494989], [11.8559184, 44.4950763], [11.8552908, 44.495092], [11.8549008, 44.4948317], [11.8547477, 44.4944956], [11.854502, 44.4943915], [11.8544895, 44.4942398], [11.8543676, 44.4942148]]]}}, {"type": "Feature", "properties": {"flooded": true, "source": "satellite", "area_m2": 15921.9}, "geometry": {"type": "Polygon", "coordinates": [[[11.8572367, 44.4963036], [11.8572147, 44.4958545], [11.8573285, 44.4958314], [11.8573316, 44.4956715], [11.8574547, 44.4956232], [11.857292, 44.4948623], [11.857504, 44.4948533], [11.8575389, 44.494766], [11.8579196, 44.4948465], [11.8579562, 44.4950179], [11.8584352, 44.4951037], [11.8584785, 44.495189], [11.8586909, 44.4951873], [11.8587342, 44.4952726], [11.8591313, 44.4953109], [11.8593234, 44.4952615], [11.8593322, 44.4954409], [11.8589685, 44.4957201], [11.8587565, 44.4957291], [11.8587216, 44.4958163], [11.8584897, 44.4958355], [11.8583536, 44.4960056], [11.8581309, 44.496019], [11.8581111, 44.4961917], [11.8579146, 44.496152], [11.8577628, 44.4962082], [11.857743, 44.496381], [11.8576179, 44.4963841], [11.8575628, 44.4962965], [11.8572367, 44.4963036]]]}}, {"type": "Feature", "properties": {"flooded": true, "source": "satellite", "area_m2": 27436.2}, "geometry": {"type": "Polygon", "coordinates": [[[11.8590443, 44.5666577], [11.8590399, 44.5665682], [11.8591592, 44.5665372], [11.8591524, 44.5662953], [11.8593952, 44.5661092], [11.8596462, 44.5661029], [11.859673, 44.5662689], [11.8599065, 44.5662764], [11.860068, 44.5666191], [11.860219, 44.5667151], [11.8604317, 44.5667134], [11.8604486, 44.566955], [11.8607009, 44.5670667], [11.8607196, 44.5672261], [11.8609612, 44.5672402], [11.8609799, 44.5673996], [11.861226, 44.5675037], [11.8613793, 44.5678397], [11.861621, 44.5678539], [11.8617512, 44.5679406], [11.86176, 44.5681201], [11.8612776, 44.5683324], [11.8612789, 44.5685822], [11.8611576, 44.5686753], [11.8609022, 44.5685917], [11.8608835, 44.5684323], [11.8606149, 44.5682522], [11.8603899, 44.5682203], [11.8604033, 44.5683211], [11.8606412, 44.5684186], [11.86066, 44.568578], [11.860906, 44.568682], [11.8609148, 44.5688614], [11.8606638, 44.5688677], [11.8606513, 44.568716], [11.8605292, 44.5686911], [11.8605061, 44.5684418], [11.8602644, 44.5684276], [11.8601343, 44.5683409], [11.8601074, 44.5681749], [11.8592185, 44.5676436], [11.8592009, 44.5672844], [11.8595365, 44.5674095], [11.8595758, 44.5672298], [11.859448, 44.5671877], [11.8594135, 44.5665864], [11.859216, 44.5665644], [11.8591695, 44.5666546], [11.8590443, 44.5666577]], [[11.8600438, 44.5678482], [11.8600535, 44.567983], [11.8602785, 44.5681498], [11.8604937, 44.5681763], [11.8604803, 44.5680755], [11.8600438, 44.5678482]], [[11.8598863, 44.5676762], [11.8599189, 44.5678063], [11.8600728, 44.5678434], [11.8600997, 44.5677395], [11.8598863, 44.5676762]]]}}, {"type": "Feature", "properties": {"flooded": true, "source": "satellite", "area_m2": 297333.2}, "geometry": {"type": "Polygon", "coordinates": [[[11.8489246, 44.5579984], [11.8489115, 44.557729], [11.8492838, 44.5576297], [11.8492963, 44.5577815], [11.8495485, 44.5578932], [11.8495672, 44.5580526], [11.8503338, 44.5585037], [11.8503606, 44.5586697], [11.8508812, 44.5590168], [11.8510011, 44.5590262], [11.8510936, 44.5586108], [11.8509675, 44.5585775], [11.8509309, 44.5584062], [11.8507068, 44.558402], [11.8506984, 44.5582246], [11.850946, 44.5582349], [11.8509374, 44.5580661], [11.8508154, 44.5580412], [11.8508108, 44.5579537], [11.8509249, 44.5579286], [11.8509283, 44.5578047], [11.8506721, 44.5576847], [11.8505287, 44.5573285], [11.8509055, 44.5573191], [11.8509377, 44.5574006], [11.851111, 44.557403], [11.8511531, 44.5572229], [11.8512783, 44.5572198], [11.8513336, 44.5573074], [11.8518611, 44.5572942], [11.852029, 44.557111], [11.85228, 44.5571047], [11.8524424, 44.5572729], [11.8527918, 44.557272], [11.8529653, 44.5574441], [11.8533036, 44.5574393], [11.8534562, 44.5576021], [11.8536897, 44.5576096], [11.8538521, 44.5577779], [11.8542015, 44.5577769], [11.8543639, 44.5579451], [11.8545876, 44.5579473], [11.8547178, 44.5580341], [11.8547309, 44.5583034], [11.8545187, 44.5583123], [11.8543645, 44.5584306], [11.8543754, 44.5587264], [11.8550654, 44.5591921], [11.85525, 44.5591833], [11.8555148, 44.5589764], [11.8554907, 44.5584108], [11.8553647, 44.5583776], [11.8553603, 44.5582881], [11.8556084, 44.5582816], [11.8556337, 44.5583579], [11.8558672, 44.5583654], [11.8559105, 44.5584507], [11.8561231, 44.558449], [11.8562966, 44.5586211], [11.8568865, 44.55861], [11.8569187, 44.5586914], [11.8573983, 44.5587772], [11.8574416, 44.5588625], [11.8576542, 44.5588608], [11.8576976, 44.5589461], [11.8579102, 44.5589444], [11.8579535, 44.5590297], [11.8581661, 44.559028], [11.8583285, 44.5591962], [11.8585522, 44.5591984], [11.8586823, 44.5592852], [11.8586955, 44.5595545], [11.8583315, 44.5598337], [11.8580993, 44.5598529], [11.8577277, 44.5601391], [11.8577247, 44.560299], [11.857543, 44.5604344], [11.8576265, 44.5606418], [11.8578725, 44.5607459], [11.857885, 44.5608976], [11.8580071, 44.5609225], [11.8580258, 44.5610819], [11.8585322, 44.5613595], [11.858559, 44.5615255], [11.8587645, 44.5615259], [11.8587842, 44.5613532], [11.8589066, 44.5613499], [11.8589461, 44.5615214], [11.8592956, 44.5615204], [11.8593, 44.5616099], [11.8590561, 44.5617425], [11.8591076, 44.5618387], [11.8593088, 44.5617902], [11.8593134, 44.5618777], [11.8590656, 44.5618694], [11.8591964, 44.5620606], [11.8590769, 44.5620936], [11.8590837, 44.5623356], [11.8588484, 44.5624517], [11.8588454, 44.5626116], [11.858724, 44.5627047], [11.8584918, 44.5627239], [11.8584813, 44.5628908], [11.8582491, 44.56291], [11.8582386, 44.5630769], [11.8578574, 44.5629964], [11.8577272, 44.5629097], [11.8576795, 44.5627344], [11.8572153, 44.5627424], [11.8571878, 44.5624032], [11.8569418, 44.5622992], [11.8569293, 44.5621474], [11.856677, 44.5620357], [11.8566502, 44.5618697], [11.8562821, 44.5616855], [11.8562634, 44.5615261], [11.8558872, 44.5613353], [11.8558747, 44.5611836], [11.8556225, 44.5610719], [11.8555956, 44.5609059], [11.8553578, 44.5608084], [11.8553391, 44.560649], [11.855093, 44.560545], [11.8550743, 44.5603856], [11.8546981, 44.5601947], [11.8546794, 44.5600354], [11.8543782, 44.5598437], [11.8542055, 44.5598547], [11.8540581, 44.5599859], [11.8540685, 44.5601745], [11.8541945, 44.5602077], [11.8542132, 44.5603671], [11.8545894, 44.5605579], [11.8546019, 44.5607097], [11.8548542, 44.5608214], [11.854881, 44.5609874], [11.8551189, 44.5610849], [11.8551376, 44.5612442], [11.8555138, 44.5614351], [11.8555263, 44.5615868], [11.8556484, 44.5616117], [11.8556752, 44.5617777], [11.8559131, 44.5618752], [11.8559318, 44.5620346], [11.856308, 44.5622254], [11.8563267, 44.5623848], [11.8567029, 44.5625756], [11.8567298, 44.5627416], [11.8568808, 44.5628376], [11.8570934, 44.5628359], [11.8571104, 44.5630776], [11.8572324, 44.5631025], [11.8572593, 44.5632685], [11.857367, 44.5632792], [11.8573795, 44.5634309], [11.8576318, 44.5635426], [11.8577788, 44.5638711], [11.8579009, 44.563896], [11.8577928, 44.5642584], [11.8573227, 44.564368], [11.8571771, 44.5645439], [11.8567959, 44.5644634], [11.8564923, 44.5642046], [11.8562984, 44.5642192], [11.856286, 44.5643413], [11.8564137, 44.5643834], [11.8564324, 44.5645427], [11.8565483, 44.56456], [11.856567, 44.5647194], [11.8569432, 44.5649102], [11.8569701, 44.5650762], [11.8572402, 44.5652551], [11.8575897, 44.5652542], [11.8577199, 44.5653409], [11.8577456, 44.5657624], [11.8578677, 44.5657873], [11.8578802, 44.5659391], [11.8580023, 44.565964], [11.8580148, 44.5661158], [11.8581369, 44.5661407], [11.8582758, 44.5664069], [11.8580204, 44.5663233], [11.8579838, 44.5661519], [11.8577601, 44.5661497], [11.8576299, 44.566063], [11.857603, 44.565897], [11.8568444, 44.5654525], [11.8568275, 44.5652108], [11.8567054, 44.5651859], [11.8566929, 44.5650341], [11.8565708, 44.5650092], [11.8564176, 44.5646731], [11.8561759, 44.564659], [11.8561634, 44.5645072], [11.8559111, 44.5643955], [11.8558925, 44.5642362], [11.855386, 44.5639585], [11.8552246, 44.5636159], [11.8550736, 44.5635199], [11.854861, 44.5635216], [11.8548363, 44.563228], [11.8545962, 44.5632581], [11.8545837, 44.5631064], [11.8543315, 44.5629947], [11.8543128, 44.5628353], [11.8538064, 44.5625577], [11.8537939, 44.5624059], [11.8536718, 44.562381], [11.8535186, 44.5620449], [11.8531101, 44.5617726], [11.8528864, 44.5617705], [11.8528735, 44.5615371], [11.8527475, 44.5615039], [11.8527288, 44.5613445], [11.8523526, 44.5611536], [11.8522056, 44.5608252], [11.8518232, 44.5606267], [11.8518045, 44.5604673], [11.8512981, 44.5601897], [11.8512713, 44.5600237], [11.8510378, 44.5600162], [11.8507775, 44.5598426], [11.850765, 44.5596909], [11.850643, 44.5596659], [11.8504897, 44.5593299], [11.8502437, 44.5592258], [11.8502312, 44.559074], [11.849979, 44.5589623], [11.8499522, 44.5587963], [11.8497143, 44.5586989], [11.8496956, 44.5585395], [11.8494496, 44.5584354], [11.8494309, 44.558276], [11.8491849, 44.5581719], [11.8491662, 44.5580126], [11.8489246, 44.5579984]], [[11.8549155, 44.5629377], [11.8548343, 44.5629823], [11.8549642, 44.5630693], [11.854991, 44.5632353], [11.8553391, 44.5633608], [11.8551982, 44.5630764], [11.8549155, 44.5629377]], [[11.8533154, 44.5613553], [11.8532459, 44.5614016], [11.8533758, 44.5614885], [11.8533927, 44.5617302], [11.8537751, 44.5619287], [11.8539283, 44.5622647], [11.854467, 44.5626238], [11.8546663, 44.562663], [11.8546769, 44.5625561], [11.8544308, 44.562452], [11.8544183, 44.5623003], [11.8542963, 44.5622753], [11.854275, 44.5619438], [11.8540227, 44.5618321], [11.8540041, 44.5616727], [11.8537624, 44.5616585], [11.8534698, 44.5614036], [11.8533154, 44.5613553]], [[11.8531943, 44.5612352], [11.8533514, 44.5613399], [11.8533451, 44.5612322], [11.8531943, 44.5612352]]]}}, {"type": "Feature", "properties": {"flooded": true, "source": "satellite", "area_m2": 10567.4}, "geometry": {"type": "Polygon", "coordinates": [[[11.856958, 44.578053], [11.8569404, 44.5776938], [11.8571842, 44.5775974], [11.8572423, 44.5776851], [11.8579462, 44.5776686], [11.8579785, 44.57775], [11.8583281, 44.577749], [11.8583714, 44.5778343], [11.8587099, 44.5778295], [11.8587532, 44.5779148], [11.8590917, 44.57791], [11.8591239, 44.5779914], [11.8596037, 44.5780772], [11.859647, 44.5781625], [11.8598597, 44.5781608], [11.8598641, 44.5782503], [11.8597399, 44.5783436], [11.8582336, 44.5783812], [11.8582112, 44.5783051], [11.8579776, 44.5782976], [11.8579343, 44.5782122], [11.8577216, 44.5782139], [11.8577091, 44.5780622], [11.8575437, 44.577952], [11.856958, 44.578053]]]}}, {"type": "Feature", "properties": {"flooded": true, "source": "satellite", "area_m2": 21558.6}, "geometry": {"type": "Polygon", "coordinates": [[[11.8522368, 44.5021003], [11.8522236, 44.5018309], [11.852346, 44.5017915], [11.8523229, 44.5012883], [11.8524422, 44.5012573], [11.8524354, 44.5010154], [11.8526861, 44.5010092], [11.8527413, 44.5010967], [11.8531427, 44.5010867], [11.8531892, 44.5009966], [11.8533115, 44.5009933], [11.8533576, 44.5010788], [11.8536331, 44.5010753], [11.853813, 44.500891], [11.8540637, 44.5008847], [11.8541938, 44.5009715], [11.8542124, 44.5011308], [11.8544582, 44.5012349], [11.854467, 44.5014144], [11.8541021, 44.50164], [11.8541175, 44.5017634], [11.8542333, 44.5017807], [11.8542464, 44.5020501], [11.8538701, 44.5020595], [11.8538477, 44.5019834], [11.8536566, 44.5019319], [11.8534326, 44.5021093], [11.8536227, 44.5021561], [11.853627, 44.5022456], [11.8532893, 44.5022577], [11.8531407, 44.502368], [11.8531884, 44.502526], [11.8535102, 44.502429], [11.8533933, 44.5026115], [11.8530169, 44.5026209], [11.8528869, 44.5025342], [11.8529218, 44.5023659], [11.8526312, 44.5024505], [11.8523712, 44.502277], [11.8523587, 44.5021252], [11.8522368, 44.5021003]]]}}, {"type": "Feature", "properties": {"flooded": true, "source": "satellite", "area_m2": 11298.8}, "geometry": {"type": "Polygon", "coordinates": [[[11.8522567, 44.492197], [11.8521092, 44.491751], [11.8523517, 44.4915649], [11.8526023, 44.4915586], [11.852621, 44.491718], [11.8529967, 44.4919089], [11.8530136, 44.4921505], [11.8532655, 44.4922622], [11.8534124, 44.4925907], [11.8535343, 44.4926156], [11.8535468, 44.4927674], [11.8536687, 44.4927923], [11.8538162, 44.4932383], [11.8531887, 44.493254], [11.8530587, 44.4931673], [11.85304, 44.4930079], [11.8527943, 44.4929038], [11.8526474, 44.4925754], [11.8525255, 44.4925504], [11.852513, 44.4923987], [11.8523911, 44.4923737], [11.8523787, 44.492222], [11.8522567, 44.492197]]]}}, {"type": "Feature", "properties": {"flooded": true, "source": "satellite", "area_m2": 11875.4}, "geometry": {"type": "Polygon", "coordinates": [[[11.8496527, 44.5780556], [11.8496439, 44.5778762], [11.850647, 44.5778509], [11.8506931, 44.5779364], [11.850969, 44.5779329], [11.8510278, 44.5778416], [11.8514018, 44.5778321], [11.8514722, 44.5779203], [11.8529186, 44.5778844], [11.852962, 44.5779697], [11.853552, 44.5779586], [11.8536196, 44.5780467], [11.8553176, 44.5780044], [11.8553729, 44.578092], [11.8559511, 44.5780786], [11.8559599, 44.578258], [11.855583, 44.5782675], [11.8555154, 44.5781793], [11.8541948, 44.5782122], [11.8541272, 44.578124], [11.853317, 44.5782343], [11.8532466, 44.5781461], [11.8512998, 44.5781947], [11.8512417, 44.578107], [11.8501603, 44.578133], [11.8501051, 44.5780454], [11.8496527, 44.5780556]]]}}, {"type": "Feature", "properties": {"flooded": true, "source": "satellite", "area_m2": 15680.2}, "geometry": {"type": "Polygon", "coordinates": [[[11.8497313, 44.4997322], [11.8497182, 44.4994629], [11.850067, 44.4992607], [11.8500775, 44.4990938], [11.8504338, 44.4988846], [11.8504369, 44.4987247], [11.8506644, 44.4986156], [11.850675, 44.4984487], [11.8507942, 44.4984177], [11.8507919, 44.4982657], [11.8510343, 44.4980796], [11.8511594, 44.4980765], [11.8515495, 44.4983368], [11.8515619, 44.4984886], [11.8516839, 44.4985135], [11.851697, 44.4987829], [11.8511057, 44.4991711], [11.8510952, 44.499338], [11.8508557, 44.4993642], [11.8508571, 44.4996141], [11.8503721, 44.4999863], [11.8501213, 44.4999925], [11.8497313, 44.4997322]]]}}, {"type": "Feature", "properties": {"flooded": true, "source": "satellite", "area_m2": 89570.2}, "geometry": {"type": "Polygon", "coordinates": [[[11.8455797, 44.497135], [11.8454278, 44.4965991], [11.8457841, 44.4963899], [11.8459041, 44.4960471], [11.8461494, 44.4958607], [11.8462717, 44.4958578], [11.8463149, 44.4959432], [11.8465273, 44.4959415], [11.8465397, 44.4960932], [11.8466617, 44.4961182], [11.8466741, 44.4962699], [11.8468282, 44.4963763], [11.8475586, 44.4964559], [11.8476137, 44.4965435], [11.8479285, 44.4965165], [11.8479187, 44.4961229], [11.8477928, 44.4960896], [11.847766, 44.4959236], [11.8476584, 44.4959129], [11.8476456, 44.4956795], [11.8475197, 44.4956463], [11.8475068, 44.4954129], [11.8473809, 44.4953796], [11.8473764, 44.4952921], [11.8477249, 44.4952737], [11.8479177, 44.4950252], [11.8474065, 44.4951126], [11.8473716, 44.4951998], [11.8468725, 44.4952125], [11.846851, 44.495053], [11.8466552, 44.4949941], [11.8466179, 44.4952186], [11.8464928, 44.4952218], [11.846476, 44.4949801], [11.8462237, 44.4948663], [11.8462197, 44.4947788], [11.8464591, 44.4947527], [11.8464585, 44.4946204], [11.8462564, 44.4945539], [11.8462147, 44.4946885], [11.8460893, 44.4946896], [11.8460766, 44.4944223], [11.8461958, 44.4943913], [11.8461934, 44.4942393], [11.8466523, 44.4941342], [11.8466872, 44.494047], [11.8470248, 44.4940349], [11.8470596, 44.4939477], [11.8475616, 44.4939351], [11.8476916, 44.4940219], [11.8477102, 44.4941813], [11.8478259, 44.4941986], [11.8478446, 44.494358], [11.8479603, 44.4943753], [11.847979, 44.4945347], [11.8480947, 44.494552], [11.8481122, 44.4949113], [11.8479984, 44.4949343], [11.8479436, 44.4950769], [11.8482466, 44.4950884], [11.8486366, 44.4953487], [11.8486553, 44.4955081], [11.848901, 44.4956122], [11.8489197, 44.4957716], [11.8491654, 44.4958757], [11.8491841, 44.496035], [11.849592, 44.4963073], [11.8498155, 44.4963096], [11.8498706, 44.4963971], [11.8501895, 44.4963], [11.8502356, 44.4963855], [11.850448, 44.4963838], [11.8504604, 44.4965355], [11.8505824, 44.4965605], [11.8507354, 44.4968965], [11.8509812, 44.4970006], [11.8510075, 44.4975397], [11.8507724, 44.4976558], [11.8507694, 44.4978158], [11.8505467, 44.4978291], [11.85028, 44.4980981], [11.849778, 44.4981106], [11.8497656, 44.4979588], [11.8495136, 44.4978471], [11.8495012, 44.4976954], [11.8493792, 44.4976704], [11.8493668, 44.4975187], [11.8492448, 44.4974937], [11.8490918, 44.4971577], [11.8489328, 44.497055], [11.8487204, 44.4970567], [11.8486771, 44.4969714], [11.8485151, 44.4969729], [11.8484686, 44.497063], [11.8482367, 44.4970822], [11.8482217, 44.4971592], [11.847999, 44.4971725], [11.8477323, 44.4974415], [11.8475097, 44.4974548], [11.8473642, 44.4976307], [11.8468947, 44.4977402], [11.846628, 44.4980092], [11.8463773, 44.4980154], [11.8462151, 44.4978472], [11.8459916, 44.497845], [11.84597, 44.4974318], [11.8457141, 44.4973117], [11.8457016, 44.49716], [11.8455797, 44.497135]]]}}, {"type": "Feature", "properties": {"flooded": true, "source": "satellite", "area_m2": 10544.0}, "geometry": {"type": "Polygon", "coordinates": [[[11.8479883, 44.5130094], [11.8478407, 44.5125634], [11.847962, 44.5124703], [11.8481848, 44.512457], [11.848209, 44.5123741], [11.8484317, 44.5123608], [11.8484559, 44.5122779], [11.8487067, 44.5122717], [11.8488367, 44.5123584], [11.8488554, 44.5125178], [11.8489711, 44.5125351], [11.8489898, 44.5126945], [11.8491056, 44.5127118], [11.8491242, 44.5128712], [11.84924, 44.5128885], [11.8492663, 44.5134276], [11.8485172, 44.5135364], [11.8483872, 44.5134496], [11.8483685, 44.5132902], [11.8482528, 44.5132729], [11.8482341, 44.5131135], [11.8479883, 44.5130094]]]}}, {"type": "Feature", "properties": {"flooded": true, "source": "satellite", "area_m2": 113522.0}, "geometry": {"type": "Polygon", "coordinates": [[[11.8402836, 44.5020383], [11.8402749, 44.5018589], [11.8405174, 44.5016728], [11.8407681, 44.5016665], [11.8408233, 44.5017541], [11.8412125, 44.5017453], [11.8412712, 44.501654], [11.8413963, 44.5016509], [11.8416563, 44.5018245], [11.8416688, 44.5019762], [11.8417907, 44.5020012], [11.8419437, 44.5023373], [11.8421895, 44.5024414], [11.8422081, 44.5026008], [11.8425008, 44.5027466], [11.8428028, 44.5026884], [11.842827, 44.5026056], [11.8431647, 44.5025935], [11.8431995, 44.5025063], [11.8434315, 44.5024871], [11.8434465, 44.5024101], [11.8436585, 44.5024012], [11.8438146, 44.5022209], [11.8444423, 44.5022052], [11.8444609, 44.5023646], [11.8447067, 44.5024687], [11.8447198, 44.502738], [11.8445985, 44.5028311], [11.8443865, 44.50284], [11.8443516, 44.5029273], [11.843882, 44.5030368], [11.8437365, 44.5032127], [11.8435245, 44.5032216], [11.8434896, 44.5033089], [11.8430108, 44.5034242], [11.8430174, 44.5039148], [11.8432733, 44.5040348], [11.8432858, 44.5041866], [11.8435378, 44.5042983], [11.8436096, 44.5044764], [11.844136, 44.5044598], [11.8442922, 44.5042795], [11.8445149, 44.5042662], [11.8446604, 44.5040903], [11.8451193, 44.5039852], [11.8451542, 44.5038979], [11.8453662, 44.503889], [11.8454011, 44.5038018], [11.8457775, 44.5037924], [11.8459075, 44.5038792], [11.8460543, 44.5042076], [11.8461763, 44.5042326], [11.8461887, 44.5043843], [11.8463107, 44.5044093], [11.8463231, 44.504561], [11.8464451, 44.5045859], [11.8464575, 44.5047377], [11.8465795, 44.5047626], [11.8465919, 44.5049144], [11.8467139, 44.5049393], [11.8467263, 44.5050911], [11.8468483, 44.505116], [11.846857, 44.5052955], [11.8466343, 44.5053088], [11.8463676, 44.5055778], [11.8461555, 44.5055867], [11.8461207, 44.5056739], [11.845651, 44.5057835], [11.8455056, 44.5059594], [11.8452935, 44.5059683], [11.8452587, 44.5060555], [11.8449103, 44.506072], [11.8448261, 44.5061952], [11.8450161, 44.506242], [11.8450348, 44.5064014], [11.8452806, 44.5065055], [11.8452974, 44.5067472], [11.8454193, 44.5067721], [11.8454318, 44.5069239], [11.8455537, 44.5069488], [11.8457068, 44.5072849], [11.8458226, 44.5073022], [11.8458313, 44.5074817], [11.8455805, 44.5074879], [11.8455637, 44.5072462], [11.8453117, 44.5071345], [11.8452993, 44.5069828], [11.8451773, 44.5069578], [11.8451645, 44.5067245], [11.8450385, 44.5066912], [11.8450261, 44.5065394], [11.8447741, 44.5064277], [11.844795, 44.5061645], [11.8445254, 44.5062741], [11.8444576, 44.5063864], [11.844531, 44.5066138], [11.8444098, 44.5067069], [11.8440334, 44.5067163], [11.844029, 44.5066267], [11.8442712, 44.5066448], [11.8442788, 44.506351], [11.8441603, 44.5063664], [11.8441453, 44.5064434], [11.8438076, 44.5064554], [11.8437728, 44.5065427], [11.843522, 44.5065489], [11.8435096, 44.5063972], [11.8433876, 44.5063722], [11.8433708, 44.5061306], [11.8432488, 44.5061056], [11.843232, 44.505864], [11.8431101, 44.505839], [11.8430833, 44.505673], [11.8428457, 44.5055755], [11.8428227, 44.5053262], [11.8425769, 44.5052221], [11.8424213, 44.5047138], [11.8422993, 44.5046889], [11.8422782, 44.5043573], [11.8418962, 44.5041588], [11.8419476, 44.5039304], [11.8417574, 44.5038922], [11.8417344, 44.5035161], [11.8414886, 44.5035387], [11.8415975, 44.5032939], [11.8413499, 44.5032721], [11.8412199, 44.5031853], [11.8412031, 44.5029437], [11.8409511, 44.5028319], [11.8409387, 44.5026802], [11.8408167, 44.5026552], [11.8408043, 44.5025035], [11.8406824, 44.5024785], [11.8405293, 44.5021424], [11.8402836, 44.5020383]]]}}, {"type": "Feature", "properties": {"flooded": true, "source": "satellite", "area_m2": 86688.2}, "geometry": {"type": "Polygon", "coordinates": [[[11.8184095, 44.5753206], [11.8183921, 44.5749613], [11.8190206, 44.5749458], [11.8190881, 44.5750339], [11.8204719, 44.5749997], [11.8205335, 44.5749082], [11.8220397, 44.5748712], [11.822108, 44.5752285], [11.8226357, 44.5752154], [11.8226823, 44.5751253], [11.8233079, 44.5751097], [11.823366, 44.5751974], [11.8245703, 44.5751684], [11.8246283, 44.5752562], [11.825581, 44.5752334], [11.8256391, 44.5753212], [11.826343, 44.5753048], [11.8263654, 44.5753809], [11.826599, 44.5753885], [11.8266422, 44.5754738], [11.8268549, 44.5754722], [11.8270284, 44.5756443], [11.8282518, 44.5757076], [11.8282951, 44.575793], [11.8287593, 44.5757851], [11.8288146, 44.5758727], [11.8305293, 44.5759212], [11.8305726, 44.5760066], [11.8310368, 44.5759987], [11.831092, 44.5760863], [11.8320476, 44.5760636], [11.8320909, 44.5761489], [11.832681, 44.5761379], [11.8327362, 44.5762255], [11.8333143, 44.5762122], [11.8333695, 44.5762998], [11.8343223, 44.576277], [11.8343803, 44.5763647], [11.8349585, 44.5763514], [11.8349907, 44.5764329], [11.8353402, 44.576432], [11.8353955, 44.5765196], [11.8371102, 44.576568], [11.8371654, 44.5766556], [11.8378665, 44.5766391], [11.8379246, 44.5767268], [11.8385027, 44.5767135], [11.838558, 44.576801], [11.8393849, 44.5767813], [11.8394429, 44.5768691], [11.8400211, 44.5768557], [11.8400763, 44.5769433], [11.8409061, 44.5769237], [11.8409494, 44.5770091], [11.8414137, 44.5770011], [11.8414689, 44.5770887], [11.8425503, 44.5770628], [11.8425936, 44.5771482], [11.8430578, 44.5771402], [11.8431131, 44.5772278], [11.8440686, 44.5772051], [11.8441119, 44.5772904], [11.8445762, 44.5772824], [11.8446315, 44.57737], [11.8460946, 44.5774246], [11.8461498, 44.5775122], [11.8469796, 44.5774926], [11.8470229, 44.5775779], [11.847613, 44.5775668], [11.8476682, 44.5776544], [11.8483694, 44.5776377], [11.8484274, 44.5777254], [11.8490056, 44.5777121], [11.8490489, 44.5777974], [11.8493874, 44.5777926], [11.8493962, 44.577972], [11.8477569, 44.5779229], [11.8477136, 44.5778376], [11.8469977, 44.5778518], [11.8469425, 44.5777642], [11.8462385, 44.5777807], [11.8461833, 44.5776931], [11.8454793, 44.5777096], [11.8454241, 44.5776221], [11.8447201, 44.5776385], [11.8446649, 44.577551], [11.8439609, 44.5775674], [11.8439057, 44.5774799], [11.8432017, 44.5774963], [11.8431465, 44.5774087], [11.8424425, 44.5774252], [11.8423992, 44.5773399], [11.8418091, 44.577351], [11.8417769, 44.5772695], [11.8414273, 44.5772705], [11.8413721, 44.5771829], [11.840671, 44.5771995], [11.8406129, 44.5771117], [11.8400348, 44.5771251], [11.8399795, 44.5770375], [11.8392756, 44.5770539], [11.839208, 44.5769658], [11.8383906, 44.5769859], [11.8383473, 44.5769006], [11.8377572, 44.5769117], [11.837702, 44.5768241], [11.836998, 44.5768405], [11.8369428, 44.5767529], [11.8361131, 44.5767725], [11.8360698, 44.5766872], [11.8354797, 44.5766982], [11.8354245, 44.5766106], [11.8347205, 44.576627], [11.8346653, 44.5765394], [11.8338355, 44.576559], [11.8337922, 44.5764737], [11.8332022, 44.5764847], [11.8331469, 44.5763971], [11.8316838, 44.5763423], [11.8316286, 44.5762547], [11.8309247, 44.5762711], [11.8308694, 44.5761835], [11.8301655, 44.5761999], [11.8301222, 44.5761146], [11.8295321, 44.5761256], [11.8294769, 44.576038], [11.828773, 44.5760544], [11.8287177, 44.5759668], [11.827888, 44.5759863], [11.8278447, 44.575901], [11.8272546, 44.575912], [11.8271994, 44.5758244], [11.8263725, 44.575844], [11.8263145, 44.5757563], [11.8256105, 44.5757727], [11.8255672, 44.5756873], [11.8249772, 44.5756983], [11.824922, 44.5756107], [11.8234589, 44.5755558], [11.8234037, 44.5754683], [11.8225739, 44.5754877], [11.8225187, 44.5754001], [11.8221168, 44.5754101], [11.8220702, 44.5755002], [11.8217321, 44.5755122], [11.8216971, 44.5755994], [11.8214649, 44.5756185], [11.8214499, 44.5756956], [11.8207709, 44.5757314], [11.8208575, 44.5758829], [11.821207, 44.575882], [11.8212113, 44.5759715], [11.8205829, 44.5759871], [11.8205396, 44.5759017], [11.8199495, 44.5759127], [11.819882, 44.5758245], [11.8185614, 44.575857], [11.8185571, 44.5757674], [11.8188952, 44.5757555], [11.8189301, 44.5756682], [11.8191154, 44.5756121], [11.8190193, 44.5754933], [11.8187956, 44.5754911], [11.8187634, 44.5754096], [11.8185396, 44.5754074], [11.8184095, 44.5753206]], [[11.8200685, 44.5757749], [11.8202573, 44.5757725], [11.820124, 44.5756836], [11.8200685, 44.5757749]], [[11.8191268, 44.575592], [11.8192244, 44.5757473], [11.8193675, 44.575721], [11.8192642, 44.5755732], [11.8191268, 44.575592]]]}}, {"type": "Feature", "properties": {"flooded": true, "source": "satellite", "area_m2": 68570.0}, "geometry": {"type": "Polygon", "coordinates": [[[11.8374977, 44.5016575], [11.8374672, 44.5010285], [11.8375864, 44.5009975], [11.8375797, 44.5007556], [11.8380648, 44.5003834], [11.8382967, 44.5003643], [11.838433, 44.5001942], [11.8391518, 44.5002171], [11.8391824, 44.5000856], [11.8395462, 44.4998064], [11.8397582, 44.4997975], [11.8397931, 44.4997103], [11.8402627, 44.4996008], [11.8405834, 44.4993065], [11.8405207, 44.499152], [11.8412783, 44.4992232], [11.8414674, 44.4993531], [11.8419909, 44.499339], [11.8420327, 44.4992044], [11.842409, 44.499195], [11.8424276, 44.4993544], [11.842669, 44.4993686], [11.8428158, 44.499697], [11.8429378, 44.499722], [11.8429502, 44.4998737], [11.8430722, 44.4998987], [11.8430846, 44.5000505], [11.8432065, 44.5000754], [11.843219, 44.5002272], [11.8433409, 44.5002521], [11.8433534, 44.5004039], [11.8434753, 44.5004288], [11.8434972, 44.500878], [11.8429952, 44.5008905], [11.8428422, 44.5005544], [11.8425642, 44.5003689], [11.8423911, 44.5003665], [11.8423446, 44.5004566], [11.8420069, 44.5004686], [11.841972, 44.5005559], [11.8415024, 44.5006654], [11.8414782, 44.5007482], [11.8411522, 44.5007574], [11.8411057, 44.5008475], [11.8408936, 44.5008564], [11.8407375, 44.5010367], [11.8403998, 44.5010488], [11.840365, 44.501136], [11.840133, 44.5011552], [11.8401181, 44.5012322], [11.8396664, 44.5012445], [11.8396199, 44.5013346], [11.8392822, 44.5013467], [11.8392473, 44.5014339], [11.8387777, 44.5015434], [11.8387535, 44.5016263], [11.8380002, 44.501645], [11.837957, 44.5015597], [11.8376815, 44.5015631], [11.8376228, 44.5016544], [11.8374977, 44.5016575]]]}}, {"type": "Feature", "properties": {"flooded": true, "source": "satellite", "area_m2": 33162.7}, "geometry": {"type": "Polygon", "coordinates": [[[11.8406146, 44.5062613], [11.8406059, 44.5060818], [11.8410755, 44.5059723], [11.8413434, 44.505757], [11.8413236, 44.5055436], [11.8410822, 44.5055294], [11.8411967, 44.5053017], [11.8410691, 44.5052597], [11.8410523, 44.505018], [11.8408047, 44.5049962], [11.8407916, 44.5047268], [11.8409167, 44.5047237], [11.8410467, 44.5048105], [11.8410654, 44.5049699], [11.8411811, 44.5049872], [11.8412079, 44.5051532], [11.8413956, 44.5052054], [11.8414373, 44.5050708], [11.8415596, 44.5050676], [11.8416924, 44.5051545], [11.8418455, 44.5054906], [11.8420912, 44.5055947], [11.8421041, 44.505828], [11.84223, 44.5058613], [11.8422486, 44.5060207], [11.8430145, 44.506472], [11.8430413, 44.506638], [11.8432746, 44.5066455], [11.8432789, 44.5067351], [11.8430562, 44.5067484], [11.8429107, 44.5069243], [11.8426787, 44.5069434], [11.8426682, 44.5071104], [11.8425458, 44.5071498], [11.8425972, 44.5072461], [11.8429239, 44.5071944], [11.8429326, 44.5073739], [11.8428075, 44.507377], [11.8426327, 44.5072489], [11.8425523, 44.507285], [11.8425641, 44.5075271], [11.84269, 44.5075603], [11.8427168, 44.5077263], [11.8428244, 44.507737], [11.8428332, 44.5079165], [11.8427081, 44.5079196], [11.8426894, 44.5077602], [11.8424437, 44.5076561], [11.842425, 44.5074967], [11.8421241, 44.507305], [11.8417047, 44.5074122], [11.8416804, 44.5074951], [11.8413427, 44.5075071], [11.8411866, 44.5076874], [11.8409358, 44.5076937], [11.840919, 44.507452], [11.8406667, 44.5073382], [11.8406627, 44.5072507], [11.8408679, 44.5072892], [11.8409099, 44.5071906], [11.840784, 44.5071573], [11.8406452, 44.5068911], [11.8409421, 44.5067746], [11.840879, 44.5065251], [11.8409854, 44.5065091], [11.8410605, 44.5063832], [11.8407446, 44.506348], [11.8406146, 44.5062613]], [[11.8415967, 44.5056691], [11.84182, 44.5057279], [11.8418368, 44.5056286], [11.8416236, 44.5055652], [11.8415967, 44.5056691]]]}}, {"type": "Feature", "properties": {"flooded": true, "source": "satellite", "area_m2": 16128.9}, "geometry": {"type": "Polygon", "coordinates": [[[11.8389352, 44.5105342], [11.8389221, 44.5102649], [11.8391342, 44.510256], [11.839169, 44.5101687], [11.8395068, 44.5101567], [11.8395416, 44.5100694], [11.8400113, 44.5099599], [11.8401568, 44.509784], [11.8403833, 44.5098148], [11.8404065, 44.5096876], [11.8405288, 44.5096847], [11.8407021, 44.5098568], [11.8409146, 44.5098552], [11.8409622, 44.5100304], [11.8416729, 44.5099263], [11.8416996, 44.5100923], [11.8419333, 44.5101019], [11.8419373, 44.5101894], [11.8413376, 44.5102121], [11.8413177, 44.5103849], [11.8411926, 44.510388], [11.8411375, 44.5103004], [11.84085, 44.5103101], [11.8408239, 44.5105772], [11.8406075, 44.5105419], [11.8405769, 44.5106734], [11.8402392, 44.5106854], [11.8402043, 44.5107727], [11.8399723, 44.5107919], [11.8398333, 44.5109622], [11.8392083, 44.5109775], [11.8391915, 44.5107359], [11.8390696, 44.5107109], [11.8390428, 44.5105449], [11.8389352, 44.5105342]]]}}, {"type": "Feature", "properties": {"flooded": true, "source": "satellite", "area_m2": 15081.4}, "geometry": {"type": "Polygon", "coordinates": [[[11.8380876, 44.5034433], [11.8380745, 44.503174], [11.8384363, 44.5029569], [11.8384208, 44.5025352], [11.8386329, 44.5025263], [11.8386678, 44.502439], [11.8390398, 44.5023397], [11.8392998, 44.5025133], [11.8393122, 44.5026651], [11.8394342, 44.50269], [11.8395953, 44.5030327], [11.8399542, 44.5030372], [11.8401164, 44.5032054], [11.8403399, 44.5032076], [11.8403523, 44.5033594], [11.8404742, 44.5033843], [11.840491, 44.503626], [11.840613, 44.503651], [11.8406217, 44.5038304], [11.8404966, 44.5038335], [11.840478, 44.5036741], [11.8401758, 44.5035271], [11.8401148, 44.503753], [11.8396127, 44.5037655], [11.8396084, 44.503676], [11.8398489, 44.503552], [11.8398582, 44.5034003], [11.8392687, 44.503415], [11.8392194, 44.5035054], [11.8382176, 44.5035301], [11.8380876, 44.5034433]], [[11.8400387, 44.5033502], [11.839942, 44.5034803], [11.8402188, 44.5035048], [11.8401957, 44.5033987], [11.8400387, 44.5033502]]]}}, {"type": "Feature", "properties": {"flooded": true, "source": "satellite", "area_m2": 5626.4}, "geometry": {"type": "Polygon", "coordinates": [[[11.8384, 44.5046959], [11.8382525, 44.5042498], [11.8385902, 44.5042378], [11.8386251, 44.5041506], [11.838857, 44.5041314], [11.838872, 44.5040544], [11.8392204, 44.5040379], [11.8392446, 44.5039551], [11.8396209, 44.5039457], [11.839751, 44.5040325], [11.8397684, 44.5043918], [11.8394424, 44.504401], [11.8393958, 44.5044911], [11.8392708, 44.5044942], [11.8390975, 44.5043221], [11.8387782, 44.5043398], [11.8387674, 44.5044707], [11.8388933, 44.504504], [11.8388976, 44.5045935], [11.8386626, 44.5047096], [11.8386594, 44.5048695], [11.8385344, 44.5048726], [11.8385219, 44.5047209], [11.8384, 44.5046959]]]}}, {"type": "Feature", "properties": {"flooded": true, "source": "satellite", "area_m2": 129683.7}, "geometry": {"type": "Polygon", "coordinates": [[[11.8322165, 44.5016987], [11.8322034, 44.5014293], [11.8327807, 44.5014139], [11.8328273, 44.5013238], [11.8329524, 44.5013207], [11.8329956, 44.501406], [11.8333336, 44.5014012], [11.8333658, 44.5014827], [11.8336607, 44.5015277], [11.8338367, 44.5013887], [11.8340594, 44.5013754], [11.8340837, 44.5012926], [11.834661, 44.5012772], [11.8347103, 44.5011868], [11.835712, 44.5011621], [11.8357379, 44.5016652], [11.8358639, 44.5016985], [11.8358825, 44.5018579], [11.8361239, 44.5018721], [11.8365363, 44.5022086], [11.8367695, 44.5022161], [11.8368995, 44.5023029], [11.8369167, 44.5026262], [11.8370426, 44.5026595], [11.8370557, 44.5029288], [11.8364339, 44.5029723], [11.8364751, 44.5031201], [11.8369388, 44.5031122], [11.8369431, 44.5032017], [11.836578, 44.503231], [11.836583, 44.5034531], [11.8372075, 44.5034656], [11.8372403, 44.5035913], [11.8374632, 44.5035493], [11.8375932, 44.5036361], [11.837606, 44.5038694], [11.8377319, 44.5039027], [11.8377587, 44.5040687], [11.8378663, 44.5040794], [11.8378831, 44.5043211], [11.838005, 44.504346], [11.8380318, 44.504512], [11.8381394, 44.5045227], [11.8381656, 44.5050618], [11.8375379, 44.5050774], [11.8374828, 44.5049899], [11.8369557, 44.505003], [11.8369179, 44.5052729], [11.8367966, 44.5053659], [11.8365845, 44.5053748], [11.8365497, 44.5054621], [11.8360863, 44.5054773], [11.8360514, 44.5055645], [11.8355997, 44.5055768], [11.8354469, 44.5056829], [11.8353717, 44.5058023], [11.8354406, 44.5059398], [11.8352286, 44.5059487], [11.8350713, 44.5060754], [11.8350867, 44.5061989], [11.8352025, 44.5062162], [11.8352373, 44.5069351], [11.834889, 44.5069516], [11.8348691, 44.5071243], [11.8346184, 44.5071305], [11.8343359, 44.5068809], [11.8341027, 44.5068733], [11.8340352, 44.5067851], [11.8336237, 44.5068029], [11.8336082, 44.5070656], [11.8334831, 44.5070687], [11.8334701, 44.5067994], [11.8335764, 44.5067833], [11.8335895, 44.5066977], [11.83334, 44.5067122], [11.8333357, 44.5066226], [11.8335779, 44.5066407], [11.8335739, 44.5063467], [11.8340256, 44.5063344], [11.834075, 44.506244], [11.8342807, 44.506282], [11.8344448, 44.506145], [11.8346675, 44.5061317], [11.8347519, 44.5059999], [11.834436, 44.5059648], [11.8344317, 44.5058752], [11.8345541, 44.5058358], [11.8345461, 44.5056471], [11.8344186, 44.5056051], [11.8343887, 44.5050937], [11.8342664, 44.5050667], [11.8342581, 44.5048893], [11.8343812, 44.504841], [11.8343665, 44.5045625], [11.8342402, 44.5045272], [11.8342743, 44.503939], [11.8341915, 44.5037404], [11.8340757, 44.5037231], [11.8341312, 44.5035824], [11.8340458, 44.5032116], [11.8339239, 44.5031867], [11.8338953, 44.5026024], [11.8337678, 44.5025604], [11.8337466, 44.5022288], [11.8335814, 44.5021185], [11.8331843, 44.5020802], [11.8323639, 44.5021451], [11.8323424, 44.501732], [11.8322165, 44.5016987]], [[11.8358627, 44.5036865], [11.8357161, 44.5038088], [11.8357301, 44.5040961], [11.835856, 44.5041294], [11.8358684, 44.5042811], [11.8360225, 44.5043875], [11.8365843, 44.5043777], [11.8368542, 44.5041744], [11.8368159, 44.5037086], [11.8363417, 44.5037568], [11.8363193, 44.5036807], [11.8361402, 44.5036272], [11.8358627, 44.5036865]], [[11.83477, 44.5059691], [11.8349269, 44.5060738], [11.8349206, 44.5059661], [11.83477, 44.5059691]]]}}, {"type": "Feature", "properties": {"flooded": true, "source": "satellite", "area_m2": 32886.1}, "geometry": {"type": "Polygon", "coordinates": [[[11.8361655, 44.5441823], [11.8361305, 44.5434634], [11.8366329, 44.5434509], [11.8366591, 44.54399], [11.8365358, 44.5440383], [11.8365172, 44.5449434], [11.8365939, 44.5451344], [11.8367159, 44.5451593], [11.836869, 44.5454954], [11.837115, 44.5455995], [11.8371318, 44.5458412], [11.8372538, 44.5458662], [11.8372663, 44.5460179], [11.8373883, 44.5460429], [11.8375414, 44.5463789], [11.8376572, 44.5463963], [11.8376803, 44.5466456], [11.8379262, 44.5467497], [11.8379387, 44.5469014], [11.8380607, 44.5469264], [11.8382164, 44.5474347], [11.8384685, 44.5475464], [11.8384953, 44.5477124], [11.8387331, 44.5478099], [11.8387561, 44.5480592], [11.8389977, 44.5480734], [11.8390102, 44.5482251], [11.8391322, 44.5482501], [11.839159, 44.5484161], [11.8393968, 44.5485136], [11.8395499, 44.5488497], [11.8397959, 44.5489538], [11.8400736, 44.5494866], [11.8399484, 44.5494897], [11.8391677, 44.548969], [11.8391409, 44.548803], [11.8389075, 44.5487954], [11.838387, 44.5484483], [11.8383746, 44.5482965], [11.8382301, 44.5481955], [11.8379967, 44.5481879], [11.8378666, 44.5481011], [11.8378541, 44.5479494], [11.8374719, 44.5477508], [11.8374532, 44.5475915], [11.8372117, 44.5475773], [11.8371992, 44.5474255], [11.8370772, 44.5474006], [11.8370604, 44.5471589], [11.8369383, 44.5471339], [11.8369168, 44.5467208], [11.8367907, 44.5466875], [11.8367577, 44.5460133], [11.83663, 44.5459713], [11.8365997, 44.5453783], [11.8364737, 44.545345], [11.8365161, 44.5449346], [11.836439, 44.5446621], [11.836313, 44.5446288], [11.8362875, 44.5442073], [11.8361655, 44.5441823]]]}}, {"type": "Feature", "properties": {"flooded": true, "source": "satellite", "area_m2": 129934.2}, "geometry": {"type": "Polygon", "coordinates": [[[11.8329709, 44.5328286], [11.8327972, 44.531843], [11.8330399, 44.5316569], [11.8337612, 44.5315412], [11.8339067, 44.5313653], [11.8342833, 44.531356], [11.8343385, 44.5314436], [11.8350032, 44.5314245], [11.8350381, 44.5313372], [11.8352701, 44.5313181], [11.8352807, 44.5311511], [11.8354021, 44.5310581], [11.835783, 44.5311387], [11.8358382, 44.5312263], [11.8360107, 44.5312152], [11.836035, 44.5311324], [11.836283, 44.531126], [11.8364159, 44.531213], [11.8364333, 44.5315722], [11.8362105, 44.5315855], [11.8361261, 44.5317173], [11.8363965, 44.5317971], [11.8364383, 44.5316625], [11.8365634, 44.5316594], [11.8365721, 44.5318389], [11.8363755, 44.5317991], [11.8359829, 44.5318571], [11.8358925, 44.5320854], [11.8360159, 44.5321677], [11.8362081, 44.5321184], [11.8362558, 44.532338], [11.836594, 44.5322888], [11.8366202, 44.5328279], [11.836278, 44.5327957], [11.8361261, 44.5330203], [11.8357951, 44.532985], [11.8357514, 44.5330748], [11.8358791, 44.5331168], [11.8359224, 44.5332465], [11.8362606, 44.5331974], [11.8362693, 44.5333768], [11.836064, 44.5333384], [11.836022, 44.5334369], [11.8364403, 44.5337253], [11.837041, 44.5337181], [11.8371153, 44.5352463], [11.8367501, 44.5354718], [11.8367641, 44.5357591], [11.8368901, 44.5357924], [11.836899, 44.5359699], [11.8367795, 44.5360028], [11.8367862, 44.5362447], [11.836531, 44.5361611], [11.8365094, 44.5357479], [11.8363282, 44.535627], [11.8348584, 44.5356635], [11.8348787, 44.535842], [11.8347563, 44.5358453], [11.8348072, 44.5356983], [11.8346694, 44.5356682], [11.8346229, 44.5357583], [11.8344, 44.5357717], [11.8341481, 44.5359636], [11.8341375, 44.5361305], [11.8338822, 44.5360468], [11.8338698, 44.5358951], [11.8337478, 44.5358701], [11.8337219, 44.535367], [11.8335959, 44.5353337], [11.8335729, 44.5350844], [11.8334567, 44.5350651], [11.8334397, 44.5347078], [11.833559, 44.5346769], [11.8336126, 44.5343927], [11.8335133, 44.5336617], [11.8332572, 44.5335416], [11.8332448, 44.5333899], [11.8331228, 44.5333649], [11.8330969, 44.5328619], [11.8329709, 44.5328286]], [[11.835405, 44.5342911], [11.835448, 44.5341208], [11.8351793, 44.5341521], [11.8352205, 44.5342999], [11.835405, 44.5342911]]]}}, {"type": "Feature", "properties": {"flooded": true, "source": "satellite", "area_m2": 114568.5}, "geometry": {"type": "Polygon", "coordinates": [[[11.8284644, 44.4787452], [11.8284514, 44.4784759], [11.8289343, 44.4781658], [11.828919, 44.4777441], [11.8290382, 44.4777131], [11.8290315, 44.4774712], [11.8291507, 44.4774403], [11.8291484, 44.4772883], [11.8299821, 44.4767141], [11.8299927, 44.4765471], [11.8302331, 44.4764232], [11.8302224, 44.4761273], [11.8300966, 44.476094], [11.8300703, 44.4755569], [11.8301896, 44.475524], [11.830183, 44.4752821], [11.8303022, 44.4752511], [11.8302999, 44.4750991], [11.8306717, 44.4749999], [11.8306941, 44.475076], [11.8309273, 44.4750836], [11.8309705, 44.4751689], [11.8311828, 44.4751672], [11.8314859, 44.4754262], [11.8318868, 44.4754196], [11.8319455, 44.4753284], [11.8321681, 44.4753151], [11.8321923, 44.4752322], [11.8324149, 44.4752189], [11.8325604, 44.475043], [11.832783, 44.4750297], [11.8329284, 44.4748538], [11.8334302, 44.4748414], [11.8335601, 44.4749282], [11.8337068, 44.4752567], [11.8338287, 44.4752816], [11.8338411, 44.4754334], [11.833963, 44.4754583], [11.8339798, 44.4757], [11.8341017, 44.475725], [11.8341284, 44.475891], [11.8342359, 44.4759017], [11.8342534, 44.476261], [11.8341321, 44.476354], [11.8339003, 44.4763731], [11.8335291, 44.4766592], [11.833526, 44.4768192], [11.8334068, 44.4768501], [11.8335608, 44.4775385], [11.8334416, 44.4775695], [11.8334439, 44.4777215], [11.8332046, 44.4777476], [11.8332015, 44.4779075], [11.8329895, 44.4779164], [11.8329546, 44.4780037], [11.8324528, 44.4780161], [11.832193, 44.4778425], [11.8321602, 44.4777169], [11.8319654, 44.4777659], [11.8319493, 44.477911], [11.8320712, 44.477936], [11.8320931, 44.4783832], [11.8319738, 44.4784161], [11.8319761, 44.4785681], [11.8314742, 44.4785806], [11.8313275, 44.4782521], [11.8311382, 44.478139], [11.8307376, 44.4781523], [11.8307028, 44.4782396], [11.8302333, 44.4783491], [11.8302091, 44.4784319], [11.8298609, 44.4784483], [11.8298367, 44.4785312], [11.8293735, 44.4785463], [11.8290962, 44.4788196], [11.8285944, 44.478832], [11.8284644, 44.4787452]]]}}, {"type": "Feature", "properties": {"flooded": true, "source": "satellite", "area_m2": 32465.7}, "geometry": {"type": "Polygon", "coordinates": [[[11.834668, 44.5392682], [11.8346243, 44.5383694], [11.8347457, 44.5382764], [11.8351976, 44.5382641], [11.8352442, 44.538174], [11.8353694, 44.5381709], [11.8354994, 44.5382577], [11.8355162, 44.5384993], [11.8356705, 44.5386057], [11.8359694, 44.538605], [11.836016, 44.5385149], [11.836264, 44.5385085], [11.8362991, 44.5385901], [11.8364723, 44.5385925], [11.8365145, 44.5384125], [11.8366369, 44.538373], [11.836614, 44.5378699], [11.8368649, 44.5378636], [11.8369949, 44.5379504], [11.8369993, 44.5380399], [11.8368768, 44.5380794], [11.8368351, 44.5385349], [11.8369218, 44.5390301], [11.8367984, 44.5390804], [11.836844, 44.5400243], [11.836392, 44.5400366], [11.8363427, 44.540127], [11.8350916, 44.5401581], [11.8349587, 44.5400712], [11.8349372, 44.539658], [11.8348112, 44.5396247], [11.83479, 44.5392931], [11.834668, 44.5392682]]]}}, {"type": "Feature", "properties": {"flooded": true, "source": "satellite", "area_m2": 238305.8}, "geometry": {"type": "Polygon", "coordinates": [[[11.829769, 44.5212948], [11.8297385, 44.5206658], [11.8298523, 44.5206427], [11.8298555, 44.5204828], [11.8300981, 44.5202968], [11.8303102, 44.5202879], [11.8303451, 44.5202006], [11.8308473, 44.5201881], [11.8308795, 44.5202696], [11.8310404, 44.5202732], [11.8310992, 44.5201819], [11.8314757, 44.5201726], [11.8314844, 44.520352], [11.8312567, 44.520461], [11.8312461, 44.520628], [11.8311237, 44.5206674], [11.831139, 44.5207909], [11.8312548, 44.5208082], [11.831272, 44.5211315], [11.831528, 44.5212516], [11.8315404, 44.5214033], [11.8316624, 44.5214283], [11.8316835, 44.5217599], [11.8318055, 44.5217848], [11.8319585, 44.5221209], [11.8322043, 44.522225], [11.832223, 44.5223844], [11.8327202, 44.5224823], [11.8326726, 44.5226396], [11.832989, 44.5228357], [11.8329977, 44.5230152], [11.8328129, 44.5230543], [11.8328333, 44.5232707], [11.8331365, 44.5232822], [11.8332987, 44.5234504], [11.8335222, 44.5234527], [11.8335347, 44.5236044], [11.8336567, 44.5236294], [11.8336782, 44.5240426], [11.8338042, 44.5240759], [11.8338129, 44.5242553], [11.8335808, 44.5242744], [11.8333307, 44.5244675], [11.8333273, 44.5245914], [11.8334533, 44.5246247], [11.8334888, 44.5249706], [11.8337221, 44.5249781], [11.8338991, 44.5251066], [11.8341035, 44.5250587], [11.8342336, 44.5251455], [11.8342467, 44.5254148], [11.8341403, 44.5254309], [11.8341272, 44.5255165], [11.8343767, 44.525502], [11.8343299, 44.5258225], [11.8344157, 44.5262749], [11.8346721, 44.526397], [11.8346355, 44.5269015], [11.8349537, 44.5270181], [11.8351093, 44.5275264], [11.8352313, 44.5275514], [11.8352528, 44.5279645], [11.8353788, 44.5279978], [11.8353875, 44.5281773], [11.8351523, 44.5282933], [11.835032, 44.5286002], [11.835158, 44.5286335], [11.8351945, 44.5288049], [11.8355438, 44.528804], [11.8355562, 44.5289557], [11.8356782, 44.5289807], [11.835695, 44.5292223], [11.835817, 44.5292473], [11.8358429, 44.5297504], [11.8359689, 44.5297837], [11.8359863, 44.5301429], [11.835865, 44.530236], [11.8355272, 44.530248], [11.8354895, 44.5303355], [11.8353671, 44.5303384], [11.8353485, 44.530179], [11.8349174, 44.5299005], [11.8346298, 44.5299102], [11.8345921, 44.5299977], [11.833967, 44.5300131], [11.8339348, 44.5299316], [11.8337738, 44.529928], [11.833715, 44.5300193], [11.8326123, 44.5300545], [11.8325965, 44.5302811], [11.8327225, 44.5303144], [11.8327493, 44.5304804], [11.8328569, 44.5304911], [11.8328741, 44.5308144], [11.8330001, 44.5308477], [11.8331565, 44.5314716], [11.8329136, 44.5316597], [11.8325758, 44.5316717], [11.8325409, 44.5317589], [11.8324157, 44.531762], [11.8322467, 44.5309024], [11.8321207, 44.5308691], [11.8320861, 44.5301862], [11.8319601, 44.5301529], [11.8319346, 44.5297314], [11.8318126, 44.5297064], [11.8317908, 44.5292572], [11.8319122, 44.5291642], [11.8321442, 44.5291451], [11.8321567, 44.5290229], [11.8318991, 44.5288941], [11.8318776, 44.5284809], [11.8317512, 44.5284456], [11.8317253, 44.5279105], [11.8319606, 44.5277924], [11.8319637, 44.5276325], [11.8322064, 44.5274464], [11.832446, 44.5274203], [11.8324406, 44.5271166], [11.8322234, 44.5270448], [11.8321971, 44.5272662], [11.8319463, 44.5272724], [11.8318075, 44.5270062], [11.8322753, 44.5270353], [11.8322917, 44.526834], [11.8318492, 44.5268258], [11.8318026, 44.5269159], [11.8316775, 44.526919], [11.8312873, 44.5266586], [11.8312658, 44.5262455], [11.8311394, 44.5262102], [11.8311139, 44.5257091], [11.830988, 44.5256758], [11.8310391, 44.5254452], [11.8309563, 44.5252466], [11.8308405, 44.5252293], [11.8308059, 44.5245464], [11.8306799, 44.5245131], [11.8306541, 44.52401], [11.8305277, 44.5239747], [11.8305194, 44.5237973], [11.8307315, 44.5237884], [11.8308728, 44.5236851], [11.8310006, 44.5233712], [11.8308747, 44.5233379], [11.8308435, 44.523082], [11.8305737, 44.5229031], [11.8303501, 44.5229008], [11.8302201, 44.522814], [11.8302029, 44.5224908], [11.8300766, 44.5224555], [11.830194, 44.5222749], [11.8303191, 44.5222718], [11.8304491, 44.5223586], [11.8304659, 44.5226003], [11.8306103, 44.5227013], [11.8310446, 44.5227029], [11.8314477, 44.5224037], [11.8314467, 44.5221899], [11.8313207, 44.5221566], [11.8313595, 44.5219046], [11.831182, 44.5218899], [11.8311565, 44.5214684], [11.8310345, 44.5214435], [11.8310078, 44.5212774], [11.8307744, 44.5212699], [11.8307193, 44.5211823], [11.8305467, 44.5211933], [11.8305225, 44.5212761], [11.8301573, 44.5213054], [11.830189, 44.5221846], [11.8299339, 44.5221009], [11.8298966, 44.5213368], [11.829769, 44.5212948]], [[11.8338558, 44.525228], [11.8336213, 44.5252705], [11.8336219, 44.5254028], [11.8338309, 44.5254219], [11.8338558, 44.525228]], [[11.8330489, 44.5244235], [11.8329025, 44.5245358], [11.8330531, 44.5245312], [11.8330489, 44.5244235]], [[11.8326838, 44.5230232], [11.8326872, 44.5231581], [11.8328114, 44.5230628], [11.8326838, 44.5230232]], [[11.832531, 44.5246598], [11.8326879, 44.5247646], [11.8326816, 44.5246569], [11.832531, 44.5246598]], [[11.8325859, 44.5249894], [11.8323513, 44.525032], [11.8323519, 44.5251642], [11.8325609, 44.5251834], [11.8325859, 44.5249894]], [[11.8315743, 44.5246989], [11.8315168, 44.5249021], [11.8316164, 44.5249799], [11.8318044, 44.5249279], [11.8318199, 44.5246653], [11.8322897, 44.5245558], [11.8324827, 44.5243074], [11.8323332, 44.5242998], [11.832309, 44.5243827], [11.8318348, 44.5244022], [11.8318149, 44.524575], [11.8315743, 44.5246989]], [[11.8324641, 44.5253382], [11.8323176, 44.5254505], [11.8324682, 44.525446], [11.8324641, 44.5253382]], [[11.8315922, 44.5257434], [11.8316353, 44.5255731], [11.8313665, 44.5256043], [11.8314078, 44.5257522], [11.8315922, 44.5257434]]]}}, {"type": "Feature", "properties": {"flooded": true, "source": "satellite", "area_m2": 2127628.4}, "geometry": {"type": "Polygon", "coordinates": [[[11.8151637, 44.5263373], [11.8150207, 44.5259811], [11.81514, 44.5259502], [11.8151334, 44.5257083], [11.8153686, 44.5255922], [11.8153718, 44.5254323], [11.8154942, 44.5253929], [11.8154845, 44.5251595], [11.8155983, 44.5251364], [11.8156015, 44.5249765], [11.8157154, 44.5249535], [11.8157185, 44.5247936], [11.8158249, 44.5247776], [11.8158355, 44.5246106], [11.815958, 44.5245712], [11.8159427, 44.5244478], [11.8158265, 44.5244284], [11.8158139, 44.5241611], [11.8159202, 44.5241451], [11.8159951, 44.5240169], [11.8158008, 44.5238909], [11.8157573, 44.5229941], [11.8160083, 44.5229859], [11.8164208, 44.5233225], [11.8166541, 44.5233301], [11.8170764, 44.523672], [11.817677, 44.5236649], [11.817807, 44.5237518], [11.8179537, 44.5240803], [11.8180757, 44.5241052], [11.8180881, 44.524257], [11.8182101, 44.524282], [11.8182225, 44.5244337], [11.8183445, 44.5244587], [11.8183568, 44.5246104], [11.8184788, 44.5246354], [11.8184912, 44.5247872], [11.8186132, 44.5248122], [11.8186303, 44.5251354], [11.8187566, 44.5251707], [11.8187692, 44.5254381], [11.8186554, 44.5254611], [11.818656, 44.5255933], [11.8189036, 44.5256152], [11.8190504, 44.5259437], [11.8191724, 44.5259687], [11.8191848, 44.5261204], [11.8193068, 44.5261454], [11.8193191, 44.5262972], [11.8194411, 44.5263221], [11.8194579, 44.5265638], [11.8197099, 44.5266756], [11.8197223, 44.5268273], [11.8198443, 44.5268523], [11.8200054, 44.527195], [11.820314, 44.5271997], [11.820467, 44.5270936], [11.8204776, 44.5269267], [11.8206001, 44.5268872], [11.8205903, 44.5266538], [11.8208368, 44.5265577], [11.82088, 44.526643], [11.8212182, 44.5266383], [11.8217384, 44.5269855], [11.8217656, 44.5273248], [11.8219884, 44.5273261], [11.8219947, 44.5270692], [11.8221171, 44.5270298], [11.8221055, 44.5267877], [11.8218559, 44.5268022], [11.8218514, 44.5267147], [11.822099, 44.5267231], [11.8220728, 44.5261131], [11.8219468, 44.5260797], [11.8219239, 44.5258304], [11.8218081, 44.5258131], [11.8217914, 44.5255714], [11.8216694, 44.5255465], [11.8216427, 44.5253805], [11.821535, 44.5253697], [11.8215179, 44.5250465], [11.8213919, 44.5250132], [11.8213652, 44.5248472], [11.8212576, 44.5248364], [11.8211021, 44.5243281], [11.8209801, 44.5243031], [11.8208272, 44.523967], [11.8207114, 44.5239497], [11.8206986, 44.5237164], [11.8205727, 44.523683], [11.8205497, 44.5234337], [11.820434, 44.5234164], [11.8204172, 44.5231747], [11.8202952, 44.5231498], [11.8202785, 44.5229081], [11.8201565, 44.5228831], [11.8201441, 44.5227313], [11.8200222, 44.5227064], [11.8198692, 44.5223703], [11.8197534, 44.5223529], [11.8197363, 44.5220297], [11.8196104, 44.5219964], [11.8195976, 44.521763], [11.8194717, 44.5217297], [11.8194531, 44.5215703], [11.8193373, 44.521553], [11.8191819, 44.5210446], [11.8190599, 44.5210197], [11.8190332, 44.5208537], [11.8189255, 44.5208429], [11.8189125, 44.5205736], [11.8191247, 44.5205647], [11.8191596, 44.5204775], [11.8194974, 44.5204655], [11.8195323, 44.5203782], [11.8198701, 44.5203663], [11.819905, 44.520279], [11.820137, 44.5202599], [11.820152, 44.5201829], [11.8205005, 44.5201665], [11.8205247, 44.5200836], [11.8208625, 44.5200717], [11.8208974, 44.5199844], [11.8211294, 44.5199653], [11.8212658, 44.5197952], [11.8215962, 44.519876], [11.8216428, 44.5197859], [11.8218748, 44.5197668], [11.8218898, 44.5196898], [11.8224673, 44.5196744], [11.8226352, 44.5194913], [11.823087, 44.5194791], [11.8232399, 44.5193729], [11.8232291, 44.5187924], [11.8231031, 44.5187591], [11.8230764, 44.5185931], [11.8229688, 44.5185824], [11.8230243, 44.5184418], [11.8229433, 44.5181609], [11.8228214, 44.5181359], [11.8227946, 44.5179699], [11.822557, 44.5178724], [11.822544, 44.517603], [11.8226691, 44.5175999], [11.8229291, 44.5177736], [11.8229415, 44.5179253], [11.8230635, 44.5179503], [11.8231087, 44.5183015], [11.8235405, 44.5182049], [11.8235754, 44.5181177], [11.8238262, 44.5181115], [11.8237092, 44.518294], [11.823528, 44.518325], [11.823647, 44.5184306], [11.8239369, 44.518371], [11.8241365, 44.5181698], [11.8239438, 44.5179285], [11.8240651, 44.5178355], [11.8242916, 44.5178663], [11.8243121, 44.5177393], [11.8247974, 44.5173672], [11.8250294, 44.5173481], [11.8250444, 44.5172711], [11.8254962, 44.5172588], [11.8255427, 44.5171687], [11.8256679, 44.5171656], [11.8262312, 44.5175982], [11.8267703, 44.5175874], [11.8268169, 44.5174973], [11.8273162, 44.5174847], [11.8274491, 44.5175716], [11.8274792, 44.5181646], [11.8276052, 44.5181979], [11.8276319, 44.518364], [11.8277396, 44.5183747], [11.8277654, 44.5188777], [11.8278914, 44.5189111], [11.8279168, 44.5193326], [11.8280388, 44.5193575], [11.8280646, 44.5198606], [11.8281906, 44.5198939], [11.8282164, 44.520397], [11.8283424, 44.5204303], [11.8283679, 44.5208518], [11.8284899, 44.5208768], [11.8285113, 44.5212899], [11.8286373, 44.5213232], [11.828815, 44.5223627], [11.8289409, 44.522396], [11.8289668, 44.5228991], [11.8290927, 44.5229324], [11.8291182, 44.5233539], [11.8292402, 44.5233789], [11.8294179, 44.5244183], [11.8295438, 44.5244516], [11.8295784, 44.5251346], [11.8297044, 44.5251679], [11.8297299, 44.5255894], [11.8298519, 44.5256143], [11.8298734, 44.5260275], [11.8299993, 44.5260608], [11.8300296, 44.5266538], [11.8301555, 44.5266871], [11.8301872, 44.5271162], [11.830303, 44.5271336], [11.8303463, 44.5272632], [11.8305588, 44.5272172], [11.8305631, 44.5273068], [11.8303157, 44.5272964], [11.8303289, 44.5276366], [11.8304548, 44.5276699], [11.8304816, 44.5278359], [11.8305893, 44.5278467], [11.8306079, 44.528006], [11.8307237, 44.5280234], [11.8307408, 44.5283466], [11.8308668, 44.5283799], [11.8308883, 44.5287931], [11.8310143, 44.5288264], [11.8310354, 44.529158], [11.8311574, 44.5291829], [11.8311873, 44.5296944], [11.8313093, 44.5297193], [11.8313526, 44.529849], [11.831565, 44.529803], [11.8315694, 44.5298925], [11.8313341, 44.5298675], [11.8313267, 44.5300786], [11.8310915, 44.5301947], [11.8309714, 44.5305375], [11.8308521, 44.5305685], [11.8308585, 44.5307744], [11.8311146, 44.5308945], [11.8311357, 44.5312261], [11.8312577, 44.531251], [11.8312845, 44.531417], [11.8313921, 44.5314277], [11.8315477, 44.531936], [11.8316697, 44.531961], [11.8316965, 44.532127], [11.8318041, 44.5321377], [11.8319597, 44.532646], [11.8320817, 44.532671], [11.8321076, 44.533174], [11.8322336, 44.5332073], [11.8322595, 44.5337104], [11.8323854, 44.5337437], [11.8323987, 44.5340111], [11.8322792, 44.534044], [11.8322815, 44.534196], [11.8320849, 44.5341563], [11.8316816, 44.5342187], [11.8316617, 44.5343915], [11.8315553, 44.5344075], [11.8314823, 44.5345418], [11.8321107, 44.5345606], [11.8321695, 44.5344693], [11.8322946, 44.5344662], [11.8323268, 44.5345476], [11.8325504, 44.5345499], [11.8325826, 44.5346313], [11.8328062, 44.5346335], [11.8329363, 44.5347203], [11.8329622, 44.5352234], [11.8330882, 44.5352567], [11.8331093, 44.5355883], [11.8332313, 44.5356133], [11.8332531, 44.5360624], [11.8329979, 44.5359787], [11.8329807, 44.5356555], [11.8328547, 44.5356222], [11.8328288, 44.5351191], [11.8327028, 44.5350858], [11.83269, 44.5348525], [11.8325416, 44.5347431], [11.8319815, 44.5347447], [11.8319349, 44.5348348], [11.8317228, 44.5348437], [11.8316963, 44.5350748], [11.8318223, 44.5351081], [11.8318435, 44.5354397], [11.8319655, 44.5354646], [11.8319922, 44.5356306], [11.8320999, 44.5356413], [11.8321476, 44.536594], [11.8322736, 44.5366273], [11.8322966, 44.5368766], [11.8325425, 44.5369807], [11.8325512, 44.5371602], [11.8324287, 44.5371996], [11.8324558, 44.5377567], [11.8325818, 44.53779], [11.8326047, 44.5380393], [11.8327206, 44.5380566], [11.8327374, 44.5382983], [11.8328594, 44.5383232], [11.8328765, 44.5386465], [11.8330025, 44.5386798], [11.8330241, 44.5390929], [11.8332053, 44.5392138], [11.8336573, 44.5392037], [11.833666, 44.5393831], [11.8335447, 44.5394761], [11.8330443, 44.5395338], [11.8333275, 44.5400841], [11.8335796, 44.5401959], [11.833597, 44.5405551], [11.8334777, 44.5405861], [11.8334842, 44.540792], [11.8337403, 44.5409121], [11.8336875, 44.5410613], [11.8338791, 44.5411787], [11.8338834, 44.5412682], [11.8336352, 44.5413108], [11.8336623, 44.5418678], [11.8337883, 44.5419011], [11.8338113, 44.5421504], [11.8339271, 44.5421678], [11.8338716, 44.5423084], [11.8339544, 44.542507], [11.8340703, 44.5425243], [11.8340958, 44.5429458], [11.8342178, 44.5429708], [11.8342408, 44.5432201], [11.8343567, 44.5432374], [11.8343782, 44.5436506], [11.8345042, 44.5436839], [11.8345254, 44.5440154], [11.8346474, 44.5440404], [11.834669, 44.5444536], [11.834795, 44.5444869], [11.8348122, 44.5448101], [11.8349382, 44.5448434], [11.834951, 44.5450767], [11.835077, 44.54511], [11.8350957, 44.5452694], [11.8352115, 44.5452867], [11.8352283, 44.5455284], [11.8353503, 44.5455534], [11.8353715, 44.5458849], [11.8356236, 44.5459967], [11.8356411, 44.546356], [11.8355178, 44.5464042], [11.8355497, 44.5469608], [11.8357587, 44.54698], [11.8357892, 44.5468028], [11.8361203, 44.5468381], [11.8361621, 44.5467035], [11.8362873, 44.5467004], [11.836296, 44.5468798], [11.8360455, 44.5468777], [11.8360661, 44.5472996], [11.8361921, 44.5473329], [11.8362008, 44.5475124], [11.8358746, 44.5475215], [11.835828, 44.5476117], [11.8357028, 44.5476148], [11.8356904, 44.547463], [11.8355683, 44.5474381], [11.8355428, 44.5470166], [11.8354208, 44.5469916], [11.835394, 44.5468256], [11.8352863, 44.5468149], [11.8352647, 44.5464017], [11.8350835, 44.5462809], [11.8346818, 44.5462908], [11.8346352, 44.5463809], [11.8343504, 44.5463954], [11.8343925, 44.546567], [11.8342673, 44.5465701], [11.8342818, 44.5463931], [11.833806, 44.5464026], [11.8337594, 44.5464927], [11.8328045, 44.5465175], [11.8327579, 44.5466076], [11.8322942, 44.5466227], [11.8322593, 44.54671], [11.8315558, 44.5467285], [11.8315093, 44.5468186], [11.8311607, 44.5468351], [11.8311364, 44.5469179], [11.8304329, 44.5469364], [11.8303864, 44.5470266], [11.8300378, 44.547043], [11.8300135, 44.5471258], [11.8292596, 44.5471445], [11.8292429, 44.5469028], [11.8291208, 44.5468779], [11.8290953, 44.5464564], [11.82893, 44.5463461], [11.8287175, 44.5463477], [11.828705, 44.546196], [11.828583, 44.546171], [11.8285787, 44.5460815], [11.8287012, 44.546042], [11.8286829, 44.5456648], [11.8285569, 44.5456315], [11.8285339, 44.5453822], [11.8284181, 44.5453649], [11.8283791, 44.5445921], [11.8282531, 44.5445588], [11.828236, 44.5442355], [11.82811, 44.5442022], [11.8280885, 44.543789], [11.8279621, 44.5437537], [11.8279494, 44.5434864], [11.8281921, 44.5433003], [11.8286714, 44.543185], [11.828682, 44.5430181], [11.8287884, 44.5430021], [11.8288604, 44.5428654], [11.8286689, 44.542748], [11.8286421, 44.542582], [11.8283722, 44.542403], [11.8281486, 44.5424008], [11.8281361, 44.542249], [11.8277539, 44.5420504], [11.8277353, 44.541891], [11.8274938, 44.5418768], [11.8274752, 44.5417174], [11.8272289, 44.5416113], [11.8272206, 44.5414339], [11.8274328, 44.541425], [11.8274677, 44.5413377], [11.8278056, 44.5413257], [11.8279544, 44.5412154], [11.8280222, 44.5411031], [11.8279531, 44.5409656], [11.828197, 44.5408331], [11.8281791, 44.5405375], [11.8280571, 44.5405125], [11.8280446, 44.5403607], [11.8278794, 44.5402505], [11.8274154, 44.5402583], [11.827393, 44.5401822], [11.8271596, 44.5401746], [11.8271163, 44.5400893], [11.8266523, 44.5400972], [11.8266091, 44.5400119], [11.8262708, 44.5400166], [11.8262343, 44.5398452], [11.8260773, 44.5397968], [11.8258849, 44.5398461], [11.8257325, 44.5396832], [11.8254991, 44.5396756], [11.8253257, 44.5395035], [11.8249875, 44.5395082], [11.8246841, 44.5392493], [11.8242201, 44.5392572], [11.8241526, 44.539169], [11.8238429, 44.5392665], [11.8236807, 44.5390982], [11.8234571, 44.539096], [11.823327, 44.5390092], [11.8233103, 44.5387675], [11.8231879, 44.5387405], [11.8233012, 44.5385061], [11.8231752, 44.5384728], [11.8231541, 44.5381412], [11.8230317, 44.5381142], [11.8230702, 44.5376159], [11.8229874, 44.5374173], [11.8228716, 44.5374], [11.8228443, 44.5370608], [11.8226028, 44.5370465], [11.8225809, 44.5365994], [11.8229189, 44.5365854], [11.8229538, 44.5364981], [11.8234174, 44.536483], [11.8235104, 44.5363384], [11.822882, 44.5363196], [11.8228232, 44.5364109], [11.8224494, 44.5364204], [11.8224421, 44.5363327], [11.8226545, 44.5363218], [11.8226894, 44.5362346], [11.823267, 44.5362192], [11.8233136, 44.5361291], [11.8237655, 44.5361169], [11.8238121, 44.5360268], [11.8246412, 44.5360052], [11.8246877, 44.5359151], [11.8250363, 44.5358986], [11.8250605, 44.5358158], [11.8256886, 44.5358003], [11.8256929, 44.5358898], [11.8253706, 44.5358532], [11.8251944, 44.5359921], [11.8247308, 44.5360072], [11.8246357, 44.5361434], [11.8252031, 44.5361724], [11.8252199, 44.5364141], [11.8253419, 44.536439], [11.825359, 44.5367623], [11.825485, 44.5367956], [11.8255065, 44.5372087], [11.8256325, 44.537242], [11.8256496, 44.5375653], [11.8257756, 44.5375986], [11.8258011, 44.5380201], [11.8260853, 44.5382133], [11.8262586, 44.5382157], [11.8264276, 44.5380862], [11.826405, 44.537619], [11.826279, 44.5375857], [11.8262575, 44.5371726], [11.8261315, 44.5371393], [11.8261104, 44.5368077], [11.8259884, 44.5367827], [11.8259669, 44.5363695], [11.8258409, 44.5363362], [11.8258277, 44.5360689], [11.8259492, 44.5359739], [11.8262978, 44.5359574], [11.8263822, 44.5358257], [11.8258148, 44.5357967], [11.8258105, 44.5357072], [11.8260226, 44.5356983], [11.8260575, 44.5356111], [11.8266352, 44.5355957], [11.8266818, 44.5355056], [11.8270303, 44.5354892], [11.8270545, 44.5354063], [11.8275065, 44.5353941], [11.827553, 44.535304], [11.8281307, 44.5352886], [11.8281772, 44.5351985], [11.8286292, 44.5351862], [11.8287295, 44.5350308], [11.8280932, 44.5350212], [11.8280466, 44.5351113], [11.827469, 44.5351267], [11.8274224, 44.5352168], [11.8271715, 44.535223], [11.8271672, 44.5351335], [11.8272897, 44.535094], [11.8272817, 44.5349054], [11.8271541, 44.5348633], [11.827137, 44.5345401], [11.8268095, 44.5343771], [11.8266322, 44.5344626], [11.8266488, 44.534831], [11.8267764, 44.5348731], [11.8267892, 44.5351064], [11.8269152, 44.5351397], [11.8269195, 44.5352292], [11.8265817, 44.5352412], [11.8265468, 44.5353285], [11.8263382, 44.5352908], [11.826174, 44.5354277], [11.8250935, 44.5354556], [11.8249256, 44.5356387], [11.824549, 44.535648], [11.8245366, 44.5354963], [11.8244146, 44.5354713], [11.8243916, 44.535222], [11.8241501, 44.5352078], [11.8241228, 44.5348686], [11.8238813, 44.5348543], [11.8238769, 44.5347648], [11.8240566, 44.5346382], [11.8239896, 44.5344919], [11.824111, 44.5343989], [11.8244488, 44.5343869], [11.8244837, 44.5342997], [11.8248216, 44.5342877], [11.8249779, 44.5341074], [11.8253084, 44.5341882], [11.825355, 44.534098], [11.8255516, 44.5341378], [11.8258293, 44.5340785], [11.8258535, 44.5339957], [11.8260763, 44.5339824], [11.8261609, 44.5338572], [11.8260819, 44.5337398], [11.8258404, 44.5337255], [11.8257729, 44.5336374], [11.8251249, 44.5337469], [11.82509, 44.5338341], [11.8245123, 44.5338495], [11.8244658, 44.5339396], [11.8241172, 44.533956], [11.824093, 44.5340389], [11.8237551, 44.5340508], [11.8237202, 44.5341381], [11.8234188, 44.5341646], [11.8234775, 44.5343242], [11.823261, 44.5342888], [11.8232304, 44.5344203], [11.8230218, 44.5343826], [11.8228576, 44.5345196], [11.822147, 44.5346308], [11.822112, 44.534718], [11.8209812, 44.534746], [11.8208511, 44.5346592], [11.8208326, 44.5344998], [11.8207167, 44.5344825], [11.8207, 44.5342408], [11.820578, 44.5342158], [11.8205513, 44.5340498], [11.8204436, 44.5340391], [11.8204312, 44.5338873], [11.8203092, 44.5338624], [11.8202925, 44.5336207], [11.8199104, 44.5334221], [11.8197586, 44.5328861], [11.8200965, 44.5328741], [11.8201314, 44.5327869], [11.8203635, 44.5327677], [11.8203785, 44.5326907], [11.820727, 44.5326743], [11.8207512, 44.5325915], [11.8214546, 44.532573], [11.8215011, 44.5324829], [11.8218497, 44.5324665], [11.8218739, 44.5323837], [11.8222118, 44.5323717], [11.8222467, 44.5322844], [11.82295, 44.532266], [11.8231179, 44.5320828], [11.8238213, 44.5320644], [11.8238678, 44.5319743], [11.8240999, 44.5319551], [11.8241149, 44.5318781], [11.8243377, 44.5318648], [11.824362, 44.531782], [11.8248362, 44.5317625], [11.8248561, 44.5315897], [11.8251011, 44.5315557], [11.8250963, 44.5313585], [11.8249687, 44.5313164], [11.8249389, 44.530805], [11.8248169, 44.5307801], [11.8247902, 44.5306141], [11.8246825, 44.5306033], [11.8246614, 44.5302717], [11.8245394, 44.5302468], [11.824527, 44.530095], [11.824405, 44.5300701], [11.824252, 44.5297339], [11.8237504, 44.5295461], [11.8237337, 44.5293044], [11.8235647, 44.5292377], [11.8233716, 44.5293056], [11.8233684, 44.5294655], [11.8232471, 44.5295586], [11.8231219, 44.5295617], [11.8230667, 44.5294741], [11.822288, 44.5294933], [11.8222414, 44.5295834], [11.8218929, 44.5295998], [11.8218687, 44.5296827], [11.8215308, 44.5296946], [11.8214959, 44.5297819], [11.8211222, 44.5297914], [11.8208593, 44.5296176], [11.8207038, 44.5291093], [11.8205818, 44.5290843], [11.8205645, 44.528725], [11.8209222, 44.5287028], [11.8212938, 44.5284167], [11.821297, 44.5282568], [11.8215322, 44.5281408], [11.821547, 44.5279812], [11.8213226, 44.5279893], [11.8212877, 44.5280766], [11.8209499, 44.5280886], [11.8207936, 44.5282689], [11.8205708, 44.5282821], [11.8205552, 44.5285448], [11.8202247, 44.528464], [11.8201781, 44.5285541], [11.8199461, 44.5285733], [11.8199311, 44.5286503], [11.8196049, 44.5286594], [11.8195583, 44.5287495], [11.8193355, 44.5287628], [11.8193113, 44.5288456], [11.8187337, 44.528861], [11.8186871, 44.5289511], [11.8183609, 44.5289602], [11.8183143, 44.5290503], [11.8180915, 44.5290636], [11.8180673, 44.5291464], [11.8177294, 44.5291584], [11.8176945, 44.5292457], [11.8171923, 44.5292581], [11.8169322, 44.5290844], [11.8167854, 44.5287559], [11.8166635, 44.528731], [11.8166511, 44.5285792], [11.8165291, 44.5285542], [11.8165167, 44.5284025], [11.8163947, 44.5283775], [11.8163823, 44.5282257], [11.8162603, 44.5282008], [11.8162476, 44.5279674], [11.8161216, 44.5279341], [11.8161089, 44.5277008], [11.8159829, 44.5276675], [11.8159644, 44.5275081], [11.8158486, 44.5274907], [11.8158318, 44.527249], [11.8157099, 44.5272241], [11.8155569, 44.5268879], [11.8154411, 44.5268706], [11.8154157, 44.5264491], [11.8151637, 44.5263373]], [[11.832048, 44.5423493], [11.8322901, 44.5423683], [11.8322907, 44.5421632], [11.8320947, 44.5420781], [11.832048, 44.5423493]], [[11.8319065, 44.5420015], [11.8321548, 44.5420482], [11.8321459, 44.5417979], [11.8319398, 44.5417231], [11.8319065, 44.5420015]], [[11.8311819, 44.5400389], [11.8313079, 44.5400722], [11.8313203, 44.540224], [11.8314423, 44.5402489], [11.8314682, 44.540752], [11.8315942, 44.5407853], [11.8316158, 44.5411984], [11.8317418, 44.5412318], [11.8317589, 44.541555], [11.8319651, 44.5416298], [11.8319826, 44.5410005], [11.8318549, 44.5409585], [11.8318294, 44.540537], [11.8317074, 44.540512], [11.831667, 44.539903], [11.8311977, 44.5398122], [11.8311819, 44.5400389]], [[11.8302294, 44.5346973], [11.8302329, 44.5348322], [11.8303571, 44.5347369], [11.8302294, 44.5346973]], [[11.8299832, 44.5350643], [11.8299178, 44.5352419], [11.8302678, 44.5352356], [11.8303724, 44.5350882], [11.8299832, 44.5350643]], [[11.8286936, 44.5406407], [11.8288196, 44.5406741], [11.8288367, 44.5409973], [11.8289627, 44.5410306], [11.8289843, 44.5414438], [11.8291103, 44.5414771], [11.8291332, 44.5417264], [11.8292491, 44.5417437], [11.8292749, 44.5422468], [11.8294009, 44.5422801], [11.8294181, 44.5426033], [11.8295441, 44.5426366], [11.8295671, 44.5428859], [11.8297583, 44.5429003], [11.8298048, 44.5428102], [11.8301157, 44.542751], [11.8300333, 44.5425543], [11.8299175, 44.542537], [11.8298963, 44.5422054], [11.8297743, 44.5421804], [11.8297475, 44.5420144], [11.8296398, 44.5420037], [11.8296183, 44.5415905], [11.8294919, 44.5415552], [11.8294621, 44.5409642], [11.8293361, 44.5409309], [11.8293146, 44.5405178], [11.8291886, 44.5404845], [11.8291322, 44.5401294], [11.8289477, 44.5401381], [11.8289235, 44.540221], [11.828676, 44.5402106], [11.8286936, 44.5406407]], [[11.8293416, 44.5348102], [11.8292379, 44.53496], [11.8293708, 44.5350334], [11.8296485, 44.5349742], [11.8297308, 44.534834], [11.8293416, 44.5348102]], [[11.8285125, 44.5353889], [11.828697, 44.5355457], [11.8287185, 44.5359588], [11.8288445, 44.5359922], [11.8288616, 44.5363154], [11.8289876, 44.5363487], [11.8290091, 44.5367619], [11.8291351, 44.5367952], [11.8291562, 44.5371268], [11.8292782, 44.5371517], [11.8293012, 44.537401], [11.8296306, 44.537546], [11.8297958, 44.5374626], [11.8297661, 44.5368243], [11.8296385, 44.5367823], [11.8296155, 44.536533], [11.8294997, 44.5365157], [11.8293307, 44.535656], [11.8292047, 44.5356227], [11.8292497, 44.5352961], [11.8287348, 44.5352753], [11.8286882, 44.5353655], [11.8285125, 44.5353889]], [[11.8288431, 44.5349126], [11.8287572, 44.5350815], [11.8289981, 44.5351327], [11.8291592, 44.5350707], [11.8292323, 44.5349364], [11.8288431, 44.5349126]], [[11.8283503, 44.5353775], [11.828268, 44.5355372], [11.8284068, 44.5355492], [11.8284955, 44.5353967], [11.8283503, 44.5353775]], [[11.8278518, 44.5354798], [11.8277695, 44.5356396], [11.8279083, 44.5356516], [11.827997, 44.5354991], [11.8278518, 44.5354798]], [[11.8274872, 44.5331482], [11.8273953, 44.5332952], [11.8275036, 44.5333675], [11.8278311, 44.5332801], [11.8277748, 44.5331385], [11.8274872, 44.5331482]], [[11.8275628, 44.5316125], [11.8275662, 44.5317474], [11.8276905, 44.5316521], [11.8275628, 44.5316125]], [[11.8275618, 44.5327996], [11.8277345, 44.5327123], [11.8275869, 44.5326513], [11.8275618, 44.5327996]], [[11.827496, 44.5333737], [11.8274179, 44.5335778], [11.8275568, 44.5335898], [11.8276436, 44.5334348], [11.827496, 44.5333737]], [[11.8252562, 44.5320382], [11.8255058, 44.5320237], [11.8255182, 44.5321755], [11.8256402, 44.5322005], [11.8256445, 44.53229], [11.8254007, 44.5324225], [11.8254161, 44.5325459], [11.8255319, 44.5325632], [11.8255487, 44.5328049], [11.8257298, 44.532873], [11.8259221, 44.5328237], [11.8259345, 44.5329754], [11.8260565, 44.5330004], [11.8260782, 44.5334496], [11.8259589, 44.5334805], [11.8259793, 44.5336191], [11.8261884, 44.5336637], [11.8262045, 44.5334468], [11.8263297, 44.5334437], [11.8263729, 44.5335734], [11.8265854, 44.5335274], [11.826622, 44.5336988], [11.8268268, 44.5336881], [11.8269016, 44.53356], [11.8267073, 44.533434], [11.8266897, 44.5330767], [11.8268123, 44.5330715], [11.8268418, 44.5332376], [11.8270752, 44.5332452], [11.8270197, 44.5333859], [11.8270982, 44.5334945], [11.8272572, 44.5335972], [11.827387, 44.533585], [11.8273886, 44.5332692], [11.8271967, 44.5331498], [11.8271884, 44.5329723], [11.8273116, 44.5329241], [11.827297, 44.5326456], [11.827171, 44.5326123], [11.8271666, 44.5325228], [11.8272859, 44.5324918], [11.8272818, 44.5323312], [11.8270322, 44.5323456], [11.8269018, 44.5322568], [11.8268848, 44.5318996], [11.8271271, 44.5319177], [11.827105, 44.531637], [11.8267963, 44.5316324], [11.8267498, 44.5317225], [11.8266274, 44.5317257], [11.8265814, 44.5316402], [11.8261717, 44.5316022], [11.8256218, 44.5317506], [11.8254567, 44.5315822], [11.8252835, 44.5315798], [11.8252562, 44.5320382]], [[11.8270536, 44.5320343], [11.8270861, 44.5321645], [11.8272399, 44.5322016], [11.8272668, 44.5320977], [11.8270536, 44.5320343]], [[11.8243697, 44.5361036], [11.8242934, 44.5362776], [11.8245285, 44.536278], [11.8246332, 44.5361306], [11.8243697, 44.5361036]], [[11.8236197, 44.5362122], [11.8235543, 44.5363898], [11.8239043, 44.5363835], [11.824009, 44.5362361], [11.8236197, 44.5362122]], [[11.8225484, 44.5280178], [11.8228004, 44.5281296], [11.822819, 44.528289], [11.8229348, 44.5283063], [11.8229534, 44.5284657], [11.8230692, 44.5284831], [11.8230965, 44.5288223], [11.8233893, 44.5289681], [11.8235657, 44.5289131], [11.8235713, 44.5286705], [11.8233298, 44.5286563], [11.8232997, 44.5280633], [11.8231733, 44.5280279], [11.823165, 44.5278505], [11.823466, 44.5276309], [11.823381, 44.5274981], [11.8227893, 44.5275127], [11.822714, 44.527632], [11.822783, 44.5277695], [11.8225349, 44.5278121], [11.8225484, 44.5280178]], [[11.8231222, 44.5373578], [11.8233654, 44.5374123], [11.823366, 44.5372441], [11.8231599, 44.5371693], [11.8231222, 44.5373578]], [[11.8224832, 44.5269869], [11.8222421, 44.5269644], [11.8223002, 44.5271952], [11.8224985, 44.5271104], [11.8224832, 44.5269869]], [[11.8220242, 44.5276622], [11.8222674, 44.5277168], [11.822268, 44.5275486], [11.8220619, 44.5274738], [11.8220242, 44.5276622]]]}}, {"type": "Feature", "properties": {"flooded": true, "source": "satellite", "area_m2": 9189.1}, "geometry": {"type": "Polygon", "coordinates": [[[11.8312388, 44.5074845], [11.831074, 44.5066788], [11.8313291, 44.5067625], [11.8313415, 44.5069142], [11.8314956, 44.5070206], [11.8318448, 44.5070198], [11.831888, 44.5071051], [11.8321004, 44.5071034], [11.8321129, 44.5072552], [11.8322348, 44.5072801], [11.8322616, 44.5074462], [11.8323695, 44.5074589], [11.832274, 44.508089], [11.8319479, 44.5080982], [11.8319014, 44.5081883], [11.8317791, 44.5081915], [11.8316463, 44.5081046], [11.8316339, 44.5079528], [11.8315119, 44.5079279], [11.8314952, 44.5076862], [11.8313732, 44.5076612], [11.8313465, 44.5074952], [11.8312388, 44.5074845]]]}}, {"type": "Feature", "properties": {"flooded": true, "source": "satellite", "area_m2": 8287.7}, "geometry": {"type": "Polygon", "coordinates": [[[11.83192, 44.5552708], [11.8318982, 44.5548216], [11.8321491, 44.5548154], [11.8322793, 44.5549021], [11.8322961, 44.5551438], [11.8324181, 44.5551688], [11.8324353, 44.555492], [11.8325613, 44.5555253], [11.8325843, 44.5557746], [11.8327002, 44.5557919], [11.8328646, 44.5564801], [11.8329866, 44.556505], [11.8330172, 44.557134], [11.8327662, 44.5571403], [11.8326105, 44.556632], [11.8324885, 44.556607], [11.8324713, 44.5562838], [11.8323453, 44.5562505], [11.8323223, 44.5560012], [11.8322064, 44.5559839], [11.832042, 44.5552957], [11.83192, 44.5552708]]]}}, {"type": "Feature", "properties": {"flooded": true, "source": "satellite", "area_m2": 676562.1}, "geometry": {"type": "Polygon", "coordinates": [[[11.8178956, 44.5490461], [11.8180127, 44.5488636], [11.8183506, 44.5488516], [11.8183856, 44.5487644], [11.8188376, 44.5487521], [11.8188842, 44.548662], [11.8193479, 44.5486469], [11.8193828, 44.5485597], [11.8199606, 44.5485443], [11.8200072, 44.5484542], [11.8204592, 44.548442], [11.8205058, 44.5483519], [11.8210836, 44.5483365], [11.8211302, 44.5482464], [11.8213811, 44.5482402], [11.8213935, 44.548392], [11.8215155, 44.5484169], [11.8215366, 44.5487485], [11.8216586, 44.5487735], [11.8216758, 44.5490967], [11.8218018, 44.5491301], [11.8218232, 44.5495432], [11.8219493, 44.5495765], [11.8219722, 44.5498258], [11.8220881, 44.5498432], [11.8221095, 44.5502563], [11.8222355, 44.5502896], [11.8222523, 44.5505313], [11.8223743, 44.5505563], [11.8224219, 44.5507315], [11.8229614, 44.5507208], [11.8231273, 44.5505997], [11.8231166, 44.5503039], [11.8229905, 44.5502706], [11.8228263, 44.5495824], [11.8227043, 44.5495575], [11.8226775, 44.5493915], [11.8225698, 44.5493807], [11.8225527, 44.5490575], [11.8224267, 44.5490242], [11.8224096, 44.5487009], [11.8222835, 44.5486676], [11.8222664, 44.5483444], [11.8221404, 44.5483111], [11.8221317, 44.5481316], [11.8222531, 44.5480386], [11.8225911, 44.5480266], [11.822626, 44.5479394], [11.8229639, 44.5479274], [11.8229989, 44.5478401], [11.8239495, 44.5477255], [11.8239961, 44.5476354], [11.8245738, 44.54762], [11.8246204, 44.5475299], [11.8250841, 44.5475148], [11.825119, 44.5474275], [11.825571, 44.5474153], [11.8256176, 44.5473252], [11.8259899, 44.5472259], [11.8263802, 44.5474863], [11.826407, 44.5476523], [11.827035, 44.5480103], [11.8270618, 44.5481763], [11.8272996, 44.5482738], [11.8273211, 44.5486869], [11.8274471, 44.5487203], [11.8274682, 44.5490518], [11.8275903, 44.5490768], [11.8276164, 44.5496159], [11.8273811, 44.549732], [11.827378, 44.5498919], [11.8269259, 44.5499042], [11.8268794, 44.5499943], [11.8266343, 44.5500283], [11.826645, 44.5503241], [11.8267711, 44.5503574], [11.8267835, 44.5505092], [11.8270313, 44.550531], [11.8272915, 44.5507046], [11.8273039, 44.5508564], [11.8274259, 44.5508814], [11.8274383, 44.5510331], [11.8275604, 44.5510581], [11.8275728, 44.5512098], [11.8276948, 44.5512348], [11.8277614, 44.5513679], [11.8280694, 44.5511891], [11.8280555, 44.5509018], [11.8279294, 44.5508685], [11.8279206, 44.5506911], [11.8280401, 44.5506581], [11.8280334, 44.5504162], [11.8289884, 44.5503915], [11.829035, 44.5503013], [11.8292859, 44.5502951], [11.8295894, 44.550554], [11.8300535, 44.5505462], [11.8300968, 44.5506315], [11.8303093, 44.5506298], [11.830465, 44.5511381], [11.830587, 44.5511631], [11.8306042, 44.5514863], [11.8307306, 44.5515217], [11.8307389, 44.5516991], [11.8305111, 44.5518081], [11.830438, 44.5519425], [11.830752, 44.5519692], [11.8307706, 44.5521286], [11.8310166, 44.5522327], [11.8310338, 44.552556], [11.8311598, 44.5525893], [11.8311813, 44.5530024], [11.8313074, 44.5530357], [11.8313303, 44.553285], [11.8314462, 44.5533024], [11.8314677, 44.5537155], [11.8315938, 44.5537488], [11.8316149, 44.5540804], [11.831737, 44.5541054], [11.8317631, 44.5546445], [11.8315509, 44.5546534], [11.8315132, 44.5547409], [11.8309338, 44.5546661], [11.8308872, 44.5547562], [11.8302977, 44.5547745], [11.8302628, 44.5548618], [11.829685, 44.5548771], [11.8296384, 44.5549673], [11.8291863, 44.5549795], [11.8291398, 44.5550696], [11.8287911, 44.5550861], [11.8287668, 44.5551689], [11.8284289, 44.5551809], [11.8283939, 44.5552682], [11.8280559, 44.5552802], [11.828021, 44.5553675], [11.827569, 44.5553797], [11.8275224, 44.5554698], [11.8270703, 44.5554821], [11.8270237, 44.5555722], [11.8265716, 44.5555845], [11.826525, 44.5556746], [11.826073, 44.5556868], [11.8260264, 44.555777], [11.8255743, 44.5557892], [11.8255277, 44.5558793], [11.8251897, 44.5558913], [11.8250945, 44.5560275], [11.8252849, 44.5560658], [11.8253067, 44.556515], [11.824958, 44.5565314], [11.8246984, 44.5567303], [11.8246953, 44.5568902], [11.8244443, 44.5568964], [11.8244121, 44.556815], [11.824105, 44.5567719], [11.8239482, 44.5568389], [11.8239451, 44.5569988], [11.8238237, 44.5570918], [11.8233716, 44.5571041], [11.823325, 44.5571942], [11.8231021, 44.5572075], [11.8228394, 44.5575663], [11.8225013, 44.5575783], [11.8224636, 44.5576658], [11.8214609, 44.5576904], [11.8214438, 44.5573672], [11.8213174, 44.5573319], [11.8212917, 44.5567948], [11.8214056, 44.5567717], [11.821409, 44.5566478], [11.8210271, 44.5565308], [11.8210013, 44.5560277], [11.8208752, 44.5559944], [11.8208541, 44.5556628], [11.8207321, 44.5556379], [11.8207019, 44.5550449], [11.8205759, 44.5550116], [11.820553, 44.5547623], [11.8204367, 44.5547429], [11.8204111, 44.5542058], [11.820634, 44.5541925], [11.8206539, 44.5540198], [11.8209649, 44.5539605], [11.8208335, 44.5538351], [11.820444, 44.5538456], [11.8203974, 44.5539357], [11.8201465, 44.5539419], [11.8200164, 44.5538551], [11.8200075, 44.5536776], [11.8201302, 44.5536362], [11.8201161, 44.5533129], [11.8202385, 44.5533096], [11.8204261, 44.5535288], [11.8207458, 44.5533871], [11.8207808, 44.5534687], [11.8209379, 44.5535172], [11.8211302, 44.5534678], [11.8213073, 44.5535964], [11.8216376, 44.5535453], [11.8216419, 44.5536348], [11.8212808, 44.5536129], [11.8212501, 44.5538216], [11.8216003, 44.5538152], [11.8216468, 44.5537251], [11.8218865, 44.553699], [11.8218859, 44.5535668], [11.8217639, 44.5535418], [11.8217463, 44.5531845], [11.8218604, 44.5531595], [11.8218592, 44.5529097], [11.8219825, 44.5528614], [11.821939, 44.5519622], [11.821811, 44.5519182], [11.821838, 44.5512315], [11.8217214, 44.5511132], [11.8206909, 44.5511387], [11.8206443, 44.5512288], [11.8201922, 44.5512411], [11.8201457, 44.5513312], [11.8195678, 44.5513465], [11.8195213, 44.5514366], [11.8190692, 44.5514489], [11.8190226, 44.551539], [11.8188974, 44.5515421], [11.8188807, 44.5513004], [11.8187586, 44.5512754], [11.8187372, 44.5508623], [11.8186112, 44.5508289], [11.8185941, 44.5505057], [11.8184681, 44.5504724], [11.818451, 44.5501491], [11.8183249, 44.5501158], [11.8183078, 44.5497926], [11.8181818, 44.5497593], [11.8181647, 44.549436], [11.8180387, 44.5494027], [11.8180216, 44.5490794], [11.8178956, 44.5490461]], [[11.8245769, 44.555994], [11.8245115, 44.5561715], [11.8248616, 44.5561652], [11.8249663, 44.5560178], [11.8245769, 44.555994]], [[11.8236737, 44.5562087], [11.8236399, 44.5563732], [11.82399, 44.5563668], [11.8240366, 44.5562767], [11.8243853, 44.5562603], [11.8244676, 44.5561202], [11.8239525, 44.5560994], [11.8239059, 44.5561895], [11.8236737, 44.5562087]], [[11.8231328, 44.5563021], [11.8232548, 44.5564256], [11.8233402, 44.55632], [11.8231328, 44.5563021]], [[11.8222871, 44.5512507], [11.8225106, 44.5513096], [11.8225273, 44.5512103], [11.822314, 44.5511468], [11.8222871, 44.5512507]], [[11.8210649, 44.5538169], [11.8209079, 44.5537122], [11.8209142, 44.5538199], [11.8210649, 44.5538169]]]}}, {"type": "Feature", "properties": {"flooded": true, "source": "satellite", "area_m2": 551315.5}, "geometry": {"type": "Polygon", "coordinates": [[[11.8187296, 44.5663102], [11.8186992, 44.5656812], [11.8188217, 44.5656417], [11.8188033, 44.5652285], [11.8189097, 44.5652125], [11.8189203, 44.5650456], [11.8190429, 44.5650061], [11.8190934, 44.5647304], [11.8189938, 44.5639655], [11.8191165, 44.563924], [11.819098, 44.5635108], [11.8192205, 44.5634713], [11.8192021, 44.5630581], [11.8193235, 44.5629651], [11.8195464, 44.5629518], [11.8195707, 44.5628689], [11.8199194, 44.5628525], [11.8200651, 44.5626767], [11.8205172, 44.5626644], [11.8206777, 44.5625513], [11.8206809, 44.5623914], [11.8208034, 44.5623519], [11.8207936, 44.5621185], [11.8209161, 44.562079], [11.8208888, 44.561488], [11.8210115, 44.5614465], [11.8209886, 44.5609434], [11.821108, 44.5609124], [11.8211014, 44.5606705], [11.8212228, 44.5605775], [11.8219768, 44.5605588], [11.822032, 44.5606464], [11.82261, 44.5606332], [11.8226652, 44.5607208], [11.8232432, 44.5607076], [11.8232984, 44.5607952], [11.8238764, 44.5607819], [11.8239197, 44.5608673], [11.8243838, 44.5608594], [11.824439, 44.560947], [11.825017, 44.5609337], [11.8250722, 44.5610213], [11.8255244, 44.5610112], [11.8255677, 44.5610965], [11.8259061, 44.5610918], [11.8260362, 44.5611786], [11.8260625, 44.5617157], [11.8259398, 44.5617571], [11.8259671, 44.5623502], [11.8258445, 44.5623897], [11.8259183, 44.5628909], [11.8261002, 44.5628741], [11.8262345, 44.5627661], [11.8262322, 44.5626141], [11.8263516, 44.5625832], [11.8263362, 44.5621614], [11.8264595, 44.5621132], [11.8264359, 44.5616188], [11.8265552, 44.5615879], [11.8265486, 44.5613459], [11.82667, 44.5612529], [11.8269209, 44.5612467], [11.8269434, 44.5613228], [11.8271768, 44.5613304], [11.827232, 44.561418], [11.8275585, 44.5614109], [11.8276137, 44.5614985], [11.8279402, 44.5614915], [11.8279834, 44.5615768], [11.8283218, 44.5615721], [11.8283651, 44.5616574], [11.8287035, 44.5616526], [11.8287357, 44.5617341], [11.8289594, 44.5617363], [11.8292197, 44.5619099], [11.8292327, 44.5621793], [11.8291102, 44.5622187], [11.8291375, 44.5628118], [11.8290181, 44.5628428], [11.8290335, 44.5632645], [11.828911, 44.563304], [11.8289385, 44.563895], [11.8288157, 44.5639365], [11.8288387, 44.5644397], [11.8287193, 44.5644706], [11.8287347, 44.5648924], [11.8286122, 44.5649318], [11.8286351, 44.565435], [11.8285157, 44.5654659], [11.828518, 44.5656179], [11.8282951, 44.5656312], [11.828043, 44.5658231], [11.8280324, 44.5659901], [11.8279098, 44.5660295], [11.8279458, 44.5668024], [11.8278265, 44.5668334], [11.8278418, 44.5672551], [11.8277279, 44.5672781], [11.8277291, 44.567528], [11.8276066, 44.5675674], [11.8276646, 44.5687879], [11.8275419, 44.5688294], [11.8275604, 44.5692426], [11.8274348, 44.5692437], [11.8274134, 44.5687965], [11.8275328, 44.5687656], [11.8275224, 44.5685514], [11.8272745, 44.5685295], [11.8271011, 44.5683574], [11.8267627, 44.5683621], [11.8267415, 44.5680306], [11.8266194, 44.5680056], [11.826607, 44.5678538], [11.8264527, 44.5677474], [11.825537, 44.5677625], [11.8254781, 44.5678538], [11.8252271, 44.56786], [11.8251838, 44.5677747], [11.8248454, 44.5677794], [11.8247902, 44.5676919], [11.8243379, 44.567702], [11.8242704, 44.5676138], [11.8241101, 44.5676254], [11.8239633, 44.5677477], [11.8239768, 44.5679534], [11.8240993, 44.5679804], [11.8241163, 44.5683376], [11.8239969, 44.5683686], [11.8240017, 44.5685657], [11.8241294, 44.5686078], [11.8241683, 44.5693806], [11.8244245, 44.5695007], [11.8244513, 44.5696667], [11.8248745, 44.5699386], [11.8252764, 44.5699287], [11.825323, 44.5698386], [11.8259514, 44.569823], [11.8259738, 44.5698991], [11.8262073, 44.5699067], [11.8262506, 44.569992], [11.8268406, 44.569981], [11.8268958, 44.5700686], [11.8271719, 44.5700618], [11.8272185, 44.5699717], [11.8273437, 44.5699686], [11.8273524, 44.570148], [11.8265983, 44.5701667], [11.826555, 44.5700814], [11.825965, 44.5700924], [11.8258974, 44.5700042], [11.8247027, 44.5700336], [11.8246475, 44.569946], [11.8241952, 44.5699561], [11.8238917, 44.5696972], [11.8233521, 44.569708], [11.8233055, 44.5697981], [11.8230544, 44.5698043], [11.8230112, 44.569719], [11.8226727, 44.5697237], [11.8226294, 44.5696384], [11.8224168, 44.56964], [11.8222643, 44.5694771], [11.8220307, 44.5694695], [11.8219875, 44.5693842], [11.821649, 44.5693889], [11.8216403, 44.5692095], [11.8222499, 44.569181], [11.8222562, 44.5689242], [11.8223777, 44.5688312], [11.8225029, 44.5688281], [11.8225624, 44.5690056], [11.8229823, 44.5688985], [11.8231864, 44.568689], [11.8231094, 44.5685628], [11.822113, 44.5685672], [11.8220808, 44.5684858], [11.8218571, 44.5684835], [11.8217896, 44.5683954], [11.8211484, 44.5684121], [11.8211018, 44.5685022], [11.8208696, 44.5685213], [11.8208546, 44.5685984], [11.8206036, 44.5686046], [11.8206548, 44.568374], [11.8205638, 44.5681688], [11.8198272, 44.5681736], [11.8194368, 44.5679132], [11.8194013, 44.5675674], [11.819042, 44.5675629], [11.8190132, 44.5671793], [11.8187731, 44.5672094], [11.8188902, 44.5670269], [11.8191025, 44.567018], [11.8191374, 44.5669307], [11.8195142, 44.5669214], [11.8195185, 44.5670109], [11.8192788, 44.5670371], [11.8192738, 44.5671522], [11.8195316, 44.5672811], [11.8195545, 44.5675304], [11.8198438, 44.5677199], [11.8203951, 44.5677062], [11.8204089, 44.567287], [11.8201567, 44.5671752], [11.8201299, 44.5670092], [11.8198964, 44.5670016], [11.8198921, 44.5669121], [11.821531, 44.5669616], [11.8215534, 44.5670377], [11.8217869, 44.5670453], [11.8218302, 44.5671306], [11.8222557, 44.5671201], [11.8222906, 44.5670328], [11.8225029, 44.567024], [11.8226443, 44.5669207], [11.8226549, 44.5667538], [11.8227743, 44.5667228], [11.8227459, 44.5660313], [11.8228652, 44.5660004], [11.8228542, 44.5656685], [11.8229682, 44.5656455], [11.8229713, 44.5654856], [11.8230927, 44.5653926], [11.8233437, 44.5653863], [11.8233624, 44.5655457], [11.8236516, 44.5657352], [11.8243674, 44.5657211], [11.8245297, 44.5658894], [11.8248166, 44.5658898], [11.8248754, 44.5657986], [11.8250984, 44.5657853], [11.8254794, 44.5654933], [11.8254788, 44.5653611], [11.8253245, 44.5652547], [11.824975, 44.5652556], [11.8249198, 44.565168], [11.8243418, 44.5651812], [11.8242866, 44.5650936], [11.8232054, 44.5651193], [11.8231622, 44.565034], [11.8227217, 44.564959], [11.8224535, 44.5651743], [11.822472, 44.5655876], [11.8223487, 44.5656358], [11.8223767, 44.5662201], [11.8222573, 44.566251], [11.8222683, 44.5665829], [11.8221441, 44.5666762], [11.8206337, 44.5666233], [11.8205904, 44.5665379], [11.8201262, 44.5665458], [11.820071, 44.5664582], [11.8192414, 44.5664776], [11.819219, 44.5664015], [11.8189855, 44.5663939], [11.8189422, 44.5663086], [11.8187296, 44.5663102]], [[11.8209649, 44.5678888], [11.8208944, 44.5681068], [11.8209811, 44.5682221], [11.8211958, 44.5682168], [11.8211797, 44.5678835], [11.8209649, 44.5678888]], [[11.8207335, 44.5672066], [11.8206958, 44.5673346], [11.820911, 44.5673611], [11.8208879, 44.567255], [11.8207335, 44.5672066]], [[11.8205258, 44.5678989], [11.8206828, 44.5680037], [11.8206765, 44.5678959], [11.8205258, 44.5678989]]]}}, {"type": "Feature", "properties": {"flooded": true, "source": "satellite", "area_m2": 8811.5}, "geometry": {"type": "Polygon", "coordinates": [[[11.8272334, 44.5598882], [11.8270902, 44.559532], [11.8273132, 44.5595187], [11.8274616, 44.5593426], [11.827584, 44.5593398], [11.8277366, 44.5595026], [11.8278677, 44.5595094], [11.8278361, 44.5593335], [11.8279555, 44.5593026], [11.8279532, 44.5591506], [11.8280784, 44.5591475], [11.8281013, 44.5593968], [11.8286032, 44.5595846], [11.8286398, 44.5597559], [11.8288635, 44.5597582], [11.8288763, 44.5599915], [11.8290023, 44.5600248], [11.8290067, 44.5601143], [11.8288852, 44.5602074], [11.8286343, 44.5602136], [11.8286021, 44.5601321], [11.8282526, 44.560133], [11.8282093, 44.5600477], [11.827871, 44.5600524], [11.8278277, 44.5599671], [11.8274893, 44.5599719], [11.827446, 44.5598865], [11.8272334, 44.5598882]]]}}, {"type": "Feature", "properties": {"flooded": true, "source": "satellite", "area_m2": 31918.5}, "geometry": {"type": "Polygon", "coordinates": [[[11.82393, 44.5436735], [11.8238999, 44.5430465], [11.8246034, 44.543028], [11.8246456, 44.542848], [11.8251436, 44.5427457], [11.8250952, 44.5429848], [11.8252867, 44.5431022], [11.8253053, 44.5432616], [11.8254212, 44.5432789], [11.8254566, 44.5436248], [11.8256195, 44.5437231], [11.8263984, 44.5437038], [11.826811, 44.5433793], [11.826778, 44.5430783], [11.8264188, 44.5430738], [11.8263971, 44.5426246], [11.8265185, 44.5425316], [11.8267694, 44.5425253], [11.8268995, 44.5426121], [11.8269162, 44.5428538], [11.8270382, 44.5428788], [11.827055, 44.5431205], [11.827177, 44.5431454], [11.8272029, 44.5436485], [11.8273289, 44.5436818], [11.8273463, 44.5440411], [11.8270084, 44.5440531], [11.8269707, 44.5441406], [11.8257671, 44.5441713], [11.8257205, 44.5442614], [11.8254884, 44.5442805], [11.825352, 44.5444506], [11.8251291, 44.5444639], [11.8251049, 44.5445467], [11.8244768, 44.5445623], [11.8244335, 44.5444769], [11.824221, 44.5444786], [11.8242042, 44.5442369], [11.8240822, 44.5442119], [11.8240564, 44.5437088], [11.82393, 44.5436735]]]}}, {"type": "Feature", "properties": {"flooded": true, "source": "satellite", "area_m2": 19920.6}, "geometry": {"type": "Polygon", "coordinates": [[[11.8224614, 44.5158942], [11.8224484, 44.5156249], [11.8229505, 44.5156124], [11.8229729, 44.5156885], [11.8231718, 44.5157377], [11.8231983, 44.5155523], [11.8230724, 44.515519], [11.8230681, 44.5154295], [11.8233989, 44.5154648], [11.8234407, 44.5153302], [11.8235658, 44.5153271], [11.8236023, 44.5154985], [11.8237978, 44.5154937], [11.823809, 44.5151411], [11.824041, 44.5151219], [11.8240517, 44.514955], [11.8243025, 44.5149488], [11.8244325, 44.5150356], [11.8244511, 44.515195], [11.8246682, 44.5152463], [11.8246846, 44.5150654], [11.8245587, 44.5150321], [11.82455, 44.5148527], [11.8247989, 44.5148013], [11.8246626, 44.5145798], [11.8249091, 44.5144837], [11.8249412, 44.5145651], [11.8251404, 44.5146044], [11.8251569, 44.5144235], [11.8250309, 44.5143902], [11.8250222, 44.5142108], [11.8251436, 44.5141178], [11.8254618, 44.5141997], [11.8255206, 44.5141084], [11.8256457, 44.5141053], [11.8255504, 44.5147375], [11.8253277, 44.5147508], [11.8252432, 44.5148759], [11.8253382, 44.5155529], [11.8252169, 44.515646], [11.8248648, 44.5156183], [11.8248486, 44.5158351], [11.8243465, 44.5158476], [11.8241843, 44.5156793], [11.8240111, 44.5156769], [11.8239689, 44.5158569], [11.8238438, 44.51586], [11.8237886, 44.5157724], [11.8236069, 44.5157892], [11.8236006, 44.5160461], [11.8233842, 44.5160107], [11.8233536, 44.5161422], [11.8230227, 44.5161069], [11.8229809, 44.5162415], [11.8228558, 44.5162446], [11.8227258, 44.5161577], [11.8227072, 44.5159984], [11.8224614, 44.5158942]], [[11.8245792, 44.5153641], [11.8248026, 44.515423], [11.8248194, 44.5153237], [11.8246061, 44.5152603], [11.8245792, 44.5153641]]]}}, {"type": "Feature", "properties": {"flooded": true, "source": "satellite", "area_m2": 16617.6}, "geometry": {"type": "Polygon", "coordinates": [[[11.8214379, 44.5077272], [11.8214206, 44.507368], [11.8216632, 44.5071819], [11.8218952, 44.5071628], [11.8221528, 44.5068997], [11.8226548, 44.5068873], [11.8227892, 44.5070636], [11.8226828, 44.5070797], [11.8226722, 44.5072466], [11.8225529, 44.5072775], [11.8225203, 44.5075982], [11.8228039, 44.5075836], [11.8227984, 44.5072439], [11.8229177, 44.5072129], [11.8229154, 44.5070609], [11.8236687, 44.5070423], [11.8239287, 44.5072159], [11.8239458, 44.5075392], [11.8240718, 44.5075725], [11.8240804, 44.5077519], [11.8239591, 44.5078449], [11.8237364, 44.5078582], [11.8235881, 44.5080344], [11.8230888, 44.5080465], [11.8228064, 44.5077968], [11.8226235, 44.507789], [11.8225769, 44.5078791], [11.8222285, 44.5078955], [11.8219617, 44.5081644], [11.8217109, 44.5081706], [11.8216942, 44.5079289], [11.8215723, 44.507904], [11.8215455, 44.507738], [11.8214379, 44.5077272]], [[11.8230821, 44.5073343], [11.8230622, 44.507507], [11.8229398, 44.5075465], [11.8229676, 44.5077665], [11.8232009, 44.5077741], [11.823256, 44.5078617], [11.8235634, 44.5078417], [11.8236339, 44.5076237], [11.823413, 44.5073317], [11.8232463, 44.5072778], [11.8230821, 44.5073343]]]}}, {"type": "Feature", "properties": {"flooded": true, "source": "satellite", "area_m2": 18697.4}, "geometry": {"type": "Polygon", "coordinates": [[[11.8222705, 44.5770256], [11.8222618, 44.5768462], [11.8223844, 44.5768067], [11.8223615, 44.5763036], [11.8227355, 44.5762941], [11.8228059, 44.5763824], [11.8245039, 44.5763406], [11.8245472, 44.5764259], [11.8248857, 44.5764212], [11.8249179, 44.5765026], [11.8253976, 44.5765886], [11.8254409, 44.5766739], [11.8256536, 44.5766722], [11.8256969, 44.5767576], [11.8264127, 44.5767435], [11.826456, 44.5768288], [11.8268537, 44.5768672], [11.8271719, 44.5768147], [11.8271764, 44.5769022], [11.824975, 44.5769589], [11.8249162, 44.5770502], [11.8247937, 44.5770534], [11.8247357, 44.5769657], [11.8240318, 44.5769821], [11.8239765, 44.5768945], [11.8235868, 44.5769032], [11.823528, 44.5769945], [11.8224035, 44.5771126], [11.8222705, 44.5770256]]]}}, {"type": "Feature", "properties": {"flooded": true, "source": "satellite", "area_m2": 26330.4}, "geometry": {"type": "Polygon", "coordinates": [[[11.8197975, 44.5310842], [11.8196631, 44.5309079], [11.8197845, 44.5308149], [11.820248, 44.5307998], [11.8205256, 44.5305265], [11.8208518, 44.5305174], [11.8208984, 44.5304273], [11.8210574, 44.530416], [11.8210139, 44.5301541], [11.8212663, 44.5302381], [11.8212706, 44.5303276], [11.8210845, 44.5303752], [11.8211678, 44.5305804], [11.8212836, 44.5305978], [11.8213066, 44.5308471], [11.8215846, 44.5310327], [11.8218082, 44.5310349], [11.8218633, 44.5311225], [11.8221509, 44.5311129], [11.8221859, 44.5310256], [11.8227635, 44.5310102], [11.82281, 44.5309201], [11.8233993, 44.5309019], [11.8234342, 44.5308147], [11.8237827, 44.5307983], [11.8240497, 44.5305294], [11.8241752, 44.5305283], [11.8241965, 44.5309755], [11.8240752, 44.5310685], [11.8238524, 44.5310818], [11.8237068, 44.5312577], [11.8232475, 44.5313627], [11.8232126, 44.5314499], [11.8230005, 44.5314588], [11.8229656, 44.5315461], [11.822255, 44.5316573], [11.82222, 44.5317446], [11.8216424, 44.5317599], [11.8215931, 44.5318503], [11.8205908, 44.5318749], [11.8204564, 44.5316985], [11.8206916, 44.5315825], [11.8206907, 44.5313687], [11.8204347, 44.5312485], [11.8204117, 44.5309992], [11.8199692, 44.530991], [11.8199226, 44.5310811], [11.8197975, 44.5310842]], [[11.8206348, 44.5308908], [11.820744, 44.5310158], [11.8208959, 44.5309597], [11.8209087, 44.5308526], [11.8206348, 44.5308908]], [[11.820784, 44.531029], [11.8206375, 44.5311413], [11.8207881, 44.5311368], [11.820784, 44.531029]]]}}, {"type": "Feature", "properties": {"flooded": true, "source": "satellite", "area_m2": 311463.3}, "geometry": {"type": "Polygon", "coordinates": [[[11.8089507, 44.5462958], [11.8089378, 44.5460265], [11.8090571, 44.5459955], [11.8090548, 44.5458435], [11.8092671, 44.5458347], [11.809302, 44.5457474], [11.8096399, 44.5457355], [11.8096749, 44.5456482], [11.8102526, 44.5456329], [11.8102992, 44.5455428], [11.8106478, 44.5455265], [11.8106721, 44.5454436], [11.81101, 44.5454317], [11.811045, 44.5453444], [11.8113829, 44.5453325], [11.8114179, 44.5452452], [11.8117558, 44.5452333], [11.8119121, 44.545053], [11.8120373, 44.5450499], [11.8120925, 44.5451375], [11.8124942, 44.5451276], [11.8125408, 44.5450375], [11.8132443, 44.5450191], [11.8132909, 44.544929], [11.8136395, 44.5449126], [11.8136637, 44.5448298], [11.8140017, 44.5448178], [11.8140366, 44.5447305], [11.8145003, 44.5447155], [11.8145352, 44.5446282], [11.8154148, 44.5446065], [11.8154275, 44.5448399], [11.8155535, 44.5448732], [11.8155706, 44.5451964], [11.8156966, 44.5452297], [11.8157137, 44.545553], [11.8158397, 44.5455863], [11.8158611, 44.5459995], [11.8159871, 44.5460328], [11.8160057, 44.5461922], [11.8166245, 44.5461971], [11.8166678, 44.5462824], [11.8168803, 44.5462808], [11.8168846, 44.5463703], [11.8166724, 44.5463792], [11.8165236, 44.5464895], [11.8165245, 44.5467033], [11.8166505, 44.5467366], [11.816672, 44.5471498], [11.816798, 44.5471831], [11.8168209, 44.5474324], [11.8169367, 44.5474498], [11.8169582, 44.5478629], [11.8170842, 44.5478962], [11.8171013, 44.5482195], [11.8172273, 44.5482528], [11.8172868, 44.5484303], [11.8174848, 44.5483901], [11.8174421, 44.5474821], [11.8173145, 44.54744], [11.8172891, 44.5470185], [11.817167, 44.5469935], [11.8172714, 44.5465773], [11.8170196, 44.5465471], [11.8170151, 44.5464596], [11.8173532, 44.5464456], [11.8173882, 44.5463583], [11.8177648, 44.546349], [11.8179734, 44.5465683], [11.8181449, 44.5464917], [11.8181382, 44.5462498], [11.8186406, 44.5462374], [11.8186577, 44.5465606], [11.8187837, 44.5465939], [11.8188203, 44.5467653], [11.8191193, 44.5467646], [11.8191659, 44.5466745], [11.8192882, 44.5466713], [11.8193232, 44.5467529], [11.8194965, 44.5467553], [11.8195431, 44.5466652], [11.8196682, 44.5466621], [11.8197983, 44.5467489], [11.8198169, 44.5469083], [11.8199328, 44.5469256], [11.8199595, 44.5470916], [11.8204444, 44.547093], [11.8204996, 44.5471806], [11.8206722, 44.5471697], [11.8206964, 44.5470868], [11.8214475, 44.5470681], [11.8215178, 44.5471563], [11.8229131, 44.547121], [11.8229597, 44.5470309], [11.8231919, 44.5470117], [11.8232068, 44.5469347], [11.8236589, 44.5469225], [11.8237082, 44.5468321], [11.8247108, 44.5468075], [11.8247151, 44.546897], [11.8243888, 44.5469061], [11.8243423, 44.5469962], [11.8239936, 44.5470127], [11.8239694, 44.5470955], [11.8236314, 44.5471075], [11.8235965, 44.5471948], [11.8227673, 44.5472163], [11.8227207, 44.5473064], [11.8224886, 44.5473256], [11.8224736, 44.5474026], [11.8217628, 44.5475138], [11.8217278, 44.5476011], [11.8212758, 44.5476133], [11.8212292, 44.5477034], [11.8208806, 44.5477198], [11.8208564, 44.5478027], [11.8203927, 44.5478177], [11.8203578, 44.547905], [11.8199057, 44.5479172], [11.8198591, 44.5480074], [11.8195105, 44.5480238], [11.8194863, 44.5481066], [11.8190342, 44.5481188], [11.8189876, 44.5482089], [11.8186497, 44.5482209], [11.8186148, 44.5483082], [11.818037, 44.5483235], [11.8179904, 44.5484136], [11.8176418, 44.54843], [11.8174961, 44.5486059], [11.8167926, 44.5486243], [11.816746, 44.5487144], [11.8161682, 44.5487297], [11.8161216, 44.5488198], [11.8158735, 44.5488262], [11.815854, 44.5485844], [11.8157319, 44.5485594], [11.8157105, 44.5481462], [11.8155845, 44.5481129], [11.8155616, 44.5478636], [11.8154457, 44.5478462], [11.8154203, 44.5474247], [11.8152983, 44.5473998], [11.8151367, 44.5468838], [11.8148073, 44.5467388], [11.814642, 44.5468222], [11.8146601, 44.5471994], [11.8147862, 44.5472327], [11.8148091, 44.547482], [11.8149249, 44.5474994], [11.8149546, 44.5480108], [11.8150767, 44.5480358], [11.8150996, 44.5482851], [11.8152154, 44.5483024], [11.8152368, 44.5487156], [11.8153629, 44.5487489], [11.8153674, 44.5488364], [11.8152458, 44.5489315], [11.8150335, 44.5489403], [11.8149986, 44.5490276], [11.8145349, 44.5490427], [11.8145, 44.5491299], [11.8140479, 44.5491421], [11.8140013, 44.5492322], [11.8136634, 44.5492442], [11.8135681, 44.5493737], [11.8136371, 44.5495113], [11.8135157, 44.5496043], [11.8132928, 44.5496176], [11.8132686, 44.5497004], [11.8124393, 44.5497219], [11.8123899, 44.5498123], [11.8110683, 44.5497548], [11.8110095, 44.5498461], [11.8104317, 44.5498614], [11.8103851, 44.5499515], [11.8102599, 44.5499546], [11.8102166, 44.5498693], [11.8100041, 44.5498709], [11.8099874, 44.5496292], [11.8098653, 44.5496042], [11.8098483, 44.549281], [11.8097223, 44.5492476], [11.8097052, 44.5489244], [11.8095792, 44.5488911], [11.8095622, 44.5485678], [11.8094362, 44.5485345], [11.8094191, 44.5482112], [11.8092931, 44.5481779], [11.8092628, 44.5475489], [11.8093821, 44.547518], [11.8093775, 44.5473208], [11.8092498, 44.5472787], [11.8092241, 44.5467757], [11.8090981, 44.5467423], [11.8090767, 44.5463292], [11.8089507, 44.5462958]], [[11.8121805, 44.5472102], [11.8121714, 44.5478009], [11.8122974, 44.5478342], [11.8123184, 44.5481658], [11.8124404, 44.5481908], [11.8126132, 44.5490588], [11.8127353, 44.5490838], [11.8127476, 44.5492356], [11.8129018, 44.549342], [11.8132125, 44.5493385], [11.813226, 44.5488377], [11.8131, 44.5488043], [11.8130771, 44.548555], [11.8129613, 44.5485377], [11.8129442, 44.5482144], [11.8128182, 44.5481811], [11.8126541, 44.5474929], [11.812532, 44.547468], [11.8125197, 44.5473162], [11.8123655, 44.5472098], [11.8121805, 44.5472102]]]}}, {"type": "Feature", "properties": {"flooded": true, "source": "satellite", "area_m2": 329458.2}, "geometry": {"type": "Polygon", "coordinates": [[[11.8104289, 44.5508507], [11.8104116, 44.5504914], [11.8105331, 44.5503984], [11.810756, 44.5503851], [11.8107802, 44.5503023], [11.8117309, 44.5501878], [11.8117775, 44.5500977], [11.81228, 44.5500853], [11.81241, 44.5501721], [11.8124311, 44.5505037], [11.8125531, 44.5505287], [11.8125785, 44.5509502], [11.8127005, 44.5509752], [11.8127234, 44.5512245], [11.8128393, 44.5512418], [11.8128563, 44.5515651], [11.8129824, 44.5515984], [11.8129994, 44.5519216], [11.8131255, 44.551955], [11.8131465, 44.5522866], [11.8132685, 44.5523115], [11.8133051, 44.5524829], [11.8136041, 44.5524823], [11.8137067, 44.5522599], [11.8136206, 44.5517987], [11.8134946, 44.5517654], [11.8133304, 44.5510773], [11.8132084, 44.5510523], [11.813187, 44.5506391], [11.813061, 44.5506058], [11.8130399, 44.5502742], [11.8129179, 44.5502492], [11.8129006, 44.5498899], [11.8132385, 44.549878], [11.8132735, 44.5497907], [11.8137255, 44.5497785], [11.8137721, 44.5496884], [11.814526, 44.5496698], [11.8146815, 44.5501781], [11.8148035, 44.5502031], [11.8148206, 44.5505264], [11.8149466, 44.5505597], [11.8149637, 44.5508829], [11.8150897, 44.5509163], [11.8151068, 44.5512395], [11.8152328, 44.5512728], [11.8152582, 44.5516943], [11.8153803, 44.5517193], [11.8154113, 44.5519752], [11.8155623, 44.5520713], [11.8157245, 44.5520699], [11.8158936, 44.5519403], [11.8158754, 44.5515631], [11.8157494, 44.5515298], [11.8157265, 44.5512805], [11.8156106, 44.5512631], [11.8155892, 44.5508499], [11.8154632, 44.5508166], [11.8154461, 44.5504934], [11.8153201, 44.5504601], [11.8152986, 44.5500469], [11.8151726, 44.5500136], [11.8150252, 44.5495675], [11.8151466, 44.5494745], [11.8154846, 44.5494625], [11.8155195, 44.5493752], [11.8159716, 44.549363], [11.8160182, 44.5492729], [11.8163561, 44.5492609], [11.816391, 44.5491737], [11.8170192, 44.5491582], [11.817032, 44.5493915], [11.817158, 44.5494248], [11.8171751, 44.5497481], [11.8173011, 44.5497814], [11.8173182, 44.5501046], [11.8174442, 44.550138], [11.8174613, 44.5504612], [11.8175873, 44.5504945], [11.8176044, 44.5508178], [11.8177304, 44.5508511], [11.8177533, 44.5511004], [11.8178692, 44.5511177], [11.8178859, 44.5513594], [11.8180512, 44.5514697], [11.8185153, 44.5514619], [11.8186454, 44.5515487], [11.8186497, 44.5516382], [11.8185272, 44.5516777], [11.8185454, 44.5520549], [11.8186714, 44.5520882], [11.8186925, 44.5524198], [11.8188146, 44.5524448], [11.8188413, 44.5526108], [11.818949, 44.5526215], [11.8189748, 44.5531246], [11.8191008, 44.5531579], [11.819265, 44.553846], [11.8193871, 44.553871], [11.8193489, 44.5543713], [11.8194216, 44.5545539], [11.8195476, 44.5545872], [11.8195743, 44.5547532], [11.819682, 44.554764], [11.8196992, 44.5550872], [11.8198252, 44.5551205], [11.8198481, 44.5553698], [11.819964, 44.5553872], [11.8199941, 44.5559802], [11.8201202, 44.5560135], [11.8201413, 44.5563451], [11.8202633, 44.55637], [11.820285, 44.5568192], [11.8201636, 44.5569123], [11.8196998, 44.5569273], [11.8196649, 44.5570146], [11.8187851, 44.5570363], [11.8187684, 44.5567947], [11.8186464, 44.5567697], [11.8186293, 44.5564464], [11.8185032, 44.5564131], [11.8184861, 44.5560899], [11.8183601, 44.5560566], [11.818343, 44.5557333], [11.8181605, 44.555657], [11.8180909, 44.5557033], [11.818121, 44.5563325], [11.8179996, 44.5564256], [11.8166168, 44.5564597], [11.8164867, 44.5563729], [11.8164682, 44.5562135], [11.8163523, 44.5561962], [11.8163356, 44.5559545], [11.8162135, 44.5559295], [11.8161924, 44.5555979], [11.8160704, 44.5555729], [11.8160531, 44.5552137], [11.816167, 44.5551907], [11.8162305, 44.5549884], [11.8161515, 44.554871], [11.8159682, 44.5547654], [11.8158459, 44.5548028], [11.8159109, 44.5549469], [11.8157885, 44.5549497], [11.8157333, 44.5548621], [11.8153438, 44.5548709], [11.8152849, 44.5549622], [11.8145338, 44.5549809], [11.8144009, 44.5548939], [11.8142454, 44.5543856], [11.8141233, 44.5543606], [11.8140966, 44.5541946], [11.8139889, 44.5541839], [11.8139722, 44.5539422], [11.8138501, 44.5539172], [11.8138272, 44.5536679], [11.8137114, 44.5536506], [11.8136946, 44.5534089], [11.8135726, 44.5533839], [11.8135459, 44.5532179], [11.8134382, 44.5532072], [11.8134211, 44.552884], [11.8132951, 44.5528506], [11.8132717, 44.5527303], [11.8127124, 44.552776], [11.8126658, 44.5528661], [11.8117107, 44.5528907], [11.8116613, 44.5529811], [11.811153, 44.5528134], [11.8111359, 44.5524901], [11.8110099, 44.5524568], [11.810987, 44.5522075], [11.8108712, 44.5521902], [11.810707, 44.551502], [11.810585, 44.551477], [11.8105566, 44.5508928], [11.8104289, 44.5508507]], [[11.8179869, 44.5553949], [11.8180194, 44.555525], [11.8181733, 44.5555622], [11.8182002, 44.5554583], [11.8179869, 44.5553949]], [[11.8173033, 44.5546557], [11.8172695, 44.5548201], [11.81767, 44.5548137], [11.8176824, 44.5549654], [11.8178044, 44.5549904], [11.8178273, 44.5552397], [11.8180534, 44.5552852], [11.818048, 44.5548404], [11.817922, 44.554807], [11.8179175, 44.5547195], [11.8180316, 44.5546945], [11.8180784, 44.5545457], [11.8175821, 44.5545464], [11.8175355, 44.5546365], [11.8173033, 44.5546557]], [[11.8167105, 44.554748], [11.8166342, 44.5549219], [11.8168694, 44.5549224], [11.8169741, 44.554775], [11.8167105, 44.554748]], [[11.8163376, 44.5548472], [11.8162613, 44.5550212], [11.8164965, 44.5550216], [11.8166012, 44.5548742], [11.8163376, 44.5548472]]]}}, {"type": "Feature", "properties": {"flooded": true, "source": "satellite", "area_m2": 1077375.4}, "geometry": {"type": "Polygon", "coordinates": [[[11.803758, 44.5377812], [11.8037494, 44.5376017], [11.8039616, 44.5375929], [11.8039965, 44.5375056], [11.8042087, 44.5374968], [11.8042436, 44.5374095], [11.8044558, 44.5374007], [11.8044908, 44.5373134], [11.8047029, 44.5373046], [11.8048604, 44.5371779], [11.8048206, 44.5363511], [11.8045646, 44.5362309], [11.8045601, 44.5361434], [11.8046828, 44.536102], [11.8046601, 44.5355988], [11.804883, 44.5355855], [11.8049032, 44.5354488], [11.8047772, 44.5354155], [11.8047505, 44.5352495], [11.8046428, 44.5352387], [11.8046301, 44.5350054], [11.8045042, 44.5349721], [11.8044856, 44.5348127], [11.8043694, 44.5347933], [11.8043612, 44.5346159], [11.8044844, 44.5345676], [11.8044437, 44.5337136], [11.804567, 44.5336653], [11.8044047, 44.5329063], [11.8045262, 44.5328113], [11.8047528, 44.5328422], [11.8047733, 44.5327152], [11.8051219, 44.5326989], [11.8051375, 44.5324362], [11.8053771, 44.5324101], [11.8053722, 44.5321879], [11.8052502, 44.5321629], [11.8052286, 44.5317138], [11.8054408, 44.5317049], [11.8055971, 44.5315246], [11.8057223, 44.5315216], [11.8060145, 44.5317767], [11.8062381, 44.531779], [11.8062856, 44.5319542], [11.8066992, 44.5319466], [11.8067458, 44.5318565], [11.8069938, 44.5318502], [11.807019, 44.5319264], [11.8072068, 44.5319787], [11.8072488, 44.5318802], [11.8071229, 44.5318468], [11.8071058, 44.5315236], [11.8069795, 44.5314882], [11.8069669, 44.5312209], [11.8070921, 44.5312178], [11.8072221, 44.5313046], [11.8072407, 44.531464], [11.8073565, 44.5314814], [11.807375, 44.5316408], [11.8076208, 44.5317449], [11.8077737, 44.5320811], [11.8079328, 44.5321838], [11.8081066, 44.5321795], [11.8081374, 44.5320383], [11.8080115, 44.532005], [11.8079886, 44.5317557], [11.8078728, 44.5317384], [11.8078561, 44.5314967], [11.8077341, 44.5314717], [11.8077074, 44.5313057], [11.8075998, 44.5312949], [11.8075825, 44.5309357], [11.8077946, 44.5309268], [11.8078296, 44.5308396], [11.8081674, 44.5308276], [11.8082024, 44.5307404], [11.8085402, 44.5307284], [11.8085751, 44.5306412], [11.808913, 44.5306292], [11.8089507, 44.5305417], [11.8093245, 44.5305327], [11.8094712, 44.5308612], [11.8096379, 44.5309275], [11.8097151, 44.5307932], [11.8100573, 44.5308255], [11.8102093, 44.5306009], [11.8104543, 44.5305669], [11.8104347, 44.5300552], [11.8105561, 44.5299622], [11.8109327, 44.529953], [11.8111178, 44.5301274], [11.8114398, 44.5300305], [11.8116131, 44.5302026], [11.8122027, 44.5301917], [11.8122151, 44.5303435], [11.8123803, 44.5304538], [11.8126729, 44.5304938], [11.8127147, 44.5303592], [11.8129656, 44.530353], [11.8129823, 44.5305947], [11.8131043, 44.5306196], [11.8132572, 44.5309558], [11.813373, 44.5309731], [11.8133897, 44.5312148], [11.8135117, 44.5312398], [11.8135384, 44.5314058], [11.8137761, 44.5315033], [11.8137928, 44.531745], [11.8139148, 44.53177], [11.8139415, 44.531936], [11.8140492, 44.5319467], [11.8140659, 44.5321884], [11.8142311, 44.5322987], [11.8144436, 44.5322971], [11.8144801, 44.5326871], [11.8147994, 44.5326448], [11.8148343, 44.5325575], [11.8151722, 44.5325456], [11.8152071, 44.5324583], [11.8160822, 44.5323467], [11.8162122, 44.5324335], [11.8162308, 44.5325929], [11.8163466, 44.5326102], [11.8163652, 44.5327696], [11.816481, 44.532787], [11.8164937, 44.5330203], [11.8166197, 44.5330536], [11.8166321, 44.5332054], [11.8167541, 44.5332304], [11.8167708, 44.533472], [11.8168928, 44.533497], [11.8169195, 44.533663], [11.8170272, 44.5336737], [11.8170501, 44.5339231], [11.8173281, 44.5341087], [11.8174851, 44.5341572], [11.8176774, 44.5341078], [11.8178075, 44.5341946], [11.8178118, 44.5342842], [11.8175691, 44.5344702], [11.8173725, 44.5344305], [11.8170781, 44.5345025], [11.817086, 44.5348874], [11.8172136, 44.5349295], [11.8172304, 44.5351712], [11.8173524, 44.5351961], [11.8173791, 44.5353621], [11.8174868, 44.5353729], [11.8174992, 44.5355246], [11.8176212, 44.5355496], [11.8176379, 44.5357913], [11.8177599, 44.5358163], [11.8177866, 44.5359823], [11.8178943, 44.535993], [11.817911, 44.5362347], [11.818033, 44.5362596], [11.8180597, 44.5364256], [11.8181674, 44.5364364], [11.8183192, 44.5369724], [11.8177415, 44.5369877], [11.8176949, 44.5370778], [11.8172313, 44.5370929], [11.8171964, 44.5371801], [11.8167444, 44.5371924], [11.8166978, 44.5372825], [11.8163493, 44.5372989], [11.8162669, 44.537439], [11.8167697, 44.5374609], [11.8168285, 44.5373697], [11.8173308, 44.5373573], [11.8173397, 44.5375369], [11.8176779, 44.5375251], [11.8177128, 44.5374379], [11.8184666, 44.5374192], [11.818479, 44.537571], [11.818601, 44.537596], [11.8186224, 44.5380091], [11.8187484, 44.5380425], [11.8187655, 44.5383657], [11.8188915, 44.538399], [11.8189086, 44.5387223], [11.8190346, 44.5387556], [11.819056, 44.5391688], [11.819182, 44.5392021], [11.8191991, 44.5395253], [11.8193251, 44.5395586], [11.8193422, 44.5398819], [11.8194682, 44.5399152], [11.8194725, 44.5400047], [11.8191463, 44.5400138], [11.8190997, 44.540104], [11.8187511, 44.5401203], [11.8187269, 44.5402032], [11.818389, 44.5402152], [11.8182327, 44.5403954], [11.8181075, 44.5403985], [11.8180523, 44.5403109], [11.8177764, 44.5403177], [11.8177298, 44.5404079], [11.8173812, 44.5404242], [11.8173569, 44.5405071], [11.8164064, 44.5406216], [11.8163598, 44.5407117], [11.8160112, 44.5407281], [11.815987, 44.540811], [11.8156491, 44.5408229], [11.8156141, 44.5409102], [11.8154175, 44.5408705], [11.814899, 44.5409315], [11.8148641, 44.5410187], [11.8139092, 44.5410433], [11.8138626, 44.5411334], [11.813399, 44.5411485], [11.8133641, 44.5412358], [11.8129121, 44.541248], [11.8128655, 44.5413381], [11.8126334, 44.5413572], [11.8126184, 44.5414342], [11.8122698, 44.5414506], [11.8121241, 44.5416264], [11.8115464, 44.5416417], [11.8114998, 44.5417318], [11.8110478, 44.541744], [11.8110012, 44.5418341], [11.8106527, 44.5418505], [11.8106284, 44.5419333], [11.8101647, 44.5419484], [11.8101298, 44.5420356], [11.8094264, 44.542054], [11.8092584, 44.5422371], [11.8085549, 44.5422555], [11.8085083, 44.5423456], [11.8082762, 44.5423647], [11.8082612, 44.5424417], [11.8078092, 44.5424539], [11.8077626, 44.542544], [11.8075117, 44.5425502], [11.8074684, 44.5424649], [11.8070044, 44.5424727], [11.8068744, 44.5423858], [11.8068701, 44.5422963], [11.8070823, 44.5422875], [11.8072311, 44.5421772], [11.8072275, 44.5418822], [11.8070999, 44.5418401], [11.8070789, 44.5415085], [11.8069569, 44.5414836], [11.8069355, 44.5410704], [11.8068095, 44.5410371], [11.8067882, 44.5406239], [11.8066622, 44.5405906], [11.8066408, 44.5401774], [11.8065148, 44.5401441], [11.8064978, 44.5398208], [11.8063718, 44.5397875], [11.8063589, 44.5395181], [11.8065406, 44.5393828], [11.8065211, 44.5390901], [11.8062115, 44.5390712], [11.8060815, 44.5389844], [11.8057961, 44.5383892], [11.8054756, 44.5382343], [11.8054348, 44.5386042], [11.8055608, 44.5386375], [11.8055836, 44.5388868], [11.8056995, 44.5389042], [11.8057124, 44.5391735], [11.8055002, 44.5391824], [11.8054625, 44.5392699], [11.8043343, 44.5392974], [11.8043176, 44.5390557], [11.8041956, 44.5390307], [11.8041743, 44.5386176], [11.8040483, 44.5385842], [11.8040313, 44.538261], [11.8039053, 44.5382277], [11.803884, 44.5378145], [11.803758, 44.5377812]], [[11.8171745, 44.5374113], [11.8170648, 44.5375405], [11.8172699, 44.5375124], [11.8171745, 44.5374113]], [[11.8168557, 44.5375799], [11.8170022, 44.5374676], [11.8168516, 44.5374721], [11.8168557, 44.5375799]], [[11.8138653, 44.5379903], [11.8138221, 44.5381606], [11.8141721, 44.5381543], [11.8142187, 44.5380642], [11.8146707, 44.538052], [11.8147173, 44.5379619], [11.815295, 44.5379466], [11.8153415, 44.5378565], [11.8156794, 44.5378445], [11.8157144, 44.5377573], [11.8158901, 44.5377339], [11.8158314, 44.5375743], [11.8160129, 44.5374409], [11.8159601, 44.5373917], [11.8153198, 44.5374065], [11.8151898, 44.5373197], [11.8151727, 44.5369964], [11.8150467, 44.5369631], [11.81502, 44.5367971], [11.8149123, 44.5367864], [11.8148938, 44.536627], [11.814778, 44.5366096], [11.8147594, 44.5364502], [11.8146436, 44.5364329], [11.8146225, 44.5361013], [11.8145005, 44.5360763], [11.8144738, 44.5359103], [11.8140469, 44.5356828], [11.8139194, 44.5357714], [11.8140008, 44.5360611], [11.8141228, 44.536086], [11.8142758, 44.5364222], [11.8143916, 44.5364395], [11.8144087, 44.5367628], [11.8146647, 44.5368829], [11.8146814, 44.5371246], [11.8149335, 44.5372364], [11.8149465, 44.5375057], [11.8148401, 44.5375217], [11.814768, 44.5376584], [11.8148886, 44.5377322], [11.8152066, 44.5376798], [11.8152111, 44.5377673], [11.8148766, 44.5377347], [11.8147124, 44.5378716], [11.8142604, 44.5378838], [11.8142138, 44.5379739], [11.8138653, 44.5379903]], [[11.8093973, 44.5372463], [11.8095233, 44.5372797], [11.80954, 44.5375213], [11.809662, 44.5375463], [11.8098149, 44.5378825], [11.8099307, 44.5378998], [11.8099536, 44.5381491], [11.8100694, 44.5381665], [11.8100824, 44.5384358], [11.8098595, 44.5384491], [11.8097815, 44.5385972], [11.8102921, 44.53861], [11.8103387, 44.5385199], [11.8104639, 44.5385169], [11.8104682, 44.5386064], [11.8102891, 44.5387314], [11.8103395, 44.538789], [11.8104581, 44.5387737], [11.8104731, 44.5386967], [11.8109754, 44.5386843], [11.8109925, 44.5390076], [11.8111185, 44.5390409], [11.8111414, 44.5392902], [11.8112572, 44.5393075], [11.8112739, 44.5395492], [11.8113959, 44.5395742], [11.8114173, 44.5399874], [11.8115433, 44.5400207], [11.8115603, 44.5403439], [11.8116863, 44.5403773], [11.811713, 44.5405433], [11.8118207, 44.540554], [11.8118461, 44.5409755], [11.8119681, 44.5410005], [11.8119805, 44.5411522], [11.8121249, 44.5412533], [11.8123196, 44.5412583], [11.8124738, 44.5411401], [11.8124675, 44.5409342], [11.8123415, 44.5409009], [11.8123244, 44.5405776], [11.8121984, 44.5405443], [11.8120343, 44.5398561], [11.8119123, 44.5398311], [11.8118894, 44.5395818], [11.8117736, 44.5395645], [11.8117522, 44.5391513], [11.8116262, 44.539118], [11.8116033, 44.5388687], [11.8114875, 44.5388513], [11.8114746, 44.538582], [11.8116974, 44.5385687], [11.8117818, 44.5384455], [11.8115916, 44.5383987], [11.8115873, 44.5383091], [11.8119639, 44.5382999], [11.8120304, 44.538433], [11.8129552, 44.5383521], [11.8130095, 44.5381963], [11.8125887, 44.538194], [11.8125872, 44.5381042], [11.8130867, 44.5380921], [11.8130613, 44.5382655], [11.8134222, 44.5382628], [11.8135225, 44.5381075], [11.813213, 44.5380886], [11.8132086, 44.5379991], [11.8141708, 44.5378817], [11.8142057, 44.5377945], [11.8145543, 44.5377781], [11.8146323, 44.53763], [11.8142474, 44.5376141], [11.8142008, 44.5377042], [11.8137372, 44.5377192], [11.8137023, 44.5378065], [11.8125757, 44.5379243], [11.8124456, 44.5378375], [11.8124329, 44.5376041], [11.8123069, 44.5375708], [11.8122946, 44.537419], [11.8121726, 44.5373941], [11.8121515, 44.5370625], [11.8118995, 44.5369507], [11.8117527, 44.5366222], [11.8116307, 44.5365972], [11.8115669, 44.5363298], [11.8112519, 44.5363567], [11.8112555, 44.5366516], [11.8113831, 44.5366937], [11.8114041, 44.5370253], [11.8115261, 44.5370503], [11.8115528, 44.5372163], [11.8116605, 44.537227], [11.8116772, 44.5374687], [11.8117992, 44.5374937], [11.8118159, 44.5377354], [11.8119379, 44.5377603], [11.8119509, 44.5380297], [11.8118295, 44.5381227], [11.8116173, 44.5381316], [11.8115824, 44.5382188], [11.8107533, 44.5382403], [11.8107067, 44.5383304], [11.8105815, 44.5383335], [11.8104515, 44.5382467], [11.8104387, 44.5380134], [11.8103127, 44.53798], [11.8103004, 44.5378283], [11.8101784, 44.5378033], [11.8101617, 44.5375616], [11.8100397, 44.5375366], [11.8098867, 44.5372005], [11.8096409, 44.5370963], [11.8095814, 44.5369188], [11.8093835, 44.536959], [11.8093973, 44.5372463]], [[11.8140053, 44.5327148], [11.8137218, 44.5328826], [11.8137586, 44.5329849], [11.8140688, 44.5329287], [11.8141501, 44.5327862], [11.8140053, 44.5327148]], [[11.8086864, 44.5328611], [11.8088084, 44.532886], [11.8088208, 44.5330378], [11.8089428, 44.5330628], [11.8089595, 44.5333045], [11.8092115, 44.5334163], [11.8092325, 44.5337479], [11.8094846, 44.5338597], [11.8095113, 44.5340257], [11.8097059, 44.5340307], [11.8097195, 44.5335298], [11.8095935, 44.5334965], [11.8095668, 44.5333305], [11.8094591, 44.5333198], [11.8094464, 44.5330864], [11.8093205, 44.5330531], [11.8093077, 44.5328198], [11.8091818, 44.5327864], [11.8091447, 44.5325709], [11.8089497, 44.5326199], [11.8089255, 44.5327027], [11.8086859, 44.5327288], [11.8086864, 44.5328611]], [[11.8090353, 44.5386607], [11.8091329, 44.5388161], [11.809656, 44.5388514], [11.8097832, 44.5387648], [11.809593, 44.5387179], [11.809596, 44.5385388], [11.8092459, 44.5385501], [11.809211, 44.5386373], [11.8090353, 44.5386607]], [[11.808759, 44.5386495], [11.8086828, 44.5388234], [11.8089179, 44.5388239], [11.8090226, 44.5386765], [11.808759, 44.5386495]], [[11.8085089, 44.5389283], [11.8084265, 44.5390881], [11.8085653, 44.5391001], [11.8086541, 44.5389476], [11.8085089, 44.5389283]], [[11.8081348, 44.5387549], [11.8080693, 44.5389325], [11.8084193, 44.5389262], [11.808524, 44.5387788], [11.8081348, 44.5387549]], [[11.8074542, 44.5329268], [11.8073772, 44.5331592], [11.8074571, 44.5333492], [11.807573, 44.5333666], [11.8075915, 44.533526], [11.807805, 44.5335331], [11.8080109, 44.5333084], [11.8078206, 44.5332701], [11.8078762, 44.5331294], [11.8077934, 44.5329308], [11.8076185, 44.5328703], [11.8074542, 44.5329268]], [[11.8068745, 44.5389685], [11.8067825, 44.5391155], [11.8068909, 44.5391878], [11.8074697, 44.5391305], [11.8074949, 44.5392067], [11.8076147, 44.5392161], [11.8075945, 44.5390376], [11.8079324, 44.5390257], [11.8080254, 44.5388811], [11.8073848, 44.5388634], [11.8073382, 44.5389535], [11.8068745, 44.5389685]], [[11.8046727, 44.5332214], [11.8049159, 44.533276], [11.8049166, 44.5331078], [11.8047105, 44.5330329], [11.8046727, 44.5332214]]]}}, {"type": "Feature", "properties": {"flooded": true, "source": "satellite", "area_m2": 9637.6}, "geometry": {"type": "Polygon", "coordinates": [[[11.8150259, 44.5756742], [11.8150216, 44.5755846], [11.8152339, 44.5755758], [11.8152689, 44.5754885], [11.8157715, 44.5754761], [11.8158267, 44.5755637], [11.8165307, 44.5755474], [11.8165739, 44.5756771], [11.8167838, 44.575631], [11.8168418, 44.5757187], [11.8175457, 44.5757024], [11.8176133, 44.5757905], [11.8181287, 44.575777], [11.8181753, 44.5756868], [11.8184263, 44.5756806], [11.8184307, 44.5757702], [11.8182077, 44.5757835], [11.8181233, 44.5759067], [11.8183136, 44.5759535], [11.8183569, 44.5760388], [11.8188211, 44.576031], [11.8188533, 44.5761124], [11.8192029, 44.5761116], [11.8192581, 44.5761992], [11.819962, 44.5761829], [11.8200172, 44.5762704], [11.8207212, 44.5762541], [11.8207255, 44.5763436], [11.8199713, 44.5763623], [11.8199161, 44.5762747], [11.8192121, 44.576291], [11.8191569, 44.5762034], [11.8185788, 44.5762166], [11.8185236, 44.576129], [11.8180712, 44.5761391], [11.818016, 44.5760515], [11.8174379, 44.5760648], [11.8174057, 44.5759833], [11.8171819, 44.575981], [11.8171595, 44.575905], [11.816926, 44.5758973], [11.8168708, 44.5758097], [11.8165514, 44.5759068], [11.816482, 44.5757735], [11.8156636, 44.5758385], [11.8156203, 44.5757531], [11.8152819, 44.5757579], [11.8152386, 44.5756725], [11.8150259, 44.5756742]]]}}, {"type": "Feature", "properties": {"flooded": true, "source": "satellite", "area_m2": 27911.6}, "geometry": {"type": "Polygon", "coordinates": [[[11.8123798, 44.4815734], [11.8123582, 44.4811242], [11.8125702, 44.4811154], [11.8126051, 44.4810281], [11.812837, 44.481009], [11.8128547, 44.4809317], [11.8132282, 44.4809227], [11.8132714, 44.4810081], [11.813794, 44.4810434], [11.8139673, 44.4809812], [11.8139823, 44.4809041], [11.8143126, 44.480985], [11.8146016, 44.4807088], [11.8153503, 44.4806003], [11.8154803, 44.4806871], [11.815497, 44.4809288], [11.8156188, 44.4809538], [11.8156448, 44.4814929], [11.8155235, 44.4815859], [11.8153009, 44.4815992], [11.8152767, 44.4816821], [11.8148251, 44.4816943], [11.8147786, 44.4817844], [11.814441, 44.4817963], [11.8144061, 44.4818836], [11.8134565, 44.4819981], [11.81341, 44.4820882], [11.8127825, 44.4821037], [11.8126359, 44.4817751], [11.812514, 44.4817502], [11.8125017, 44.4815984], [11.8123798, 44.4815734]]]}}, {"type": "Feature", "properties": {"flooded": true, "source": "satellite", "area_m2": 441280.6}, "geometry": {"type": "Polygon", "coordinates": [[[11.8048654, 44.4822085], [11.8048568, 44.482029], [11.8049809, 44.4819358], [11.8054177, 44.4820598], [11.8055986, 44.4819906], [11.8055845, 44.481471], [11.8057037, 44.4814401], [11.8056972, 44.4811982], [11.8058196, 44.4811587], [11.8058055, 44.4808354], [11.8059279, 44.4807959], [11.8059522, 44.4799719], [11.8058695, 44.4797733], [11.8057538, 44.479756], [11.8057352, 44.4795966], [11.8054896, 44.4794924], [11.8054722, 44.4791351], [11.8055948, 44.4790937], [11.8055549, 44.4782308], [11.8059037, 44.4780288], [11.8059144, 44.4778619], [11.8060368, 44.4778224], [11.8060144, 44.4773553], [11.8058885, 44.477322], [11.8058756, 44.4770526], [11.8059894, 44.4770296], [11.8059926, 44.4768697], [11.8061138, 44.4767767], [11.8065614, 44.4768103], [11.8069421, 44.4767552], [11.8071099, 44.4765721], [11.8075614, 44.4765599], [11.8077303, 44.4764304], [11.8077025, 44.4762104], [11.8069455, 44.4757655], [11.8069188, 44.4755995], [11.8061618, 44.4751546], [11.8061351, 44.4749886], [11.805508, 44.4746305], [11.8056077, 44.4740883], [11.8061095, 44.474076], [11.8061318, 44.4741521], [11.806365, 44.4741597], [11.8064081, 44.4742451], [11.8066204, 44.4742435], [11.8067935, 44.4744157], [11.8071314, 44.474411], [11.8071537, 44.4744871], [11.8073869, 44.4744947], [11.807442, 44.4745823], [11.807768, 44.4745754], [11.8080599, 44.4748305], [11.8082832, 44.4748328], [11.8089649, 44.4753484], [11.8091882, 44.4753506], [11.8092433, 44.4754383], [11.8096949, 44.4754282], [11.8098248, 44.475515], [11.8098433, 44.4756744], [11.8101113, 44.4758547], [11.8105999, 44.4759461], [11.8106431, 44.4760314], [11.8108554, 44.4760298], [11.8110174, 44.4761981], [11.8112408, 44.4762004], [11.8112593, 44.4763598], [11.8115049, 44.4764639], [11.8115092, 44.4765535], [11.8112667, 44.4767395], [11.8110547, 44.4767483], [11.8108986, 44.4769286], [11.810676, 44.4769419], [11.8105305, 44.4771177], [11.8100716, 44.4772227], [11.8100367, 44.4773099], [11.8098248, 44.4773188], [11.8097899, 44.477406], [11.8093267, 44.4774211], [11.8091706, 44.4776013], [11.8087117, 44.4777063], [11.8085556, 44.4778865], [11.8083436, 44.4778954], [11.8083087, 44.4779826], [11.8080768, 44.4780017], [11.8079406, 44.4781717], [11.8077179, 44.478185], [11.8075713, 44.4783073], [11.8075835, 44.4785858], [11.807711, 44.4786279], [11.8077376, 44.4787939], [11.8084947, 44.4792388], [11.8085214, 44.4794048], [11.8099281, 44.4802838], [11.8099548, 44.4804498], [11.812271, 44.4819366], [11.8122833, 44.4820884], [11.8124052, 44.4821133], [11.8124182, 44.4823827], [11.8119406, 44.4826848], [11.8119417, 44.4829346], [11.8116991, 44.4831206], [11.8114871, 44.4831295], [11.8114522, 44.4832167], [11.8110803, 44.4833159], [11.810928, 44.483153], [11.8106949, 44.4831454], [11.8105328, 44.4829771], [11.8101038, 44.4829363], [11.810062, 44.4830709], [11.809575, 44.4833982], [11.8095939, 44.4837666], [11.8097198, 44.4838], [11.8097464, 44.483966], [11.8102939, 44.4839657], [11.8103526, 44.4838744], [11.8108545, 44.483862], [11.8111144, 44.4840357], [11.811141, 44.4842017], [11.8116384, 44.4844729], [11.8116651, 44.4846389], [11.8125522, 44.4851706], [11.8125707, 44.48533], [11.8129463, 44.485521], [11.8129593, 44.4857903], [11.8127777, 44.4859256], [11.8128596, 44.4863329], [11.8127404, 44.4863639], [11.8127513, 44.4866957], [11.8126375, 44.4867187], [11.8126387, 44.4869686], [11.8125163, 44.487008], [11.8125347, 44.4874213], [11.8122166, 44.4873393], [11.8121579, 44.4874305], [11.8120328, 44.4874336], [11.8120061, 44.4872676], [11.8117729, 44.48726], [11.8117544, 44.4871006], [11.8115131, 44.4870863], [11.8113831, 44.4869995], [11.8113565, 44.4868335], [11.8111233, 44.4868259], [11.8108634, 44.4866522], [11.8108449, 44.4864928], [11.8099496, 44.4859545], [11.809931, 44.4857951], [11.8092956, 44.4854305], [11.8092771, 44.4852711], [11.8087284, 44.4849079], [11.8080566, 44.4850144], [11.8080217, 44.4851017], [11.8077898, 44.4851208], [11.8076535, 44.4852908], [11.8074415, 44.4852997], [11.8074066, 44.4853869], [11.8070584, 44.4854033], [11.8069128, 44.4855791], [11.8066579, 44.4854954], [11.8066536, 44.4854058], [11.8067759, 44.4853664], [11.8067681, 44.4851778], [11.8066406, 44.4851357], [11.8066193, 44.4847225], [11.8064934, 44.4846892], [11.8064768, 44.4844475], [11.8063549, 44.4844225], [11.8063282, 44.4842565], [11.8060907, 44.4841589], [11.8060784, 44.4840072], [11.8059565, 44.4839822], [11.8058037, 44.483646], [11.8055581, 44.4835418], [11.8054115, 44.4832133], [11.8052897, 44.4831883], [11.8051345, 44.48268], [11.8050126, 44.482655], [11.8049913, 44.4822418], [11.8048654, 44.4822085]]]}}, {"type": "Feature", "properties": {"flooded": true, "source": "satellite", "area_m2": 143073.3}, "geometry": {"type": "Polygon", "coordinates": [[[11.8019479, 44.460674], [11.8018008, 44.4602279], [11.801922, 44.4601349], [11.8022595, 44.460123], [11.8022944, 44.4600357], [11.8027961, 44.4600234], [11.8028004, 44.4601129], [11.8025884, 44.4601218], [11.8025535, 44.460209], [11.8020842, 44.4603184], [11.802068, 44.4604634], [11.8021898, 44.4604884], [11.8022165, 44.4606544], [11.8024495, 44.4606621], [11.8027093, 44.4608358], [11.8027216, 44.4609875], [11.8028755, 44.461094], [11.8030988, 44.4610963], [11.8031539, 44.4611839], [11.8034295, 44.4611771], [11.8034637, 44.4609349], [11.8033419, 44.4609099], [11.8033295, 44.4607581], [11.8032077, 44.4607331], [11.8031811, 44.4605671], [11.8030732, 44.4605543], [11.8030606, 44.460287], [11.8031744, 44.460264], [11.8032356, 44.4600468], [11.8029222, 44.4600199], [11.8029179, 44.4599304], [11.8032437, 44.4599213], [11.8032902, 44.4598312], [11.803538, 44.4598249], [11.8035839, 44.4599104], [11.8039217, 44.4599057], [11.8041815, 44.4600794], [11.8041981, 44.4603211], [11.8043199, 44.4603461], [11.8044726, 44.4606822], [11.8047938, 44.4607381], [11.8048316, 44.4605496], [11.8047057, 44.4605163], [11.8046891, 44.4602746], [11.8043075, 44.4600759], [11.8042946, 44.4598065], [11.8044159, 44.4597135], [11.8050388, 44.4596082], [11.8051686, 44.459695], [11.8051772, 44.4598745], [11.8049454, 44.4598936], [11.8048113, 44.4600015], [11.8048172, 44.4601258], [11.8049391, 44.4601508], [11.8049514, 44.4603026], [11.8050733, 44.4603276], [11.8050899, 44.4605692], [11.8053416, 44.4606811], [11.8053539, 44.4608328], [11.8054758, 44.4608578], [11.8054881, 44.4610096], [11.8056099, 44.4610346], [11.8056223, 44.4611863], [11.8057441, 44.4612113], [11.8057565, 44.4613631], [11.8058783, 44.4613881], [11.806031, 44.4617242], [11.8062765, 44.4618284], [11.8064292, 44.4621646], [11.8066971, 44.4623449], [11.8070054, 44.4623496], [11.807052, 44.4622595], [11.8073778, 44.4622504], [11.8074243, 44.4621603], [11.8076469, 44.462147], [11.8077924, 44.4619712], [11.808271, 44.461856], [11.8082773, 44.4615992], [11.8084024, 44.4615961], [11.8084196, 44.4619554], [11.8080634, 44.4621644], [11.8080701, 44.4623043], [11.8085002, 44.4624485], [11.8089434, 44.462393], [11.8092032, 44.4625667], [11.8092155, 44.4627184], [11.8093373, 44.4627434], [11.809364, 44.4629094], [11.8096014, 44.463007], [11.8096138, 44.4631587], [11.8097356, 44.4631837], [11.8097479, 44.4633355], [11.8098698, 44.4633605], [11.8100225, 44.4636966], [11.8102681, 44.4638008], [11.8102804, 44.4639526], [11.8104023, 44.4639775], [11.810555, 44.4643137], [11.8108005, 44.4644179], [11.8109533, 44.464754], [11.8111988, 44.4648582], [11.8112155, 44.4650999], [11.8113373, 44.4651248], [11.8113546, 44.4654841], [11.8109984, 44.4656932], [11.8109952, 44.4658531], [11.8108739, 44.4659461], [11.8106513, 44.4659594], [11.8106271, 44.4660422], [11.8098986, 44.4660237], [11.8098953, 44.4665103], [11.8096528, 44.4666964], [11.8095278, 44.4666994], [11.8095235, 44.4666099], [11.8096458, 44.4665705], [11.809632, 44.4662832], [11.8095062, 44.4662498], [11.8094796, 44.4660838], [11.809372, 44.4660731], [11.8093535, 44.4659137], [11.8091079, 44.4658095], [11.8090813, 44.4656435], [11.8087848, 44.4655028], [11.8080079, 44.4656602], [11.8078517, 44.4658404], [11.8076199, 44.4658595], [11.8073624, 44.4661225], [11.8071505, 44.4661314], [11.8071156, 44.4662186], [11.8068677, 44.4662612], [11.8068854, 44.4665568], [11.8070073, 44.4665818], [11.80716, 44.4669179], [11.8074056, 44.4670221], [11.8074241, 44.4671815], [11.8075398, 44.4671989], [11.807544, 44.4672884], [11.807419, 44.4672915], [11.8071593, 44.4671178], [11.8070066, 44.4667817], [11.806761, 44.4666775], [11.8067425, 44.4665181], [11.8066268, 44.4665007], [11.8066182, 44.4663213], [11.8067319, 44.4662983], [11.806854, 44.4660002], [11.8066009, 44.4659612], [11.8065886, 44.4658095], [11.8064668, 44.4657845], [11.8064493, 44.4654272], [11.8065633, 44.4654022], [11.8066836, 44.4650954], [11.8062981, 44.4648884], [11.8062895, 44.4647089], [11.8063957, 44.4646929], [11.8064064, 44.464526], [11.8065256, 44.4644951], [11.806519, 44.4642531], [11.8068828, 44.4639741], [11.8071146, 44.463955], [11.8071253, 44.4637881], [11.8076227, 44.4636859], [11.8077525, 44.4637727], [11.807771, 44.4639321], [11.8080166, 44.4640363], [11.8080351, 44.4641957], [11.8082807, 44.4642998], [11.8084334, 44.464636], [11.8086789, 44.4647402], [11.8086913, 44.4648919], [11.8088131, 44.4649169], [11.8088403, 44.4652561], [11.8091684, 44.4652646], [11.8091909, 44.4650252], [11.8089392, 44.4649134], [11.8089269, 44.4647617], [11.808805, 44.4647367], [11.8087923, 44.4645033], [11.8086665, 44.46447], [11.8086542, 44.4643182], [11.8084024, 44.4642064], [11.8083758, 44.4640404], [11.8080085, 44.463856], [11.8079962, 44.4637043], [11.8078743, 44.4636793], [11.8078477, 44.4635132], [11.8076103, 44.4634157], [11.8075917, 44.4632563], [11.8072163, 44.4630653], [11.8071978, 44.4629059], [11.8067792, 44.4626295], [11.8064694, 44.4626413], [11.806326, 44.462755], [11.8063282, 44.4629071], [11.8061057, 44.4629203], [11.8059602, 44.4630962], [11.8053832, 44.4631114], [11.8053367, 44.4632015], [11.8049886, 44.4632179], [11.8049643, 44.4633007], [11.8046268, 44.4633126], [11.8045919, 44.4633999], [11.8042158, 44.4634091], [11.8040631, 44.463073], [11.8038176, 44.4629688], [11.803791, 44.4628028], [11.8035536, 44.4627052], [11.8035369, 44.4624635], [11.8034151, 44.4624385], [11.8033884, 44.4622725], [11.803151, 44.4621749], [11.8031387, 44.4620231], [11.8030169, 44.4619982], [11.8030045, 44.4618464], [11.8028827, 44.4618214], [11.80273, 44.4614852], [11.8024845, 44.461381], [11.8024679, 44.4611394], [11.802346, 44.4611144], [11.8023194, 44.4609484], [11.802082, 44.4608508], [11.8020635, 44.4606914], [11.8019479, 44.460674]], [[11.8078635, 44.4628771], [11.8077822, 44.4630196], [11.8079735, 44.4631371], [11.807992, 44.4632965], [11.8082332, 44.4633107], [11.8082455, 44.4634625], [11.8084973, 44.4635743], [11.8085239, 44.4637403], [11.8087613, 44.4638379], [11.8087799, 44.4639973], [11.8090254, 44.4641015], [11.8090439, 44.4642609], [11.8092895, 44.464365], [11.8093104, 44.4646966], [11.8095622, 44.4648085], [11.8095888, 44.4649745], [11.8098263, 44.465072], [11.8098491, 44.4653213], [11.8100903, 44.4653356], [11.8102431, 44.4656717], [11.8104019, 44.4657744], [11.8105862, 44.4657657], [11.8110879, 44.4653809], [11.8110827, 44.4650771], [11.810827, 44.464957], [11.8108146, 44.4648052], [11.8106928, 44.4647802], [11.8106804, 44.4646285], [11.8105586, 44.4646035], [11.8105462, 44.4644517], [11.8104244, 44.4644267], [11.810412, 44.464275], [11.8102902, 44.46425], [11.8102778, 44.4640982], [11.810156, 44.4640732], [11.8101436, 44.4639215], [11.8100218, 44.4638965], [11.8100094, 44.4637447], [11.8098876, 44.4637197], [11.8097349, 44.4633836], [11.8094893, 44.4632794], [11.809477, 44.4631277], [11.8093551, 44.4631027], [11.8092024, 44.4627665], [11.8089248, 44.4625809], [11.8087518, 44.4625784], [11.8087052, 44.4626685], [11.8083677, 44.4626805], [11.8083329, 44.4627677], [11.8078635, 44.4628771]], [[11.8041613, 44.4621781], [11.8041679, 44.46242], [11.8040455, 44.4624594], [11.8040679, 44.4629266], [11.8041937, 44.4629599], [11.8042061, 44.4631117], [11.804383, 44.4632243], [11.8047842, 44.4632144], [11.8048307, 44.4631243], [11.8050625, 44.4631052], [11.8050775, 44.4630282], [11.8057874, 44.4629171], [11.8059435, 44.4627369], [11.8061281, 44.4626978], [11.8060462, 44.4624841], [11.8058007, 44.4623799], [11.8057884, 44.4622281], [11.8056665, 44.4622031], [11.8056542, 44.4620514], [11.8054773, 44.4619388], [11.8050761, 44.4619486], [11.8050295, 44.4620387], [11.8043154, 44.4620599], [11.8041613, 44.4621781]], [[11.8050208, 44.4609464], [11.8048641, 44.4608416], [11.8048703, 44.4609493], [11.8050208, 44.4609464]], [[11.8034053, 44.4599772], [11.803259, 44.4600895], [11.8034094, 44.460085], [11.8034053, 44.4599772]]]}}, {"type": "Feature", "properties": {"flooded": true, "source": "satellite", "area_m2": 283198.6}, "geometry": {"type": "Polygon", "coordinates": [[[11.7960686, 44.5769504], [11.7960342, 44.5762315], [11.7961567, 44.576192], [11.7961341, 44.5756889], [11.7962567, 44.5756494], [11.7962383, 44.5752362], [11.7963609, 44.5751968], [11.7963469, 44.5748734], [11.7964663, 44.5748425], [11.7964597, 44.5746006], [11.7967036, 44.5745044], [11.7967497, 44.5745899], [11.7969624, 44.5745883], [11.796979, 44.57483], [11.7971603, 44.5748981], [11.7975656, 44.5748399], [11.7976006, 44.5747527], [11.7978328, 44.5747336], [11.7978479, 44.5746566], [11.7983505, 44.5746443], [11.7984057, 44.5747319], [11.7991096, 44.5747157], [11.7991648, 44.5748033], [11.7998659, 44.574787], [11.7999239, 44.5748747], [11.8005021, 44.5748616], [11.8005572, 44.5749492], [11.801387, 44.5749299], [11.8014302, 44.5750152], [11.8021461, 44.5750013], [11.8022013, 44.5750889], [11.803031, 44.5750696], [11.8030862, 44.5751572], [11.803916, 44.5751378], [11.8039592, 44.5752232], [11.8045493, 44.5752123], [11.8046045, 44.5752999], [11.8053056, 44.5752835], [11.8053636, 44.5753713], [11.8059417, 44.5753581], [11.8059969, 44.5754457], [11.80746, 44.5755008], [11.8075152, 44.5755884], [11.8082191, 44.5755722], [11.8082743, 44.5756598], [11.8091041, 44.5756404], [11.8091473, 44.5757258], [11.8098632, 44.5757118], [11.8099184, 44.5757994], [11.8106224, 44.5757831], [11.8106656, 44.5758684], [11.8112557, 44.5758575], [11.8113109, 44.5759451], [11.8120149, 44.5759288], [11.81207, 44.5760164], [11.8130256, 44.5759939], [11.8130689, 44.5760793], [11.8136589, 44.5760684], [11.8137141, 44.576156], [11.8144181, 44.5761397], [11.8144733, 44.5762273], [11.8150514, 44.5762141], [11.8151816, 44.5763009], [11.8151991, 44.5766581], [11.8139919, 44.576691], [11.8139424, 44.5767814], [11.809601, 44.5767983], [11.8095421, 44.5768896], [11.8094197, 44.5768928], [11.8093847, 44.5768112], [11.8092236, 44.5768076], [11.8091647, 44.5768989], [11.8084492, 44.5769201], [11.8084114, 44.5770076], [11.8060871, 44.5770648], [11.8060255, 44.5771563], [11.8023173, 44.5772475], [11.8022556, 44.577339], [11.8020074, 44.5773449], [11.8019399, 44.5772567], [11.7964704, 44.5773909], [11.7963375, 44.5773039], [11.796319, 44.5771445], [11.7962031, 44.5771272], [11.7961845, 44.5769678], [11.7960686, 44.5769504]]]}}, {"type": "Feature", "properties": {"flooded": true, "source": "satellite", "area_m2": 13860.6}, "geometry": {"type": "Polygon", "coordinates": [[[11.8094118, 44.5297199], [11.8094032, 44.5295405], [11.8100198, 44.5295051], [11.8100057, 44.5289855], [11.810125, 44.5289546], [11.8101228, 44.5288026], [11.8103623, 44.5287765], [11.8103655, 44.5286165], [11.8107421, 44.5286073], [11.8107742, 44.5286887], [11.8109474, 44.5286912], [11.8109897, 44.5285112], [11.8114891, 44.5284987], [11.8116541, 44.5286671], [11.8118151, 44.5286707], [11.8118696, 44.5284895], [11.8119947, 44.5284864], [11.8122548, 44.52866], [11.8122733, 44.5288194], [11.8123891, 44.5288368], [11.8123934, 44.5289263], [11.8121507, 44.5291123], [11.8116988, 44.5291245], [11.8116522, 44.5292146], [11.8114014, 44.5292208], [11.8109644, 44.5289186], [11.8107787, 44.5289795], [11.8107637, 44.5290565], [11.8105409, 44.5290697], [11.810478, 44.5296511], [11.8106683, 44.5296894], [11.8106726, 44.5297789], [11.8104217, 44.5297851], [11.8104755, 44.5296383], [11.8103377, 44.5296082], [11.8102912, 44.5296983], [11.8099533, 44.5297102], [11.809797, 44.5298905], [11.8096719, 44.5298936], [11.8094118, 44.5297199]]]}}, {"type": "Feature", "properties": {"flooded": true, "source": "satellite", "area_m2": 5860.3}, "geometry": {"type": "Polygon", "coordinates": [[[11.8065538, 44.485948], [11.8065495, 44.4858585], [11.8067959, 44.4857624], [11.8070557, 44.4859361], [11.8070681, 44.4860879], [11.80719, 44.4861128], [11.8073607, 44.486461], [11.8075454, 44.4864606], [11.8075803, 44.4863733], [11.8077054, 44.4863702], [11.8077177, 44.486522], [11.8079695, 44.4866338], [11.807988, 44.4867932], [11.8082294, 44.4868075], [11.808376, 44.487136], [11.8084979, 44.487161], [11.8085065, 44.4873404], [11.8081302, 44.4873497], [11.8078703, 44.487176], [11.8077176, 44.4868399], [11.8074763, 44.4868256], [11.8074639, 44.4866738], [11.807342, 44.4866489], [11.8071892, 44.4863127], [11.8065538, 44.485948]]]}}, {"type": "Feature", "properties": {"flooded": true, "source": "satellite", "area_m2": 57085.7}, "geometry": {"type": "Polygon", "coordinates": [[[11.8045534, 44.5517154], [11.8046705, 44.5515329], [11.8048934, 44.5515196], [11.8049177, 44.5514368], [11.805244, 44.5514277], [11.8052906, 44.5513376], [11.8056392, 44.5513213], [11.8056635, 44.5512384], [11.8060015, 44.5512265], [11.8060364, 44.5511392], [11.8066259, 44.5511211], [11.8066609, 44.5510338], [11.806893, 44.5510148], [11.806908, 44.5509377], [11.8078587, 44.5508233], [11.8079054, 44.5507332], [11.8084832, 44.5507179], [11.8085298, 44.5506278], [11.8088784, 44.5506114], [11.8089027, 44.5505286], [11.8096566, 44.55051], [11.809669, 44.5506618], [11.809791, 44.5506867], [11.8098077, 44.5509284], [11.8099297, 44.5509534], [11.8099465, 44.5511951], [11.8100685, 44.5512201], [11.8100855, 44.5515433], [11.8102116, 44.5515766], [11.8102283, 44.5518183], [11.8103503, 44.5518433], [11.8103849, 44.5525622], [11.8102597, 44.5525653], [11.8102046, 44.5524777], [11.8097524, 44.5524878], [11.8097091, 44.5524025], [11.8093708, 44.5524072], [11.8093156, 44.5523196], [11.8088635, 44.5523296], [11.8088083, 44.552242], [11.8082808, 44.552255], [11.8082342, 44.5523451], [11.807606, 44.5523606], [11.8075541, 44.5520954], [11.8065827, 44.5520256], [11.8063974, 44.5518512], [11.8051864, 44.5517899], [11.8051313, 44.5517023], [11.8045534, 44.5517154]]]}}, {"type": "Feature", "properties": {"flooded": true, "source": "satellite", "area_m2": 14649.7}, "geometry": {"type": "Polygon", "coordinates": [[[11.806765, 44.5505808], [11.806752, 44.5503114], [11.8072227, 44.5500164], [11.8072334, 44.5498494], [11.8073548, 44.5497564], [11.8077202, 44.5497272], [11.807719, 44.5494774], [11.8078384, 44.5494465], [11.8078361, 44.5492945], [11.8085857, 44.549186], [11.8085984, 44.5494193], [11.8087244, 44.5494527], [11.8087372, 44.549686], [11.8088632, 44.5497193], [11.8090105, 44.5501654], [11.8086726, 44.5501774], [11.8086376, 44.5502646], [11.8081856, 44.5502768], [11.808139, 44.5503669], [11.8075612, 44.5503822], [11.8075146, 44.5504723], [11.8072917, 44.5504856], [11.8072646, 44.5505687], [11.806765, 44.5505808]]]}}, {"type": "Feature", "properties": {"flooded": true, "source": "satellite", "area_m2": 189079.5}, "geometry": {"type": "Polygon", "coordinates": [[[11.7973038, 44.4687102], [11.7971654, 44.4684439], [11.7972845, 44.468413], [11.797278, 44.4681711], [11.7973993, 44.4680781], [11.7977755, 44.4680689], [11.7979053, 44.4681557], [11.7979417, 44.4683271], [11.7984205, 44.4684131], [11.7984637, 44.4684985], [11.798676, 44.4684969], [11.7987191, 44.4685822], [11.7989314, 44.4685807], [11.7991912, 44.4687543], [11.7993617, 44.4691025], [11.7995851, 44.4691048], [11.7996524, 44.469193], [11.7998125, 44.4691814], [11.7998368, 44.4690986], [11.8000874, 44.4690925], [11.8003738, 44.4694322], [11.8006069, 44.4694398], [11.8013861, 44.4699608], [11.8013985, 44.4701126], [11.8016502, 44.4702244], [11.8016625, 44.4703762], [11.8017844, 44.4704012], [11.8019371, 44.4707373], [11.8020959, 44.47084], [11.8023082, 44.4708385], [11.8023267, 44.4709979], [11.802568, 44.4710121], [11.8025865, 44.4711715], [11.8028321, 44.4712757], [11.8028444, 44.4714275], [11.8029663, 44.4714525], [11.8029872, 44.4717841], [11.803239, 44.4718959], [11.8032656, 44.4720619], [11.803503, 44.4721595], [11.8035215, 44.4723189], [11.8040269, 44.4725968], [11.8043181, 44.4731996], [11.8046936, 44.4733906], [11.8048401, 44.4737191], [11.804962, 44.4737441], [11.8049749, 44.4740135], [11.804603, 44.4741126], [11.8044503, 44.4737765], [11.8041726, 44.4735908], [11.8036112, 44.4736005], [11.8035763, 44.4736877], [11.8030975, 44.4738029], [11.8021123, 44.4746239], [11.8019004, 44.4746328], [11.8018655, 44.47472], [11.801396, 44.4748294], [11.8012505, 44.4750052], [11.8010186, 44.4750243], [11.8008823, 44.4751943], [11.8006704, 44.4752031], [11.8006354, 44.4752904], [11.8002621, 44.4752997], [11.8001293, 44.4752128], [11.7999828, 44.4748842], [11.799861, 44.4748593], [11.7998486, 44.4747075], [11.7997268, 44.4746825], [11.7997144, 44.4745307], [11.7994627, 44.4744189], [11.7993162, 44.4740904], [11.7991943, 44.4740654], [11.799182, 44.4739136], [11.7990601, 44.4738886], [11.7990478, 44.4737369], [11.7989259, 44.4737119], [11.7989136, 44.4735601], [11.7987918, 44.4735351], [11.7987791, 44.4733018], [11.7986533, 44.4732684], [11.7986266, 44.4731024], [11.7985191, 44.4730917], [11.7985105, 44.4729122], [11.7986318, 44.4728192], [11.7988544, 44.472806], [11.7989999, 44.4726301], [11.7992119, 44.4726213], [11.7992468, 44.4725341], [11.7994587, 44.4725252], [11.7994936, 44.472438], [11.7999631, 44.4723286], [11.8001086, 44.4721528], [11.8003405, 44.4721337], [11.8004779, 44.4720173], [11.8004598, 44.4716401], [11.8002041, 44.4715199], [11.8001774, 44.4713539], [11.79994, 44.4712563], [11.7999215, 44.4710969], [11.799676, 44.4709927], [11.7996575, 44.4708333], [11.7994119, 44.4707291], [11.7993934, 44.4705697], [11.7991478, 44.4704655], [11.7991293, 44.4703061], [11.7988838, 44.4702019], [11.7988653, 44.4700425], [11.7986197, 44.4699383], [11.7986012, 44.4697789], [11.7981002, 44.4695909], [11.7980817, 44.4694315], [11.7978362, 44.4693273], [11.7978096, 44.4691613], [11.7975721, 44.4690637], [11.7975598, 44.468912], [11.797438, 44.468887], [11.7974257, 44.4687352], [11.7973038, 44.4687102]]]}}, {"type": "Feature", "properties": {"flooded": true, "source": "satellite", "area_m2": 120114.6}, "geometry": {"type": "Polygon", "coordinates": [[[11.8011555, 44.5438767], [11.8010212, 44.5437004], [11.8012334, 44.5436915], [11.8013898, 44.5435113], [11.8016126, 44.543498], [11.8017583, 44.5433222], [11.8024496, 44.543305], [11.8025084, 44.5432137], [11.8030861, 44.5431985], [11.8031327, 44.5431084], [11.8035964, 44.5430934], [11.8036313, 44.5430061], [11.8042172, 44.5430346], [11.8043814, 44.5428976], [11.8050922, 44.5427865], [11.8051272, 44.5426993], [11.8059563, 44.5426778], [11.8060029, 44.5425877], [11.8066267, 44.5424823], [11.806661, 44.5431653], [11.806787, 44.5431986], [11.8068041, 44.5435218], [11.8069301, 44.5435552], [11.8070941, 44.5442434], [11.8072161, 44.5442683], [11.8072415, 44.5446899], [11.8073635, 44.5447148], [11.8073802, 44.5449565], [11.8075022, 44.5449815], [11.8075289, 44.5451475], [11.807637, 44.5451602], [11.8075195, 44.5453408], [11.8072873, 44.5453599], [11.8072767, 44.5455268], [11.8071542, 44.5455662], [11.8071676, 44.545772], [11.8072896, 44.545797], [11.8073067, 44.5461202], [11.8074327, 44.5461535], [11.8074497, 44.5464768], [11.8075757, 44.5465101], [11.8076018, 44.5470472], [11.8073664, 44.5471652], [11.8072461, 44.5475081], [11.8069951, 44.5475143], [11.8065617, 44.5471685], [11.806148, 44.5471761], [11.8061014, 44.5472662], [11.8054761, 44.5472817], [11.8052132, 44.547108], [11.805292, 44.5462338], [11.8051108, 44.5461656], [11.8049185, 44.546215], [11.8048752, 44.5461296], [11.8046627, 44.5461312], [11.8046584, 44.5460417], [11.8047798, 44.5459487], [11.8050027, 44.5459354], [11.8050269, 44.5458526], [11.8052498, 44.5458393], [11.8052741, 44.5457565], [11.8057378, 44.5457415], [11.805833, 44.5456053], [11.8053912, 44.5455732], [11.8053741, 44.5452499], [11.8052481, 44.5452166], [11.8052253, 44.5449673], [11.8051094, 44.5449499], [11.8050928, 44.5447082], [11.8049707, 44.5446833], [11.8049494, 44.5442701], [11.8048234, 44.5442368], [11.8048005, 44.5439874], [11.8046847, 44.5439701], [11.8046634, 44.5435569], [11.8045374, 44.5435236], [11.8045247, 44.5432903], [11.8043987, 44.5432569], [11.804372, 44.5430909], [11.8041929, 44.5430373], [11.8040241, 44.5431063], [11.804032, 44.5434912], [11.8041596, 44.5435333], [11.8041806, 44.5438649], [11.8043026, 44.5438898], [11.8043236, 44.5442214], [11.8044457, 44.5442464], [11.8044759, 44.5448755], [11.8039735, 44.5448878], [11.8039303, 44.5448025], [11.803592, 44.5448072], [11.8035487, 44.5447218], [11.8033362, 44.5447234], [11.803174, 44.5445551], [11.8029503, 44.5445528], [11.8026902, 44.5443792], [11.8026736, 44.5441375], [11.8025515, 44.5441125], [11.8025392, 44.5439608], [11.8023739, 44.5438504], [11.8011555, 44.5438767]]]}}, {"type": "Feature", "properties": {"flooded": true, "source": "satellite", "area_m2": 582224.1}, "geometry": {"type": "Polygon", "coordinates": [[[11.7873885, 44.537642], [11.7873799, 44.5374625], [11.7877442, 44.5371836], [11.7880821, 44.5371717], [11.7882385, 44.5369915], [11.7885871, 44.5369751], [11.7887328, 44.5367993], [11.7890707, 44.5367874], [11.7891056, 44.5367002], [11.7895756, 44.5365909], [11.7895999, 44.5365081], [11.7902251, 44.5364926], [11.7902712, 44.536578], [11.7906094, 44.5365734], [11.790618, 44.5367528], [11.7904955, 44.5367923], [11.7905092, 44.5370796], [11.7906352, 44.5371129], [11.7906618, 44.5372789], [11.7907695, 44.5372897], [11.790788, 44.5374491], [11.790959, 44.5375541], [11.791383, 44.537537], [11.7917715, 44.5371752], [11.7919944, 44.5371619], [11.7923679, 44.5368771], [11.7923786, 44.5367102], [11.7926194, 44.5365863], [11.7926172, 44.5364343], [11.7928579, 44.5363104], [11.7928473, 44.5360145], [11.7927214, 44.5359812], [11.7926985, 44.5357319], [11.7925827, 44.5357145], [11.7925742, 44.5355351], [11.7926966, 44.5354956], [11.7926845, 44.5352171], [11.7925569, 44.535175], [11.7925397, 44.5348157], [11.7926591, 44.5347848], [11.7926483, 44.534453], [11.7928836, 44.534337], [11.7928868, 44.534177], [11.7931096, 44.5341638], [11.7932581, 44.5339877], [11.7942605, 44.5339634], [11.7942926, 44.5340448], [11.7947719, 44.5341309], [11.7948151, 44.5342162], [11.7950277, 44.5342147], [11.7959601, 44.5348986], [11.7961935, 44.5349063], [11.7962487, 44.5349939], [11.7969091, 44.5348851], [11.7969441, 44.5347979], [11.7975721, 44.5347825], [11.7977021, 44.5348693], [11.7977206, 44.5350287], [11.7978364, 44.5350461], [11.797855, 44.5352055], [11.7979708, 44.5352228], [11.7979893, 44.5353822], [11.7981051, 44.5353996], [11.7981236, 44.535559], [11.7982394, 44.5355764], [11.7982561, 44.535818], [11.7985081, 44.5359299], [11.7985205, 44.5360816], [11.7987725, 44.5361935], [11.7988319, 44.536371], [11.7993593, 44.536358], [11.7994059, 44.5362679], [11.7997797, 44.5362586], [11.7998147, 44.5363402], [11.8000383, 44.5363425], [11.8000934, 44.5364301], [11.8006169, 44.5364629], [11.800998, 44.5364079], [11.8010446, 44.5363178], [11.8012767, 44.5362987], [11.8012917, 44.5362217], [11.8017436, 44.5362095], [11.8017902, 44.5361194], [11.8021388, 44.5361031], [11.8021631, 44.5360202], [11.802501, 44.5360083], [11.8025359, 44.535921], [11.802768, 44.535902], [11.802783, 44.535825], [11.8031209, 44.535813], [11.8032773, 44.5356328], [11.8034894, 44.5356239], [11.8035244, 44.5355367], [11.8038623, 44.5355247], [11.8039, 44.5354372], [11.8040224, 44.5354344], [11.8040477, 44.5358559], [11.8041697, 44.5358809], [11.8041963, 44.5360469], [11.8043044, 44.5360597], [11.804317, 44.536327], [11.8039404, 44.5363363], [11.803918, 44.5362602], [11.8037269, 44.5362086], [11.8035702, 44.5362756], [11.803567, 44.5364355], [11.8033231, 44.5365679], [11.8033498, 44.537125], [11.8034758, 44.5371583], [11.8034885, 44.5373916], [11.8036145, 44.537425], [11.803619, 44.5375125], [11.8032621, 44.5377235], [11.8032657, 44.5380185], [11.8033933, 44.5380606], [11.8034143, 44.5383922], [11.8035363, 44.5384172], [11.8035573, 44.5387488], [11.8036793, 44.5387738], [11.8037006, 44.5391869], [11.8038266, 44.5392203], [11.8038395, 44.5394896], [11.802889, 44.5396041], [11.8028424, 44.5396942], [11.8022143, 44.5397096], [11.8020842, 44.5396228], [11.8020629, 44.5392096], [11.8019369, 44.5391762], [11.8019156, 44.5387631], [11.8017896, 44.5387297], [11.801773, 44.5384881], [11.8016078, 44.5383777], [11.8013199, 44.5383822], [11.8012946, 44.5388859], [11.8014206, 44.5389192], [11.8014376, 44.5392425], [11.8015636, 44.5392758], [11.8015864, 44.5395251], [11.8017022, 44.5395425], [11.8017152, 44.5398119], [11.8013772, 44.5398238], [11.8013423, 44.539911], [11.8007646, 44.5399263], [11.800718, 44.5400164], [11.8000146, 44.5400347], [11.7999679, 44.5401248], [11.7995043, 44.5401398], [11.7994694, 44.5402271], [11.7987156, 44.5402456], [11.7985855, 44.5401587], [11.7985685, 44.5398355], [11.7984425, 44.5398021], [11.7984259, 44.5395605], [11.7981024, 44.5394058], [11.7978037, 44.5395842], [11.7978261, 44.5400513], [11.797952, 44.5400846], [11.797965, 44.540354], [11.7978435, 44.540447], [11.7972658, 44.5404622], [11.7972192, 44.5405523], [11.7968426, 44.5405616], [11.7967126, 44.5404747], [11.7966913, 44.5400615], [11.7965653, 44.5400282], [11.796544, 44.539615], [11.796418, 44.5395817], [11.7964011, 44.5392584], [11.7962751, 44.5392251], [11.7962538, 44.5388119], [11.7961278, 44.5387786], [11.7961069, 44.538447], [11.7959416, 44.5383366], [11.7956538, 44.5383411], [11.7954878, 44.5384621], [11.7954941, 44.538668], [11.7956201, 44.5387014], [11.7956414, 44.5391146], [11.7957677, 44.5391499], [11.7957929, 44.539651], [11.7959189, 44.5396843], [11.7959359, 44.5400076], [11.7960618, 44.5400409], [11.7962177, 44.5406669], [11.7960963, 44.5407599], [11.7958734, 44.5407731], [11.7958491, 44.540856], [11.7955112, 44.5408679], [11.7954763, 44.5409551], [11.7945257, 44.5410695], [11.794479, 44.5411596], [11.7937756, 44.5411779], [11.793729, 44.541268], [11.7931513, 44.5412832], [11.7931018, 44.5413736], [11.7924765, 44.5413887], [11.7923465, 44.5413018], [11.7923299, 44.5410601], [11.7922079, 44.5410351], [11.7921823, 44.540532], [11.7920563, 44.5404987], [11.7920351, 44.5400855], [11.7919091, 44.5400522], [11.7918641, 44.539701], [11.7916792, 44.5397013], [11.7916442, 44.5397886], [11.7913063, 44.5398005], [11.7911499, 44.5399807], [11.7909377, 44.5399895], [11.7909028, 44.5400768], [11.7905648, 44.5400887], [11.7905299, 44.5401759], [11.790192, 44.5401878], [11.790157, 44.5402751], [11.7896546, 44.5402874], [11.7893946, 44.5401137], [11.7893761, 44.5399543], [11.7891302, 44.5398501], [11.7889774, 44.5395139], [11.7887316, 44.5394097], [11.788585, 44.5390811], [11.788463, 44.5390561], [11.7884458, 44.5386969], [11.7886687, 44.5386836], [11.7889283, 44.5384848], [11.7889315, 44.5383249], [11.789054, 44.5382855], [11.7890401, 44.5379621], [11.7896321, 44.5375742], [11.7896248, 44.5374207], [11.7894739, 44.5373246], [11.7893118, 44.537326], [11.7892651, 44.5374161], [11.7889166, 44.5374324], [11.7888923, 44.5375152], [11.7884403, 44.5375273], [11.7883937, 44.5376174], [11.7880558, 44.5376293], [11.7880208, 44.5377166], [11.7875213, 44.537729], [11.7873885, 44.537642]], [[11.7942408, 44.5355917], [11.7940352, 44.5358186], [11.7941117, 44.5360096], [11.7942659, 44.5361161], [11.7947296, 44.5360923], [11.7947205, 44.5357802], [11.7944363, 44.5355869], [11.7942408, 44.5355917]]]}}, {"type": "Feature", "properties": {"flooded": true, "source": "satellite", "area_m2": 5610.6}, "geometry": {"type": "Polygon", "coordinates": [[[11.8023363, 44.581568], [11.8023277, 44.5813885], [11.8024342, 44.5813725], [11.8024449, 44.5812056], [11.8025643, 44.5811747], [11.8025621, 44.5810227], [11.8033961, 44.5810911], [11.8035642, 44.580908], [11.8038125, 44.5809017], [11.8040756, 44.5810755], [11.8040799, 44.581165], [11.8038676, 44.5811739], [11.8038326, 44.5812611], [11.8034944, 44.5812731], [11.8034595, 44.5813603], [11.8029892, 44.5814697], [11.8029649, 44.5815525], [11.802616, 44.5815689], [11.8025917, 44.5816517], [11.8023363, 44.581568]]]}}, {"type": "Feature", "properties": {"flooded": true, "source": "satellite", "area_m2": 49691.5}, "geometry": {"type": "Polygon", "coordinates": [[[11.7878502, 44.5235868], [11.7878373, 44.5233175], [11.7879512, 44.5232945], [11.7879502, 44.5230446], [11.7880565, 44.5230287], [11.7880673, 44.5228617], [11.7881897, 44.5228223], [11.7880285, 44.5220545], [11.7881479, 44.5220216], [11.7881457, 44.5218695], [11.7882709, 44.5218665], [11.788326, 44.5219541], [11.7887779, 44.5219441], [11.7889511, 44.5221163], [11.7892389, 44.5221118], [11.7894069, 44.5219287], [11.789639, 44.5219097], [11.7897754, 44.5217397], [11.7899875, 44.5217309], [11.7900225, 44.5216436], [11.7903709, 44.5216273], [11.7903767, 44.5213847], [11.7901352, 44.5213704], [11.7900053, 44.5212836], [11.7901181, 44.5210111], [11.7904989, 44.5210918], [11.7905653, 44.521225], [11.7907358, 44.5211627], [11.7907508, 44.5210857], [11.7909736, 44.5210724], [11.7909979, 44.5209896], [11.7912487, 44.5209835], [11.791261, 44.5211352], [11.791383, 44.5211602], [11.7913953, 44.521312], [11.7915494, 44.5214185], [11.7922757, 44.5214085], [11.7924057, 44.5214953], [11.7924271, 44.5219445], [11.7921844, 44.5221305], [11.7919616, 44.5221437], [11.7918159, 44.5223196], [11.7914781, 44.5223315], [11.7914431, 44.5224187], [11.7909732, 44.522528], [11.7908276, 44.5227038], [11.7904897, 44.5227157], [11.7904548, 44.522803], [11.7899849, 44.5229123], [11.7899606, 44.5229951], [11.7896228, 44.523007], [11.7895878, 44.5230943], [11.789118, 44.5232035], [11.7888509, 44.5234724], [11.7881403, 44.5235834], [11.7881053, 44.5236706], [11.7878502, 44.5235868]]]}}, {"type": "Feature", "properties": {"flooded": true, "source": "satellite", "area_m2": 5607.7}, "geometry": {"type": "Polygon", "coordinates": [[[11.7904391, 44.5408984], [11.7902962, 44.5405421], [11.7904176, 44.5404492], [11.7906405, 44.5404359], [11.7906648, 44.5403531], [11.7912886, 44.5402478], [11.7913318, 44.5403331], [11.7915443, 44.5403316], [11.7915488, 44.5404191], [11.7913078, 44.540545], [11.7912605, 44.5408522], [11.7915035, 44.5409173], [11.7916958, 44.540868], [11.7917001, 44.5409575], [11.7915035, 44.5409178], [11.7912481, 44.5409697], [11.7912015, 44.5410598], [11.7908292, 44.5411589], [11.7908025, 44.5409929], [11.7905691, 44.5409852], [11.7904391, 44.5408984]], [[11.7907121, 44.5405352], [11.7906698, 44.5407121], [11.7910559, 44.5406672], [11.7909997, 44.5405256], [11.7907121, 44.5405352]]]}}, {"type": "Feature", "properties": {"flooded": true, "source": "satellite", "area_m2": 161500.8}, "geometry": {"type": "Polygon", "coordinates": [[[11.7795918, 44.548365], [11.7795789, 44.5480957], [11.7796853, 44.5480797], [11.7796961, 44.5479128], [11.7801819, 44.5475408], [11.7803071, 44.5475378], [11.7804804, 44.54771], [11.7806929, 44.5477084], [11.7808662, 44.5478806], [11.7811541, 44.5478762], [11.7812008, 44.5477861], [11.7815387, 44.5477742], [11.7815737, 44.547687], [11.7820438, 44.5475777], [11.7820595, 44.547315], [11.7821821, 44.5472756], [11.7821668, 44.5471522], [11.7819958, 44.5470472], [11.7812168, 44.5470662], [11.7811702, 44.5471563], [11.7809221, 44.5471625], [11.7807892, 44.5470755], [11.7807552, 44.5463926], [11.7806288, 44.5463572], [11.7805562, 44.544833], [11.7806789, 44.5447916], [11.7806393, 44.5439287], [11.7807457, 44.5439127], [11.7807565, 44.5437458], [11.780879, 44.5437064], [11.7808656, 44.5435007], [11.7807436, 44.5434756], [11.7807265, 44.5431164], [11.7809387, 44.5431076], [11.7809765, 44.54302], [11.781476, 44.5430081], [11.7816061, 44.5430949], [11.7817744, 44.5439546], [11.7819004, 44.543988], [11.7819216, 44.5444012], [11.7820476, 44.5444345], [11.782073, 44.5449376], [11.782199, 44.544971], [11.7822242, 44.5453925], [11.7823462, 44.5454175], [11.7823716, 44.5459206], [11.7824976, 44.545954], [11.7825243, 44.54612], [11.782632, 44.5461308], [11.7826489, 44.546454], [11.7827748, 44.5464874], [11.78281, 44.5468332], [11.7841709, 44.5467234], [11.7841751, 44.5468129], [11.7840526, 44.5468523], [11.7840703, 44.547148], [11.7843934, 44.547167], [11.7844401, 44.5470769], [11.7846722, 44.5470579], [11.7846873, 44.5469809], [11.7850452, 44.5469588], [11.7850561, 44.5468279], [11.7849301, 44.5467945], [11.7849257, 44.546707], [11.7850473, 44.546612], [11.785998, 44.5464977], [11.7860447, 44.5464076], [11.7867985, 44.5463892], [11.7868109, 44.546541], [11.7869329, 44.546566], [11.7869538, 44.5468976], [11.7870758, 44.5469226], [11.7871185, 44.5477853], [11.7872449, 44.5478207], [11.7870101, 44.5481841], [11.7858079, 44.5483046], [11.7857613, 44.5483947], [11.7855291, 44.5484137], [11.7855141, 44.5484907], [11.7852912, 44.5485039], [11.7852669, 44.5485868], [11.7846891, 44.5486019], [11.7846397, 44.5486923], [11.7838132, 44.5487133], [11.7837665, 44.5488034], [11.7831771, 44.5488214], [11.7831421, 44.5489087], [11.7819356, 44.5489392], [11.7818889, 44.5490293], [11.7815403, 44.5490455], [11.7815132, 44.5491286], [11.7808878, 44.5491437], [11.7807577, 44.5490568], [11.7807311, 44.5488908], [11.7804977, 44.5488831], [11.7803355, 44.5487148], [11.7798604, 44.5487186], [11.7797304, 44.5486317], [11.7797138, 44.5483901], [11.7795918, 44.548365]]]}}, {"type": "Feature", "properties": {"flooded": true, "source": "satellite", "area_m2": 9679.8}, "geometry": {"type": "Polygon", "coordinates": [[[11.7838966, 44.5172016], [11.7837624, 44.5170252], [11.7838816, 44.5169943], [11.7838752, 44.5167523], [11.7841104, 44.5166364], [11.7842308, 44.5162935], [11.7843501, 44.5162626], [11.7843479, 44.5161106], [11.7847244, 44.5161015], [11.7848864, 44.5162698], [11.78511, 44.5162721], [11.7853699, 44.5164458], [11.7853827, 44.5167152], [11.78514, 44.5169011], [11.7846808, 44.517006], [11.7846458, 44.5170932], [11.7844337, 44.517102], [11.7843987, 44.5171893], [11.7838966, 44.5172016]]]}}, {"type": "Feature", "properties": {"flooded": true, "source": "satellite", "area_m2": 123555.2}, "geometry": {"type": "Polygon", "coordinates": [[[11.778192, 44.5401169], [11.7781749, 44.5397576], [11.7786269, 44.5397455], [11.7786763, 44.5396551], [11.7787987, 44.5396524], [11.7788538, 44.53974], [11.7789884, 44.5397032], [11.7789081, 44.5393256], [11.7787821, 44.5392923], [11.7787636, 44.5391329], [11.7785221, 44.5391185], [11.7782621, 44.5389448], [11.7782493, 44.5386755], [11.7783707, 44.5385825], [11.7785936, 44.5385693], [11.7786179, 44.5384864], [11.7793287, 44.5383755], [11.7793637, 44.5382882], [11.7802404, 44.5382667], [11.7802864, 44.5383522], [11.7804989, 44.5383506], [11.7806611, 44.5385189], [11.7809478, 44.5385195], [11.7810066, 44.5384283], [11.7817101, 44.53841], [11.7817567, 44.5383199], [11.7826319, 44.5382086], [11.7827619, 44.5382954], [11.7827834, 44.5387446], [11.7823041, 44.5388597], [11.7822933, 44.5390267], [11.7821708, 44.5390661], [11.7821985, 44.5392861], [11.7826834, 44.5392876], [11.7827155, 44.5393691], [11.7829391, 44.5393714], [11.7830691, 44.5394583], [11.7830957, 44.5396243], [11.7832665, 44.5396333], [11.7833211, 44.5394521], [11.783659, 44.5394403], [11.783694, 44.539353], [11.7839261, 44.539334], [11.7840626, 44.539164], [11.7846864, 44.5390587], [11.7849464, 44.5392324], [11.7849633, 44.5395557], [11.7850893, 44.539589], [11.7851193, 44.5402181], [11.7849979, 44.5403111], [11.784775, 44.5403243], [11.7847507, 44.5404071], [11.7845278, 44.5404203], [11.7845035, 44.5405032], [11.7838001, 44.5405214], [11.7837535, 44.5406115], [11.7834272, 44.5406205], [11.7833806, 44.5407106], [11.7831577, 44.5407238], [11.7831334, 44.5408067], [11.7827955, 44.5408185], [11.7827605, 44.5409058], [11.7818056, 44.5409301], [11.781759, 44.5410202], [11.7812953, 44.5410352], [11.7812603, 44.5411224], [11.7803054, 44.5411467], [11.7802588, 44.5412368], [11.7797951, 44.5412518], [11.7797601, 44.541339], [11.7788806, 44.5413604], [11.7786205, 44.5411867], [11.7786034, 44.5408274], [11.7787228, 44.5407965], [11.7787163, 44.5405546], [11.7788378, 44.5404616], [11.7790607, 44.5404484], [11.779085, 44.5403656], [11.7794428, 44.5403435], [11.7794452, 44.5400327], [11.7793193, 44.5399994], [11.7792829, 44.539828], [11.7789722, 44.5398314], [11.7789415, 44.5400086], [11.7784715, 44.5401178], [11.7784557, 44.5403805], [11.7783306, 44.5403836], [11.778314, 44.5401419], [11.778192, 44.5401169]]]}}, {"type": "Feature", "properties": {"flooded": true, "source": "satellite", "area_m2": 9849.8}, "geometry": {"type": "Polygon", "coordinates": [[[11.7776768, 44.5187035], [11.7776469, 44.5180744], [11.7777683, 44.5179814], [11.778142, 44.5179722], [11.7781671, 44.5180484], [11.7783461, 44.518102], [11.7785224, 44.5179631], [11.7787452, 44.5179499], [11.7787695, 44.517867], [11.7790203, 44.5178609], [11.7794101, 44.5181215], [11.7795486, 44.5183878], [11.7794272, 44.5184808], [11.7792044, 44.518494], [11.7791801, 44.5185769], [11.7788619, 44.5184948], [11.7788031, 44.518586], [11.7776768, 44.5187035]]]}}, {"type": "Feature", "properties": {"flooded": true, "source": "satellite", "area_m2": 16840.3}, "geometry": {"type": "Polygon", "coordinates": [[[11.77745, 44.5456266], [11.7774429, 44.545537], [11.7777915, 44.5455207], [11.7781652, 44.5452359], [11.7781759, 44.545069], [11.7782898, 44.545046], [11.7782931, 44.5448861], [11.778407, 44.5448631], [11.7784103, 44.5447032], [11.7785318, 44.5446102], [11.7788697, 44.5445984], [11.7789047, 44.5445111], [11.7794071, 44.5444989], [11.7795371, 44.5445857], [11.7795625, 44.5450888], [11.7796885, 44.5451222], [11.7797054, 44.5454455], [11.7798314, 44.5454788], [11.7798614, 44.5461079], [11.7793547, 44.5460302], [11.7790625, 44.545775], [11.7785831, 44.5456889], [11.7785978, 44.5455119], [11.7782477, 44.545518], [11.778201, 44.5456081], [11.77745, 44.5456266]]]}}, {"type": "Feature", "properties": {"flooded": true, "source": "satellite", "area_m2": 10672.2}, "geometry": {"type": "Polygon", "coordinates": [[[11.7726205, 44.5288192], [11.7726035, 44.5284599], [11.7727228, 44.528429], [11.7727164, 44.5281871], [11.7728357, 44.5281562], [11.7728335, 44.5280042], [11.7732928, 44.5278994], [11.7734492, 44.5277192], [11.7735744, 44.5277161], [11.7736176, 44.5278015], [11.7738301, 44.5277999], [11.7738423, 44.5279517], [11.7739643, 44.5279767], [11.7739808, 44.5282184], [11.7741028, 44.5282434], [11.7741284, 44.5287826], [11.7740033, 44.5287856], [11.7739482, 44.528698], [11.7731817, 44.5287157], [11.7730014, 44.5289], [11.7727505, 44.5289061], [11.7726205, 44.5288192]]]}}, {"type": "Feature", "properties": {"flooded": true, "source": "satellite", "area_m2": 479973.5}, "geometry": {"type": "Polygon", "coordinates": [[[11.7596529, 44.5739658], [11.7594529, 44.5697398], [11.7602071, 44.5697216], [11.7602503, 44.569807], [11.7608403, 44.5697963], [11.7608954, 44.5698839], [11.7614735, 44.569871], [11.7615286, 44.5699586], [11.7622325, 44.5699427], [11.7622877, 44.5700303], [11.7629916, 44.5700143], [11.7630348, 44.5700997], [11.763499, 44.5700921], [11.7635541, 44.5701797], [11.7640064, 44.5701698], [11.7642666, 44.5703435], [11.7643017, 44.5706894], [11.7645716, 44.5708685], [11.7647953, 44.5708709], [11.7648504, 44.5709585], [11.765177, 44.5709517], [11.7652321, 44.5710393], [11.7656564, 44.5710223], [11.7659162, 44.5708235], [11.7659195, 44.5706636], [11.7666666, 44.5705553], [11.7667246, 44.570643], [11.7674285, 44.570627], [11.7674836, 44.5707146], [11.7684391, 44.5706925], [11.7684718, 44.5708182], [11.7688208, 44.5707733], [11.7688759, 44.5708609], [11.7691981, 44.5707641], [11.7692414, 44.5708495], [11.7697056, 44.5708418], [11.7697488, 44.5709272], [11.7700873, 44.5709226], [11.7701194, 44.5710041], [11.7704022, 44.5710496], [11.7710951, 44.570988], [11.7711411, 44.5710734], [11.7716645, 44.571109], [11.7723573, 44.5710473], [11.7724152, 44.5711351], [11.773245, 44.571116], [11.7732882, 44.5712013], [11.7737524, 44.5711937], [11.7738075, 44.5712813], [11.7742599, 44.5712714], [11.7744494, 44.5715358], [11.7748513, 44.571526], [11.774898, 44.5714359], [11.7750232, 44.5714329], [11.7754134, 44.5716934], [11.7754504, 44.571909], [11.7757994, 44.5718641], [11.7758079, 44.5720436], [11.7755725, 44.5720184], [11.7755606, 44.5721396], [11.7754412, 44.5721705], [11.7754434, 44.5723225], [11.7752311, 44.5723313], [11.7751961, 44.5724185], [11.7747321, 44.5724334], [11.7746971, 44.5725207], [11.774359, 44.5725325], [11.7741997, 44.572713], [11.7736999, 44.572725], [11.7736873, 44.5724916], [11.7735612, 44.5724583], [11.7735137, 44.572283], [11.7729624, 44.5722964], [11.7726825, 44.5725248], [11.772701, 44.5728117], [11.772823, 44.5728367], [11.7729616, 44.573103], [11.7727106, 44.5731091], [11.7725805, 44.5730222], [11.7725639, 44.5727806], [11.7722797, 44.5725872], [11.7718431, 44.5725937], [11.7718081, 44.5726809], [11.7715597, 44.5727234], [11.7715776, 44.5731006], [11.7717036, 44.573134], [11.7717303, 44.5733], [11.771838, 44.5733108], [11.7717207, 44.5734933], [11.7714977, 44.5735065], [11.7713519, 44.5736823], [11.7710254, 44.5736913], [11.7709787, 44.5737813], [11.7707664, 44.5737901], [11.7707314, 44.5738774], [11.7702792, 44.5738894], [11.7702325, 44.5739795], [11.7700002, 44.5739985], [11.7699851, 44.5740755], [11.769647, 44.5740874], [11.7694905, 44.5742676], [11.7691524, 44.5742794], [11.7691173, 44.5743667], [11.7688851, 44.5743857], [11.76887, 44.5744627], [11.7684061, 44.5744776], [11.7682495, 44.5746578], [11.7679007, 44.574674], [11.7677549, 44.5748498], [11.7673026, 44.5748619], [11.7672559, 44.574952], [11.7669071, 44.5749682], [11.7668828, 44.575051], [11.7664188, 44.5750659], [11.7662623, 44.5752461], [11.7655584, 44.5752643], [11.7655117, 44.5753543], [11.7653865, 44.5753574], [11.7653313, 44.5752698], [11.7647532, 44.5752827], [11.764721, 44.5752012], [11.7645599, 44.5751976], [11.7643795, 44.5753818], [11.7636252, 44.5754], [11.763463, 44.5752317], [11.7629834, 44.5751455], [11.7628101, 44.5749733], [11.7624716, 44.5749779], [11.7624284, 44.5748925], [11.7618888, 44.574903], [11.7618421, 44.5749931], [11.7617168, 44.5749961], [11.7616945, 44.57492], [11.7614609, 44.5749123], [11.7614058, 44.5748247], [11.7608277, 44.5748376], [11.7606544, 44.5746654], [11.7601901, 44.574673], [11.7602379, 44.5745157], [11.7600515, 44.5744062], [11.7600331, 44.5742468], [11.7597872, 44.5741426], [11.7597687, 44.5739832], [11.7596529, 44.5739658]], [[11.7699155, 44.5720145], [11.7696471, 44.5722297], [11.7696591, 44.5725082], [11.7697867, 44.5725503], [11.7698052, 44.5727097], [11.7700469, 44.5727241], [11.770102, 44.5728117], [11.7704005, 44.5727977], [11.770669, 44.5725825], [11.7706553, 44.5722952], [11.7705293, 44.5722618], [11.7705108, 44.5721024], [11.7701934, 44.5719553], [11.7699155, 44.5720145]], [[11.767423, 44.5723408], [11.7671471, 44.5725519], [11.7671516, 44.5727491], [11.7672793, 44.5727912], [11.7673157, 44.5729626], [11.7677327, 44.5730501], [11.7677916, 44.5729588], [11.7680314, 44.5729328], [11.7680904, 44.5726319], [11.7678596, 44.5723344], [11.767423, 44.5723408]], [[11.7658816, 44.572501], [11.7660602, 44.5728171], [11.7664965, 44.5728024], [11.7665165, 44.5726297], [11.7666391, 44.5725903], [11.7666153, 44.572287], [11.7660243, 44.5722889], [11.7660042, 44.5724616], [11.7658816, 44.572501]], [[11.7645285, 44.5721384], [11.7642409, 44.5723523], [11.764253, 44.5724843], [11.7645311, 44.57267], [11.7647267, 44.5726652], [11.764931, 44.5724559], [11.7648499, 44.5722397], [11.7646908, 44.572137], [11.7645285, 44.5721384]]]}}, {"type": "Feature", "properties": {"flooded": true, "source": "satellite", "area_m2": 8625.9}, "geometry": {"type": "Polygon", "coordinates": [[[11.7681249, 44.5189356], [11.7681122, 44.5186662], [11.768363, 44.5186601], [11.768418, 44.5187477], [11.7693101, 44.518727], [11.769369, 44.5186357], [11.7695918, 44.5186225], [11.7696161, 44.5185397], [11.7700679, 44.5185276], [11.7701145, 44.5184376], [11.7708653, 44.5184191], [11.7709112, 44.5185046], [11.7711237, 44.5185031], [11.7712581, 44.5186775], [11.770429, 44.5187007], [11.7701396, 44.5189767], [11.7696877, 44.5189887], [11.7696411, 44.5190788], [11.7695188, 44.519082], [11.7694609, 44.5189942], [11.768509, 44.5190165], [11.7684631, 44.518931], [11.7681249, 44.5189356]]]}}, {"type": "Feature", "properties": {"flooded": true, "source": "satellite", "area_m2": 9483.1}, "geometry": {"type": "Polygon", "coordinates": [[[11.7688069, 44.533323], [11.7688026, 44.5332335], [11.768922, 44.5332026], [11.7689156, 44.5329607], [11.7691017, 44.5329131], [11.7689067, 44.5327784], [11.7688772, 44.5321514], [11.7689965, 44.5321205], [11.7689944, 44.5319685], [11.7696266, 44.5320432], [11.7698866, 44.5322169], [11.7699036, 44.5325762], [11.7696808, 44.5325894], [11.7693596, 44.5328835], [11.7694436, 44.5334856], [11.7693241, 44.5335185], [11.7693263, 44.5336705], [11.7690754, 44.5336766], [11.7689454, 44.5335897], [11.7689328, 44.5333564], [11.7688069, 44.533323]]]}}, {"type": "Feature", "properties": {"flooded": true, "source": "satellite", "area_m2": 5380.2}, "geometry": {"type": "Polygon", "coordinates": [[[11.7610843, 44.5642985], [11.7610758, 44.5641191], [11.7612011, 44.564116], [11.7613743, 44.5642883], [11.7616501, 44.564285], [11.761709, 44.5641938], [11.761932, 44.5641806], [11.7619563, 44.5640978], [11.7621793, 44.5640846], [11.7622036, 44.5640018], [11.7627065, 44.5639916], [11.7625889, 44.5641721], [11.7623659, 44.5641853], [11.7617415, 44.5646629], [11.7617439, 44.565003], [11.7614957, 44.5650088], [11.7613492, 44.5646802], [11.7612271, 44.5646552], [11.7612103, 44.5643319], [11.7610843, 44.5642985]]]}}, {"type": "Feature", "properties": {"flooded": true, "source": "satellite", "area_m2": 11016.7}, "geometry": {"type": "Polygon", "coordinates": [[[11.7569469, 44.5113739], [11.7569384, 44.5111945], [11.7570635, 44.5111915], [11.7570819, 44.5113509], [11.7574798, 44.5116182], [11.7577131, 44.5116259], [11.7577253, 44.5117777], [11.7579772, 44.5118896], [11.7579956, 44.512049], [11.7584032, 44.5123216], [11.7586267, 44.512324], [11.7586452, 44.5124834], [11.7594105, 44.5129353], [11.759437, 44.5131013], [11.7599259, 44.5131929], [11.7603157, 44.5134535], [11.7603284, 44.5137229], [11.7602033, 44.5137259], [11.7601482, 44.5136383], [11.759822, 44.5136451], [11.759767, 44.5135575], [11.7594408, 44.5135643], [11.7586612, 44.513043], [11.7586428, 44.5128836], [11.7583972, 44.5127793], [11.7583703, 44.5124401], [11.7581246, 44.5123358], [11.7580981, 44.5121697], [11.7578648, 44.512162], [11.757475, 44.5119013], [11.7574628, 44.5117496], [11.757211, 44.5116376], [11.7571926, 44.5114782], [11.7569469, 44.5113739]]]}}, {"type": "Feature", "properties": {"flooded": true, "source": "satellite", "area_m2": 57778.6}, "geometry": {"type": "Polygon", "coordinates": [[[11.7593805, 44.5682108], [11.7592614, 44.5656934], [11.7593829, 44.5656004], [11.7596059, 44.5655872], [11.7596303, 44.5655044], [11.7599567, 44.5654954], [11.7600034, 44.5654054], [11.7603521, 44.5653891], [11.7603765, 44.5653063], [11.7607145, 44.5652945], [11.7607496, 44.5652073], [11.7610006, 44.5652012], [11.7612606, 44.5653749], [11.7612729, 44.5655267], [11.7613949, 44.5655517], [11.7614115, 44.5657934], [11.7616635, 44.5659053], [11.7616886, 44.5663269], [11.7620707, 44.5665257], [11.762092, 44.5669749], [11.761978, 44.5669978], [11.7619143, 44.5672], [11.761996, 44.5676074], [11.7616696, 44.5676163], [11.7616229, 44.5677064], [11.7613907, 44.5677254], [11.7613756, 44.5678024], [11.7610375, 44.5678142], [11.7608809, 44.5679944], [11.7604213, 44.5680992], [11.7603863, 44.5681865], [11.760174, 44.5681952], [11.760139, 44.5682825], [11.7595106, 44.5682977], [11.7593805, 44.5682108]]]}}]}