{"type": "FeatureCollection", "features": [{"type": "Feature", "properties": {"flooded": true, "source": "satellite", "area_m2": 50431.9}, "geometry": {"type": "Polygon", "coordinates": [[[11.9401452, 44.5591955], [11.9401271, 44.5588363], [11.940241, 44.5588132], [11.9402438, 44.5586533], [11.9404789, 44.558537], [11.9404817, 44.5583771], [11.9407241, 44.5581908], [11.9408493, 44.5581875], [11.9409047, 44.5582751], [11.9413569, 44.5582645], [11.9414003, 44.5583498], [11.9416129, 44.5583479], [11.9419058, 44.5586026], [11.9421295, 44.5586047], [11.9422823, 44.5587674], [11.9425158, 44.5587747], [11.9426895, 44.5589467], [11.9429021, 44.5589448], [11.9430648, 44.5591129], [11.9432884, 44.5591149], [11.9434511, 44.559283], [11.9436748, 44.559285], [11.9439579, 44.5595344], [11.9441914, 44.5595417], [11.9443651, 44.5597137], [11.9445777, 44.5597118], [11.9447404, 44.5598799], [11.9449641, 44.5598819], [11.945014, 44.5608705], [11.9443812, 44.5607968], [11.9442186, 44.5606287], [11.9439949, 44.5606267], [11.9439625, 44.5605453], [11.9437388, 44.5605433], [11.9437065, 44.5604619], [11.9434828, 44.5604599], [11.9434602, 44.5603838], [11.9432267, 44.5603764], [11.9431714, 44.5602889], [11.9430365, 44.5603429], [11.9432307, 44.5604668], [11.9432353, 44.5605563], [11.942854, 44.5604761], [11.9428495, 44.5603866], [11.9430343, 44.5603473], [11.9429563, 44.5602236], [11.942797, 44.5601211], [11.9425844, 44.5601229], [11.9425409, 44.5600377], [11.9423283, 44.5600395], [11.9422849, 44.5599542], [11.9421381, 44.5600059], [11.9423323, 44.5601298], [11.9423368, 44.5602193], [11.9419556, 44.5601392], [11.9419122, 44.5600539], [11.9416996, 44.5600557], [11.9415693, 44.5599691], [11.9416166, 44.5598118], [11.9414074, 44.5596265], [11.9411739, 44.5596192], [11.941021, 44.5594564], [11.9407876, 44.5594491], [11.9407441, 44.5593638], [11.9405315, 44.5593656], [11.9403578, 44.5591937], [11.9401452, 44.5591955]], [[11.9416521, 44.5597942], [11.9417125, 44.5599524], [11.941946, 44.5599598], [11.9419894, 44.560045], [11.9421324, 44.5600185], [11.9418986, 44.5597842], [11.9416521, 44.5597942]]]}}, {"type": "Feature", "properties": {"flooded": true, "source": "satellite", "area_m2": 895929.9}, "geometry": {"type": "Polygon", "coordinates": [[[11.9309453, 44.5013663], [11.9309363, 44.5011869], [11.9310426, 44.5011708], [11.9310529, 44.5010038], [11.9311752, 44.5009643], [11.9311653, 44.5007669], [11.9310394, 44.5007337], [11.9310349, 44.5006442], [11.9316005, 44.5007643], [11.9318902, 44.5007045], [11.9319143, 44.5006216], [11.9322484, 44.5006559], [11.9326545, 44.5003325], [11.9328772, 44.500319], [11.9331447, 44.5001034], [11.9329944, 44.4998034], [11.9327485, 44.4996995], [11.9327358, 44.4995478], [11.9326139, 44.4995229], [11.932595, 44.4993636], [11.9323491, 44.4992597], [11.9323221, 44.4990937], [11.9319542, 44.4989097], [11.9319415, 44.498758], [11.9316894, 44.4986465], [11.9316624, 44.4984805], [11.9314247, 44.4983832], [11.9314058, 44.4982238], [11.9311599, 44.4981199], [11.9311464, 44.4978506], [11.9316051, 44.4977451], [11.9316398, 44.4976578], [11.9318519, 44.4976488], [11.9318866, 44.4975615], [11.9322629, 44.4975518], [11.9325231, 44.4977252], [11.9325502, 44.4978911], [11.932918, 44.4980751], [11.9329369, 44.4982345], [11.9331828, 44.4983384], [11.9332017, 44.4984978], [11.9334476, 44.4986017], [11.9334665, 44.498761], [11.9337124, 44.4988649], [11.9337312, 44.4990243], [11.9339772, 44.4991282], [11.9339898, 44.4992799], [11.9341118, 44.4993048], [11.9341388, 44.4994708], [11.9343766, 44.4995681], [11.9344002, 44.4996883], [11.9346324, 44.4996515], [11.9346876, 44.499739], [11.9351394, 44.4997285], [11.9352929, 44.5000644], [11.9355343, 44.5000784], [11.935547, 44.5002302], [11.9359292, 44.5004284], [11.9359481, 44.5005877], [11.9361895, 44.5006017], [11.9364498, 44.5007751], [11.9364687, 44.5009344], [11.9365848, 44.5009537], [11.936589, 44.5010412], [11.9363402, 44.5010928], [11.9363566, 44.5012074], [11.936598, 44.5012214], [11.9366025, 44.5013109], [11.9364814, 44.501404], [11.9362587, 44.5014176], [11.9362347, 44.5015004], [11.936012, 44.5015139], [11.9359924, 44.5016867], [11.9358674, 44.5016899], [11.9358448, 44.5016139], [11.9356688, 44.5015602], [11.9356156, 44.5016964], [11.9352814, 44.5016621], [11.9351176, 44.5017992], [11.9347693, 44.501816], [11.9347452, 44.5018988], [11.9337794, 44.5019273], [11.9337447, 44.5020146], [11.9335128, 44.5020339], [11.9333768, 44.5022041], [11.9331449, 44.5022234], [11.9331346, 44.5023904], [11.9330135, 44.5024835], [11.9327815, 44.5025028], [11.9327712, 44.5026698], [11.9326575, 44.5026929], [11.9326546, 44.5028528], [11.9325409, 44.502876], [11.9324779, 44.5030848], [11.9327273, 44.503166], [11.9329194, 44.5031165], [11.9330496, 44.5032032], [11.9330541, 44.5032927], [11.9328031, 44.5032993], [11.932933, 44.5033862], [11.9329597, 44.5038893], [11.933086, 44.5039244], [11.9330429, 44.5040845], [11.9333073, 44.5040932], [11.9334631, 44.5039127], [11.9338053, 44.5039903], [11.9339639, 44.5038096], [11.9340862, 44.5038067], [11.934123, 44.503978], [11.9343078, 44.5039774], [11.9343335, 44.5037103], [11.9346757, 44.5037879], [11.9349526, 44.5035143], [11.9351647, 44.5035053], [11.9351994, 44.503418], [11.9353674, 44.503401], [11.9353115, 44.503145], [11.9354366, 44.5031418], [11.935599, 44.5033099], [11.9357721, 44.5033121], [11.9358185, 44.503222], [11.9360306, 44.5032129], [11.9360653, 44.5031256], [11.9362773, 44.5031165], [11.9364183, 44.5030131], [11.9364933, 44.5028938], [11.9364196, 44.5026664], [11.9366248, 44.5027046], [11.9366666, 44.502606], [11.9365407, 44.5025728], [11.936528, 44.5024211], [11.936406, 44.5023963], [11.9363933, 44.5022445], [11.9362713, 44.5022197], [11.9362587, 44.5020679], [11.9361367, 44.5020431], [11.9359975, 44.501777], [11.9363693, 44.5016774], [11.9364995, 44.5017641], [11.9365184, 44.5019234], [11.9367966, 44.5021087], [11.9369536, 44.5021571], [11.9371457, 44.5021075], [11.937178, 44.502189], [11.937393, 44.5022153], [11.9373795, 44.5021145], [11.9371417, 44.5020172], [11.9371147, 44.5018513], [11.9369479, 44.5017976], [11.9367558, 44.5018471], [11.9367513, 44.5017576], [11.9369865, 44.5017824], [11.936998, 44.5016612], [11.9373755, 44.501758], [11.9373569, 44.501665], [11.9371191, 44.5015677], [11.9371146, 44.5014782], [11.9373199, 44.5015164], [11.9373633, 44.5014266], [11.9372357, 44.5013846], [11.9372225, 44.5011513], [11.9370965, 44.5011181], [11.9370919, 44.5010306], [11.9373239, 44.5010093], [11.9373297, 44.5007524], [11.9374528, 44.5007041], [11.9374319, 44.5004995], [11.9371905, 44.5004855], [11.9370432, 44.5001572], [11.9369212, 44.5001324], [11.9369085, 44.4999806], [11.9367866, 44.4999558], [11.9367775, 44.4997764], [11.9369026, 44.4997732], [11.9371629, 44.4999465], [11.9371756, 44.5000982], [11.9372976, 44.5001231], [11.9373102, 44.5002748], [11.9374322, 44.5002997], [11.9374449, 44.5004514], [11.9375669, 44.5004763], [11.9377204, 44.5008122], [11.9380965, 44.5010028], [11.9381092, 44.5011545], [11.9383613, 44.501266], [11.9383883, 44.501432], [11.9386261, 44.5015293], [11.938645, 44.5016886], [11.9390211, 44.5018792], [11.93904, 44.5020386], [11.9394161, 44.5022291], [11.9394287, 44.5023809], [11.9395507, 44.5024057], [11.9395643, 44.502675], [11.9393136, 44.5026815], [11.9392583, 44.502594], [11.9384577, 44.5026213], [11.9383314, 44.5029571], [11.9385064, 44.5030174], [11.9386984, 44.5029678], [11.9391114, 44.5033039], [11.9393447, 44.5033113], [11.9395313, 44.5034409], [11.939592, 44.5032149], [11.9397171, 44.5032117], [11.9397396, 44.5032877], [11.9399156, 44.5033413], [11.9399689, 44.5032052], [11.9402196, 44.5031987], [11.9403497, 44.5032854], [11.9403686, 44.5034447], [11.9404844, 44.503462], [11.940498, 44.5037313], [11.9403768, 44.5038244], [11.9400508, 44.5038339], [11.9400045, 44.5039241], [11.9397818, 44.5039376], [11.9396366, 44.5041136], [11.9394246, 44.5041227], [11.9393899, 44.50421], [11.9391672, 44.5042235], [11.9390829, 44.5043487], [11.9391522, 44.5044862], [11.9390271, 44.5044894], [11.9390617, 44.5043211], [11.9389205, 44.5043199], [11.9388362, 44.5044451], [11.9389054, 44.5045825], [11.9387804, 44.5045858], [11.938815, 44.5044174], [11.9386737, 44.5044162], [11.9385285, 44.5045922], [11.9383474, 44.5046234], [11.9384119, 44.5047753], [11.9381893, 44.5047888], [11.9380441, 44.5049648], [11.9375853, 44.5050703], [11.9375506, 44.5051576], [11.9373385, 44.5051667], [11.9373038, 44.505254], [11.9370918, 44.505263], [11.9370571, 44.5053503], [11.9367087, 44.5053671], [11.9365636, 44.5055431], [11.9363316, 44.5055624], [11.9362695, 44.505712], [11.9369495, 44.5057136], [11.9370282, 44.505846], [11.9372014, 44.5057071], [11.9373825, 44.505676], [11.9373134, 44.5054341], [11.9374385, 44.5054309], [11.9374754, 44.5056022], [11.9377619, 44.5056025], [11.937816, 44.5054212], [11.9379382, 44.5054179], [11.9379681, 44.505584], [11.9382014, 44.5055913], [11.9381461, 44.505732], [11.9382538, 44.5058564], [11.9384474, 44.5058417], [11.9384577, 44.5056748], [11.9385788, 44.5055816], [11.938931, 44.505609], [11.938954, 44.5054817], [11.9390763, 44.5054788], [11.9390256, 44.5057094], [11.9391148, 44.5057825], [11.9394096, 44.505785], [11.9394583, 44.505559], [11.9395834, 44.5055557], [11.9397727, 44.5056855], [11.9400716, 44.5056198], [11.9400823, 44.5054889], [11.9399563, 44.5054557], [11.9399518, 44.5053662], [11.9403084, 44.5054835], [11.940325, 44.5053842], [11.940203, 44.5053593], [11.9401985, 44.5052698], [11.9404492, 44.5052634], [11.9404681, 44.5054227], [11.9407825, 44.5055696], [11.9408358, 44.5054335], [11.9412836, 44.5054665], [11.9413857, 44.5054026], [11.9411991, 44.505154], [11.9413242, 44.5051508], [11.9415013, 44.5052791], [11.9417056, 44.505231], [11.9420224, 44.5054472], [11.9420879, 44.5053472], [11.9419619, 44.505314], [11.9419574, 44.5052245], [11.9422081, 44.505218], [11.942276, 44.5065663], [11.9421549, 44.5066594], [11.9419322, 44.5066729], [11.9419081, 44.5067558], [11.9415705, 44.5067681], [11.9414146, 44.5069486], [11.9412026, 44.5069577], [11.9410468, 44.5071381], [11.9408149, 44.5071575], [11.9408226, 44.5073109], [11.9410559, 44.5073183], [11.9410649, 44.5074977], [11.9409438, 44.5075909], [11.940693, 44.5075973], [11.9405629, 44.5075107], [11.940612, 44.5073558], [11.9404785, 44.5073339], [11.9404322, 44.507424], [11.9400838, 44.5074408], [11.9399386, 44.5076168], [11.9395903, 44.5076335], [11.9395061, 44.5077587], [11.9395753, 44.5078962], [11.9392447, 44.5078158], [11.9392009, 44.5079511], [11.9393286, 44.507993], [11.9393474, 44.5081523], [11.9394632, 44.5081696], [11.9394677, 44.5082591], [11.9393486, 44.5082901], [11.939361, 44.5084221], [11.9397281, 44.5084328], [11.9401186, 44.5086928], [11.9401313, 44.5088446], [11.9402533, 44.5088694], [11.9402767, 44.5091187], [11.940555, 44.509304], [11.9407785, 44.509306], [11.9408153, 44.5094773], [11.9410388, 44.5094793], [11.9410515, 44.5096311], [11.9413037, 44.5097426], [11.9413307, 44.5099086], [11.941564, 44.5099159], [11.9415829, 44.5100753], [11.9418289, 44.5101792], [11.9417736, 44.5103199], [11.9419681, 44.5104457], [11.9419915, 44.5106949], [11.9421665, 44.5107552], [11.9424843, 44.5107024], [11.9427108, 44.5151954], [11.9424787, 44.5152168], [11.942229, 44.5154101], [11.9422242, 44.5155253], [11.9424775, 44.5155639], [11.9425209, 44.5156492], [11.9427333, 44.5156474], [11.9428556, 44.5180745], [11.9423535, 44.5180874], [11.9423346, 44.5179281], [11.9419584, 44.5177375], [11.9418048, 44.5174016], [11.9412984, 44.5171244], [11.9411448, 44.5167884], [11.9407686, 44.5165979], [11.9407559, 44.5164461], [11.9406339, 44.5164213], [11.9406167, 44.5161797], [11.9404947, 44.5161548], [11.9404676, 44.5159888], [11.9403596, 44.5159762], [11.9403554, 44.5158887], [11.9405675, 44.5158796], [11.9406022, 44.5157923], [11.9407778, 44.5157687], [11.940709, 44.5156293], [11.940157, 44.5155788], [11.9398392, 44.5156315], [11.9398265, 44.5154798], [11.9395743, 44.5153683], [11.9395473, 44.5152023], [11.9393094, 44.515105], [11.9392906, 44.5149457], [11.9390446, 44.5148418], [11.938891, 44.5145059], [11.9385148, 44.5143153], [11.9384878, 44.5141493], [11.9381198, 44.5139654], [11.9380963, 44.5137161], [11.9377202, 44.5135255], [11.9376931, 44.5133596], [11.9373252, 44.5131756], [11.9373116, 44.5129063], [11.9375626, 44.5128996], [11.9374323, 44.5128107], [11.9374237, 44.5126333], [11.9375375, 44.5126102], [11.9375392, 44.5125234], [11.9372935, 44.5125462], [11.9372845, 44.5123668], [11.9373983, 44.5123437], [11.9373942, 44.5122495], [11.936903, 44.5122862], [11.9368707, 44.5122048], [11.9366975, 44.5122025], [11.9366557, 44.5123826], [11.9365306, 44.5123858], [11.9365072, 44.5121365], [11.9362657, 44.5121226], [11.9360054, 44.5119492], [11.9359865, 44.5117898], [11.9356104, 44.5115993], [11.9354568, 44.5112633], [11.9352108, 44.5111594], [11.9351931, 44.5108362], [11.9350671, 44.510803], [11.9350512, 44.5106893], [11.9348113, 44.5107196], [11.9349197, 44.5104747], [11.9345374, 44.5102765], [11.9346394, 44.5098973], [11.9343933, 44.5099181], [11.9343892, 44.5098306], [11.9345858, 44.5098701], [11.9347629, 44.5097845], [11.9347112, 44.5096883], [11.9345103, 44.509737], [11.9344923, 44.5093778], [11.9346146, 44.5093382], [11.9345855, 44.5089451], [11.9344021, 44.5088398], [11.9338873, 44.5088539], [11.9338409, 44.508944], [11.9334646, 44.5089537], [11.9330741, 44.5086937], [11.933047, 44.5085277], [11.9328093, 44.5084304], [11.9326619, 44.5081021], [11.9325399, 44.5080772], [11.9325264, 44.5078079], [11.9326475, 44.5077148], [11.9328795, 44.5076954], [11.9331292, 44.5075021], [11.9331321, 44.5073422], [11.9333669, 44.5072259], [11.9333353, 44.5071158], [11.933123, 44.507162], [11.9331138, 44.5069846], [11.9333492, 44.5070074], [11.9333464, 44.5068163], [11.932904, 44.5068086], [11.9328576, 44.5068987], [11.9324841, 44.5069085], [11.932426, 44.5068209], [11.9320129, 44.506834], [11.9319782, 44.5069213], [11.9317555, 44.5069348], [11.9316738, 44.5070497], [11.9318616, 44.5071048], [11.9318706, 44.5072842], [11.9316272, 44.5073807], [11.9314942, 44.5072939], [11.9314897, 44.5072044], [11.9316708, 44.5070708], [11.9314803, 44.5070221], [11.9314762, 44.5069346], [11.9315985, 44.5068951], [11.9315702, 44.506302], [11.9316894, 44.506271], [11.9316778, 44.5059392], [11.931859, 44.505908], [11.9317899, 44.5056662], [11.931913, 44.5056178], [11.9315071, 44.5050433], [11.9316282, 44.5049502], [11.9318676, 44.5049238], [11.9319352, 44.5048115], [11.9318615, 44.5045841], [11.9320967, 44.5046089], [11.9321037, 44.5043978], [11.932346, 44.5044157], [11.9322113, 44.5040349], [11.9323364, 44.5040317], [11.932489, 44.5041945], [11.932688, 44.5042435], [11.9327138, 44.504022], [11.9328362, 44.5039825], [11.9328279, 44.5037938], [11.9325746, 44.5037551], [11.9325575, 44.5035135], [11.9324351, 44.5034866], [11.9325329, 44.5032752], [11.9319239, 44.5033217], [11.9319194, 44.5032322], [11.9321546, 44.503257], [11.9321563, 44.5031559], [11.9319972, 44.5030534], [11.9316591, 44.5030585], [11.931529, 44.5029718], [11.9316456, 44.5027891], [11.9321243, 44.5026734], [11.9321349, 44.5025425], [11.932009, 44.5025093], [11.9319811, 44.5021701], [11.9317352, 44.5020662], [11.9317225, 44.5019145], [11.9314704, 44.501803], [11.9314577, 44.5016512], [11.9312056, 44.5015397], [11.9311786, 44.5013737], [11.9309453, 44.5013663]], [[11.941876, 44.5064557], [11.9417298, 44.5065681], [11.9418803, 44.5065635], [11.941876, 44.5064557]], [[11.9415258, 44.5052807], [11.9414294, 44.5054108], [11.941589, 44.505414], [11.9416324, 44.5054993], [11.9417696, 44.5054803], [11.9416828, 44.505329], [11.9415258, 44.5052807]], [[11.9415569, 44.5064984], [11.9414749, 44.5066583], [11.9416137, 44.5066701], [11.941702, 44.5065175], [11.9415569, 44.5064984]], [[11.9403847, 44.5056125], [11.9402276, 44.5055079], [11.9402341, 44.5056156], [11.9403847, 44.5056125]], [[11.9396812, 44.5085693], [11.9396438, 44.5086973], [11.9398588, 44.5087236], [11.9398355, 44.5086175], [11.9396812, 44.5085693]], [[11.9390072, 44.505738], [11.9388501, 44.5056334], [11.9388566, 44.5057411], [11.9390072, 44.505738]], [[11.93859, 44.5032127], [11.9388134, 44.5032714], [11.93883, 44.5031721], [11.9386167, 44.5031089], [11.93859, 44.5032127]], [[11.9385089, 44.5141078], [11.9386632, 44.5142141], [11.9388783, 44.5142404], [11.9388647, 44.5141396], [11.9385356, 44.514004], [11.9385089, 44.5141078]], [[11.938244, 44.5138445], [11.9383983, 44.5139508], [11.9386134, 44.5139772], [11.9385998, 44.5138764], [11.9382707, 44.5137407], [11.938244, 44.5138445]], [[11.9375308, 44.5021597], [11.9377541, 44.5022184], [11.9377707, 44.502119], [11.9375575, 44.5020558], [11.9375308, 44.5021597]], [[11.9377143, 44.513318], [11.9378335, 44.5133428], [11.9378633, 44.5135089], [11.9381335, 44.5136875], [11.9383415, 44.5137208], [11.9383431, 44.5136197], [11.9380972, 44.5135158], [11.9380783, 44.5133565], [11.937741, 44.5132142], [11.9377143, 44.513318]], [[11.9375836, 44.5024438], [11.9374265, 44.5023392], [11.937433, 44.5024469], [11.9375836, 44.5024438]], [[11.9375152, 44.5056988], [11.9375188, 44.5058337], [11.9376429, 44.5057384], [11.9375152, 44.5056988]], [[11.9374494, 44.5130548], [11.9376037, 44.513161], [11.9378188, 44.5131874], [11.9378052, 44.5130866], [11.9374761, 44.5129509], [11.9374494, 44.5130548]], [[11.9372067, 44.5024535], [11.9370497, 44.5023489], [11.9370561, 44.5024566], [11.9372067, 44.5024535]], [[11.9368298, 44.5024632], [11.9366728, 44.5023586], [11.9366793, 44.5024663], [11.9368298, 44.5024632]], [[11.9325039, 44.5007087], [11.932661, 44.5008133], [11.9326545, 44.5007056], [11.9325039, 44.5007087]], [[11.9323104, 44.503163], [11.9324566, 44.5030506], [11.9323061, 44.5030552], [11.9323104, 44.503163]], [[11.9321642, 44.5047437], [11.9320071, 44.5046391], [11.9320136, 44.5047468], [11.9321642, 44.5047437]]]}}, {"type": "Feature", "properties": {"flooded": true, "source": "satellite", "area_m2": 14900.9}, "geometry": {"type": "Polygon", "coordinates": [[[11.9370553, 44.5703481], [11.9370508, 44.5702586], [11.9373888, 44.5702463], [11.9374236, 44.570159], [11.9379261, 44.570146], [11.9380609, 44.5703222], [11.9376204, 44.5701989], [11.9374933, 44.5702857], [11.9376836, 44.5703323], [11.9378693, 44.5705065], [11.9382297, 44.570491], [11.9381873, 44.5703194], [11.9383097, 44.570316], [11.9383449, 44.5703975], [11.9385686, 44.5703996], [11.938624, 44.5704871], [11.9389504, 44.5704797], [11.9390058, 44.5705673], [11.940779, 44.5705225], [11.9408376, 44.5704311], [11.9411863, 44.5704144], [11.9412104, 44.5703315], [11.9418, 44.5703127], [11.9418348, 44.5702254], [11.9420669, 44.570206], [11.9420818, 44.570129], [11.9424081, 44.5701195], [11.9424546, 44.5700294], [11.9426775, 44.5700158], [11.9427016, 44.569933], [11.9434169, 44.5699109], [11.9435729, 44.5697304], [11.9445236, 44.5696148], [11.94457, 44.5695247], [11.9451479, 44.5695087], [11.9451943, 44.5694185], [11.9454503, 44.569504], [11.9454544, 44.5695915], [11.9449951, 44.569697], [11.9449604, 44.5697843], [11.9445082, 44.569797], [11.9444618, 44.5698872], [11.9441131, 44.5699039], [11.9440891, 44.5699868], [11.9433854, 44.570006], [11.9433389, 44.5700962], [11.9429902, 44.5701129], [11.9429634, 44.5701961], [11.9428409, 44.570199], [11.9428901, 44.5700442], [11.9427448, 44.5700251], [11.9426498, 44.5701547], [11.9427191, 44.5702922], [11.942267, 44.5703049], [11.9422178, 44.5703954], [11.9420151, 44.5703569], [11.9419736, 44.5704915], [11.9415214, 44.5705042], [11.9414722, 44.5705946], [11.9397773, 44.5706383], [11.9397187, 44.5707296], [11.9385872, 44.5707588], [11.9385319, 44.5706712], [11.9380796, 44.5706818], [11.9380472, 44.5706004], [11.9378235, 44.5705984], [11.9376707, 44.5704357], [11.9374371, 44.5704283], [11.9373937, 44.570343], [11.9370553, 44.5703481]]]}}, {"type": "Feature", "properties": {"flooded": true, "source": "satellite", "area_m2": 1771315.6}, "geometry": {"type": "Polygon", "coordinates": [[[11.9171353, 44.5195451], [11.9171219, 44.5192758], [11.917334, 44.5192667], [11.9173687, 44.5191794], [11.9178428, 44.5191595], [11.9179861, 44.5190456], [11.9179836, 44.5188936], [11.9181028, 44.5188626], [11.9181003, 44.5187106], [11.9182214, 44.5186175], [11.9184534, 44.5185982], [11.9184638, 44.5184312], [11.9186865, 44.5184177], [11.9188318, 44.5182418], [11.9189569, 44.5182386], [11.919129, 44.5186307], [11.9196371, 44.5185739], [11.9195948, 44.5184023], [11.919714, 44.5183713], [11.919707, 44.5181294], [11.9198262, 44.5180983], [11.9198236, 44.5179463], [11.9201996, 44.517945], [11.9201557, 44.5170376], [11.9202808, 44.5170344], [11.9202967, 44.5171481], [11.9203817, 44.5171606], [11.9208962, 44.5167486], [11.921147, 44.5167421], [11.921332, 44.516961], [11.9215141, 44.5168994], [11.921529, 44.5168224], [11.9217454, 44.5168576], [11.9217668, 44.5165462], [11.9219896, 44.5165327], [11.9221348, 44.5163567], [11.9222599, 44.5163535], [11.9226504, 44.5166136], [11.9226693, 44.516773], [11.9229152, 44.5168769], [11.9230625, 44.5172052], [11.9233147, 44.5173168], [11.9233417, 44.5174828], [11.9235795, 44.5175801], [11.9235922, 44.5177318], [11.9237142, 44.5177567], [11.923774, 44.5179341], [11.9241933, 44.5178266], [11.9242174, 44.5177438], [11.9244295, 44.5177347], [11.9244642, 44.5176474], [11.9246763, 44.5176384], [11.9247111, 44.5175511], [11.9248362, 44.5175479], [11.9248915, 44.5176354], [11.925293, 44.5176251], [11.9253394, 44.517535], [11.9256655, 44.5175256], [11.9257119, 44.5174354], [11.9259438, 44.5174161], [11.9260779, 44.517308], [11.9260757, 44.517192], [11.9258195, 44.5170722], [11.9256758, 44.5167161], [11.9258009, 44.5167129], [11.9258198, 44.5168723], [11.9262297, 44.5171009], [11.9263131, 44.517084], [11.9263176, 44.5169698], [11.9264428, 44.5169665], [11.9264517, 44.517146], [11.9262353, 44.5171108], [11.9262148, 44.5172223], [11.926374, 44.5173248], [11.9267121, 44.5173197], [11.927146, 44.5176651], [11.9274419, 44.517704], [11.9275984, 44.5176369], [11.9276013, 44.517477], [11.9278066, 44.5175152], [11.9278481, 44.5173806], [11.9281965, 44.5173639], [11.9282116, 44.5171012], [11.9286888, 44.5167987], [11.9286917, 44.5166388], [11.9288129, 44.5165456], [11.9291612, 44.5165289], [11.9291808, 44.5163561], [11.9294821, 44.5163294], [11.9294742, 44.5159411], [11.9290829, 44.5159092], [11.9290366, 44.5159994], [11.9288046, 44.5160187], [11.9287897, 44.5160957], [11.928567, 44.5161092], [11.9285429, 44.5161921], [11.9283463, 44.5161525], [11.9281705, 44.5162917], [11.927794, 44.5163013], [11.9277895, 44.5162118], [11.9280376, 44.516169], [11.928022, 44.5160456], [11.9279062, 44.5160284], [11.927897, 44.515851], [11.9280784, 44.5158178], [11.9280138, 44.5156659], [11.9282404, 44.5156965], [11.9282606, 44.5155695], [11.9284418, 44.5155384], [11.9283773, 44.5153865], [11.928715, 44.5153742], [11.9287497, 44.5152869], [11.9289696, 44.5153208], [11.9291222, 44.5151873], [11.9295917, 44.5150775], [11.9297972, 44.5148591], [11.9297108, 44.5144796], [11.9295888, 44.5144548], [11.9295617, 44.5142888], [11.9293239, 44.5141915], [11.9293051, 44.5140321], [11.9291889, 44.5140129], [11.9291848, 44.5139254], [11.9294355, 44.5139189], [11.9294625, 44.5140849], [11.9296845, 44.5140724], [11.9296775, 44.5139325], [11.9294315, 44.5138286], [11.9294224, 44.5136512], [11.9296545, 44.5136299], [11.9297185, 44.5133976], [11.9295535, 44.5133888], [11.9291752, 44.5137452], [11.9289244, 44.5137516], [11.9289199, 44.5136621], [11.9294045, 44.5132896], [11.9296365, 44.5132702], [11.9298936, 44.5130069], [11.9301256, 44.5129876], [11.9301359, 44.5128207], [11.930348, 44.5128116], [11.9303827, 44.5127243], [11.9305078, 44.5127211], [11.9305123, 44.5128106], [11.9301488, 44.51309], [11.9299368, 44.5130991], [11.9297957, 44.5132025], [11.9297381, 44.513442], [11.9301237, 44.5133575], [11.9301612, 44.5132699], [11.9304092, 44.5132638], [11.9304645, 44.5133513], [11.9307907, 44.513344], [11.9309208, 44.5134307], [11.9309397, 44.51359], [11.9312082, 44.51377], [11.9314415, 44.5137774], [11.931473, 44.5140333], [11.9317063, 44.5140407], [11.9318365, 44.5141274], [11.9318726, 44.5144731], [11.9322315, 44.5144773], [11.9322405, 44.5146567], [11.9320558, 44.514696], [11.9320731, 44.5150708], [11.9323978, 44.5152833], [11.9324248, 44.5154492], [11.9332864, 44.5154405], [11.9335693, 44.5156899], [11.9337784, 44.5157343], [11.9336541, 44.5154508], [11.9334081, 44.5153469], [11.9333954, 44.5151952], [11.9332734, 44.5151703], [11.9332644, 44.5149909], [11.9333895, 44.5149877], [11.9334084, 44.5151471], [11.9337845, 44.5153376], [11.9339381, 44.5156736], [11.9341841, 44.5157775], [11.934203, 44.5159369], [11.9345403, 44.5160791], [11.9344314, 44.5156811], [11.9345377, 44.515665], [11.9346127, 44.515539], [11.9344224, 44.5155009], [11.9344625, 44.5153365], [11.9343542, 44.515278], [11.9339107, 44.515334], [11.9336504, 44.5151606], [11.9336315, 44.5150013], [11.9333855, 44.5148974], [11.9333666, 44.514738], [11.9331207, 44.5146341], [11.933108, 44.5144824], [11.9329635, 44.5143815], [11.9327544, 44.514337], [11.9327386, 44.5145539], [11.9326135, 44.5145571], [11.9326, 44.5142878], [11.9328198, 44.5143216], [11.9329705, 44.5142503], [11.9329679, 44.5140983], [11.9332074, 44.5140719], [11.9333269, 44.513729], [11.933446, 44.5136979], [11.933439, 44.513456], [11.9336739, 44.5133397], [11.9336767, 44.5131798], [11.9341593, 44.5128693], [11.934217, 44.512675], [11.9341477, 44.5125375], [11.9342669, 44.5125065], [11.9342644, 44.5123545], [11.9349912, 44.5117956], [11.9351163, 44.5117924], [11.9351289, 44.5119442], [11.9353811, 44.5120557], [11.9354, 44.512215], [11.9356414, 44.512229], [11.935795, 44.512565], [11.9360365, 44.512579], [11.9360554, 44.5127383], [11.9364315, 44.5129289], [11.9364442, 44.5130807], [11.9366964, 44.5131922], [11.9367234, 44.5133581], [11.9369612, 44.5134554], [11.9369801, 44.5136148], [11.9372261, 44.5137187], [11.9373797, 44.5140546], [11.9377558, 44.5142452], [11.9377829, 44.5144112], [11.9381509, 44.5145951], [11.9383045, 44.5149311], [11.9386806, 44.5151216], [11.9388433, 44.5156374], [11.9390847, 44.5156514], [11.9393451, 44.5158247], [11.9393578, 44.5159765], [11.93961, 44.516088], [11.939637, 44.5162539], [11.9398749, 44.5163512], [11.9398938, 44.5165106], [11.94027, 44.5167011], [11.9402827, 44.5168529], [11.9404047, 44.5168777], [11.9404182, 44.5171471], [11.9401955, 44.5171606], [11.93981, 44.5174608], [11.9397087, 44.517948], [11.9402122, 44.518053], [11.9403747, 44.5182211], [11.9405982, 44.5182231], [11.9408586, 44.5183964], [11.9408812, 44.5188456], [11.9407674, 44.5188687], [11.9407646, 44.5190286], [11.9406583, 44.5190448], [11.9405898, 44.5191871], [11.9410205, 44.5191125], [11.941025, 44.519202], [11.9409026, 44.5192416], [11.9409289, 44.5195891], [11.9411688, 44.5195588], [11.9412004, 44.5198147], [11.9415593, 44.5198188], [11.9415783, 44.5199781], [11.9418243, 44.520082], [11.9417347, 44.5204311], [11.9418858, 44.5205269], [11.9422243, 44.5205239], [11.9422284, 44.5206114], [11.9419861, 44.5207977], [11.9417634, 44.5208112], [11.941499, 44.5210182], [11.9415196, 44.5211568], [11.9417529, 44.5211642], [11.9416389, 44.521392], [11.9417665, 44.5214339], [11.9417846, 44.5217931], [11.941576, 44.5217556], [11.9414121, 44.5218927], [11.9412, 44.5219018], [11.9410515, 44.5220123], [11.9410529, 44.5222261], [11.9411789, 44.5222593], [11.9411836, 44.5223467], [11.9410611, 44.5223884], [11.9410755, 44.5226756], [11.9412016, 44.5227088], [11.9412286, 44.5228748], [11.9414665, 44.522972], [11.9414854, 44.5231314], [11.9417314, 44.5232353], [11.9417441, 44.523387], [11.9418661, 44.5234119], [11.9418834, 44.5236535], [11.9420488, 44.5237636], [11.9422332, 44.5237547], [11.9423785, 44.5235787], [11.9428374, 44.5234732], [11.9429932, 44.5232928], [11.9431184, 44.5232895], [11.9431229, 44.5233791], [11.9428954, 44.5234883], [11.9428205, 44.5236143], [11.9429604, 44.5236527], [11.9430068, 44.5235625], [11.9431319, 44.5235593], [11.9431818, 44.5245479], [11.9429764, 44.5245096], [11.942933, 44.5245995], [11.9431908, 44.5247281], [11.9431999, 44.5249075], [11.9430748, 44.5249107], [11.9428144, 44.5247374], [11.9427954, 44.524578], [11.9425494, 44.5244741], [11.9425367, 44.5243224], [11.9424147, 44.5242976], [11.9424056, 44.5241182], [11.9425308, 44.5241149], [11.9425578, 44.5242809], [11.9428295, 44.5244161], [11.942918, 44.5243915], [11.9429075, 44.5243051], [11.9427917, 44.5242878], [11.9427745, 44.5240462], [11.9426521, 44.5240194], [11.9426389, 44.523752], [11.9427527, 44.5237289], [11.9427671, 44.5235693], [11.9426486, 44.5235847], [11.9426338, 44.5236617], [11.942411, 44.5236753], [11.9421446, 44.5239444], [11.9419219, 44.523958], [11.9417767, 44.524134], [11.9415539, 44.5241475], [11.9414087, 44.5243235], [11.941186, 44.524337], [11.9410407, 44.524513], [11.940818, 44.5245266], [11.9406728, 44.5247026], [11.94045, 44.5247161], [11.9403048, 44.5248921], [11.9401797, 44.5248953], [11.9401752, 44.5248058], [11.9404101, 44.5246895], [11.9404093, 44.5245573], [11.940157, 44.5244458], [11.9401381, 44.5242864], [11.9398921, 44.5241825], [11.9398732, 44.5240232], [11.9396272, 44.5239193], [11.9396083, 44.5237599], [11.9393188, 44.5235708], [11.938768, 44.5235849], [11.9386122, 44.5237654], [11.9383894, 44.5237789], [11.9382442, 44.5239549], [11.9380321, 44.523964], [11.937891, 44.5240674], [11.9378894, 44.5243781], [11.9380155, 44.5244113], [11.9380282, 44.5245631], [11.9382804, 44.5246746], [11.9382931, 44.5248263], [11.9385453, 44.5249378], [11.938558, 44.5250896], [11.9388102, 44.5252011], [11.9388373, 44.525367], [11.9390707, 44.5253744], [11.9390797, 44.5255538], [11.9388569, 44.5255674], [11.9385905, 44.5258365], [11.9383784, 44.5258456], [11.9382225, 44.526026], [11.9379998, 44.5260396], [11.9377334, 44.5263087], [11.9375106, 44.5263222], [11.9371379, 44.5266075], [11.9370936, 44.5267684], [11.9372253, 44.5267645], [11.9372493, 44.5266817], [11.9374973, 44.5266751], [11.9375046, 44.5267647], [11.9372697, 44.526881], [11.9372668, 44.5270409], [11.9371457, 44.527134], [11.9368444, 44.5271609], [11.9369116, 44.5273826], [11.9370336, 44.5274074], [11.9370426, 44.5275868], [11.9368373, 44.5275486], [11.9367938, 44.5276384], [11.9369215, 44.5276804], [11.9369494, 44.5280195], [11.9371087, 44.528122], [11.9373211, 44.5281202], [11.9377118, 44.5283802], [11.937729, 44.5286219], [11.9379812, 44.5287334], [11.9380083, 44.5288994], [11.9383764, 44.5290833], [11.9383854, 44.5292627], [11.9379008, 44.5296353], [11.9376687, 44.5296547], [11.9374116, 44.529918], [11.9371795, 44.5299373], [11.9369224, 44.5302006], [11.9366904, 44.53022], [11.9365634, 44.53057], [11.9363406, 44.5305835], [11.9361926, 44.5307598], [11.9358189, 44.5307692], [11.9358, 44.5306098], [11.9354237, 44.5304192], [11.935411, 44.5302675], [11.935289, 44.5302427], [11.9351272, 44.5299001], [11.934857, 44.5297214], [11.9345077, 44.5297226], [11.9343775, 44.5296359], [11.9343586, 44.5294766], [11.9341126, 44.5293727], [11.9340991, 44.5291033], [11.9343344, 44.5291281], [11.9343369, 44.5288271], [11.9354274, 44.5279889], [11.9355525, 44.5279857], [11.9356078, 44.5280732], [11.9358837, 44.5280661], [11.9360468, 44.5277929], [11.9363406, 44.5277727], [11.936271, 44.527247], [11.9363961, 44.5272438], [11.9365697, 44.5274157], [11.936707, 44.5273967], [11.9366399, 44.5271751], [11.9365175, 44.5271482], [11.9365133, 44.5270607], [11.9366921, 44.5269355], [11.9366416, 44.526878], [11.9365231, 44.5268934], [11.9365082, 44.5269704], [11.9362762, 44.5269898], [11.9362659, 44.5271567], [11.9361408, 44.5271599], [11.9360855, 44.5270724], [11.935778, 44.5270926], [11.9357677, 44.5272595], [11.9355883, 44.5273863], [11.9356556, 44.5275325], [11.9355304, 44.5275357], [11.9355796, 44.5273809], [11.9354344, 44.5273618], [11.9353997, 44.527449], [11.9351677, 44.5274684], [11.9350317, 44.5276386], [11.9347997, 44.5276579], [11.9346656, 44.527766], [11.9346682, 44.527918], [11.9342092, 44.5280234], [11.9341745, 44.5281107], [11.9338367, 44.528123], [11.9338019, 44.5282103], [11.9334442, 44.5282329], [11.9334339, 44.5283998], [11.9332111, 44.5284134], [11.9331268, 44.5285386], [11.9332006, 44.5287659], [11.9330868, 44.5287891], [11.933082, 44.5289042], [11.9332097, 44.5289462], [11.9332232, 44.5292155], [11.9329679, 44.529132], [11.932908, 44.5289546], [11.9327355, 44.5289657], [11.9327114, 44.5290486], [11.9323736, 44.5290609], [11.9320965, 44.5293345], [11.9318737, 44.529348], [11.9317285, 44.529524], [11.9312588, 44.5296338], [11.9309924, 44.529903], [11.9306204, 44.5300026], [11.9306159, 44.529913], [11.9308583, 44.5297268], [11.931081, 44.5297133], [11.9312263, 44.5295373], [11.9314384, 44.5295282], [11.9315943, 44.5293478], [11.9318264, 44.5293284], [11.9320835, 44.5290651], [11.9323063, 44.5290516], [11.9325728, 44.5287825], [11.9328208, 44.5287397], [11.9327873, 44.5286043], [11.9325637, 44.5286023], [11.9325158, 44.5284271], [11.9321821, 44.528522], [11.9317915, 44.528262], [11.9317783, 44.5280287], [11.9316523, 44.5279955], [11.9316334, 44.5278361], [11.9313551, 44.5276508], [11.9311315, 44.5276488], [11.9311225, 44.5274694], [11.9312437, 44.5273762], [11.9314558, 44.5273672], [11.9314933, 44.5272796], [11.9316157, 44.5272766], [11.9316706, 44.5274088], [11.9318435, 44.527353], [11.9318586, 44.5270904], [11.9321009, 44.5269041], [11.9323237, 44.5268906], [11.9325901, 44.5266214], [11.9328128, 44.5266079], [11.9330773, 44.5264009], [11.9330665, 44.5261867], [11.9328143, 44.5260751], [11.9327873, 44.5259092], [11.9323869, 44.5256438], [11.9320764, 44.5256476], [11.9320461, 44.5258248], [11.931834, 44.5258339], [11.9317993, 44.5259212], [11.9313297, 44.526031], [11.9311844, 44.526207], [11.9308267, 44.5262296], [11.9306895, 44.5263462], [11.9306998, 44.5265796], [11.9305746, 44.5265828], [11.9304844, 44.5264527], [11.9303227, 44.5265893], [11.9299743, 44.526606], [11.9297078, 44.5268751], [11.9295231, 44.5269144], [11.9296337, 44.5270103], [11.929838, 44.5269622], [11.9298651, 44.5271282], [11.9300984, 44.5271356], [11.9302286, 44.5272222], [11.9302559, 44.5277593], [11.9300763, 44.5278881], [11.9301435, 44.5280343], [11.9299012, 44.5282205], [11.9296692, 44.5282399], [11.9295351, 44.5283479], [11.9295413, 44.5284723], [11.9296634, 44.5284971], [11.9296904, 44.5286631], [11.9299283, 44.5287604], [11.9299553, 44.5289263], [11.9303143, 44.5289305], [11.9303414, 44.5290965], [11.9305747, 44.5291039], [11.9305919, 44.5293455], [11.9308442, 44.5294571], [11.9308487, 44.5295466], [11.9305109, 44.5295589], [11.9304733, 44.5296464], [11.9301338, 44.5295685], [11.9299798, 44.5296869], [11.9299869, 44.5299288], [11.9297748, 44.5299379], [11.92974, 44.5300252], [11.9292566, 44.5300509], [11.929246, 44.5301819], [11.929372, 44.5302151], [11.9293765, 44.5303046], [11.9291412, 44.5302798], [11.9291341, 44.5304908], [11.9288991, 44.5306071], [11.9288963, 44.530767], [11.9286996, 44.5307275], [11.9285974, 44.5307913], [11.9286539, 44.5309533], [11.9285327, 44.5310464], [11.9281861, 44.5309246], [11.9279178, 44.5313323], [11.9274543, 44.5313478], [11.9272983, 44.5315282], [11.9270862, 44.5315373], [11.9270515, 44.5316246], [11.9265492, 44.5316374], [11.926419, 44.5315508], [11.9264002, 44.5313914], [11.9262843, 44.5313742], [11.9262655, 44.5312148], [11.9261496, 44.5311976], [11.9261365, 44.5309643], [11.9260104, 44.5309311], [11.9259927, 44.5306079], [11.9258667, 44.5305747], [11.9258478, 44.5304153], [11.9250487, 44.5298832], [11.9248252, 44.5298812], [11.9248207, 44.5297916], [11.9250435, 44.5297782], [11.9253025, 44.529579], [11.9253054, 44.5294191], [11.9254278, 44.5293796], [11.9253996, 44.5291596], [11.9251662, 44.5291522], [11.9251535, 44.5290005], [11.9249881, 44.5288903], [11.9244651, 44.5288555], [11.9241752, 44.5289153], [11.9240299, 44.5290913], [11.9238178, 44.5291004], [11.9237831, 44.5291877], [11.9235322, 44.5291941], [11.9234021, 44.5291074], [11.9234918, 44.5283853], [11.9235981, 44.5283692], [11.9236084, 44.5282023], [11.9237277, 44.5281712], [11.9237206, 44.5279293], [11.9238344, 44.5279062], [11.9238328, 44.5276564], [11.9239552, 44.5276168], [11.9239225, 44.5269339], [11.9240363, 44.5269108], [11.9240395, 44.5267869], [11.9237509, 44.5265856], [11.9235274, 44.5265835], [11.9232347, 44.5263287], [11.9230112, 44.5263267], [11.9228487, 44.5261585], [11.9226251, 44.5261565], [11.9223648, 44.5259831], [11.9223558, 44.5258037], [11.9224621, 44.5257876], [11.9225367, 44.5256594], [11.9224553, 44.5253786], [11.9223333, 44.5253537], [11.9221941, 44.5250876], [11.9223192, 44.5250844], [11.9225796, 44.5252578], [11.9225984, 44.5254172], [11.9227735, 44.5254775], [11.9229468, 44.5254151], [11.9229617, 44.525338], [11.9231583, 44.5253776], [11.9234358, 44.5253181], [11.9234599, 44.5252353], [11.9238364, 44.5252256], [11.9239666, 44.5253123], [11.9239854, 44.5254717], [11.9243616, 44.5256623], [11.9243886, 44.5258282], [11.9245765, 44.5258803], [11.924618, 44.5257457], [11.9247432, 44.5257425], [11.9247558, 44.5258943], [11.9248779, 44.5259191], [11.9249049, 44.5260851], [11.9251427, 44.5261824], [11.9251616, 44.5263418], [11.925843, 44.526747], [11.9259234, 44.5267109], [11.9259154, 44.5265227], [11.9261549, 44.5264964], [11.9261577, 44.5263364], [11.9263805, 44.5263229], [11.9267681, 44.5259607], [11.9271258, 44.5259381], [11.9272599, 44.5258301], [11.9272573, 44.5256781], [11.9274977, 44.5255539], [11.9275509, 44.5252696], [11.9274817, 44.5251322], [11.9276028, 44.525039], [11.9278502, 44.5250492], [11.9279438, 44.5243101], [11.9281912, 44.5243202], [11.9281726, 44.5242272], [11.9279348, 44.5241299], [11.9279792, 44.5238032], [11.9277157, 44.5237764], [11.9276693, 44.5238666], [11.927547, 44.5238699], [11.9274889, 44.5237823], [11.927037, 44.5237928], [11.9268745, 44.5236247], [11.926651, 44.5236226], [11.9264738, 44.5234943], [11.9258924, 44.5235521], [11.9257577, 44.5233759], [11.9261213, 44.5230965], [11.9263334, 44.5230874], [11.9263681, 44.5230001], [11.9265802, 44.5229911], [11.9267287, 44.5228806], [11.9267834, 44.5227381], [11.9264802, 44.5227268], [11.9264758, 44.5226373], [11.9267078, 44.5226179], [11.9267181, 44.522451], [11.9270742, 44.5222416], [11.9270726, 44.5219918], [11.9271938, 44.5218986], [11.9274257, 44.5218793], [11.9274361, 44.5217124], [11.9276755, 44.521686], [11.9276784, 44.5215261], [11.9277847, 44.52151], [11.9277951, 44.5213431], [11.9279174, 44.5213035], [11.9278964, 44.5208816], [11.9275599, 44.5209022], [11.9275251, 44.5209895], [11.927313, 44.5209986], [11.9272783, 44.5210859], [11.9268087, 44.5211957], [11.9266635, 44.5213717], [11.9264514, 44.5213808], [11.9264166, 44.5214681], [11.9261846, 44.5214874], [11.9260486, 44.5216575], [11.9258365, 44.5216666], [11.9258018, 44.5217539], [11.9253322, 44.5218637], [11.9251869, 44.5220397], [11.9249642, 44.5220532], [11.9248189, 44.5222292], [11.9246068, 44.5222383], [11.9245721, 44.5223256], [11.9240699, 44.5223384], [11.9240265, 44.5222531], [11.9238141, 44.522255], [11.9237773, 44.5220836], [11.9235537, 44.5220816], [11.9235271, 44.5215786], [11.9234011, 44.5215454], [11.9233966, 44.5214558], [11.9236389, 44.5212696], [11.923764, 44.5212664], [11.9238193, 44.5213539], [11.9242325, 44.5213408], [11.9245051, 44.5209773], [11.9247104, 44.5210156], [11.9247519, 44.520881], [11.9249839, 44.5208616], [11.9249799, 44.5206249], [11.9247384, 44.5206108], [11.9248506, 44.5203383], [11.9249757, 44.5203351], [11.925031, 44.5204226], [11.9252947, 44.5204167], [11.9253533, 44.5203254], [11.9255499, 44.520365], [11.9257017, 44.5203087], [11.9259069, 44.5200923], [11.9257168, 44.5200456], [11.9257123, 44.5199561], [11.9259472, 44.5198398], [11.9259501, 44.5196799], [11.9260713, 44.5195868], [11.9267815, 44.5194749], [11.9269374, 44.5192945], [11.9271495, 44.5192854], [11.9271843, 44.5191981], [11.9277617, 44.5191823], [11.9278081, 44.5190921], [11.928056, 44.5190856], [11.9280814, 44.5191618], [11.9282803, 44.5192108], [11.9283066, 44.5190253], [11.9281805, 44.5189921], [11.9281761, 44.5189026], [11.9283881, 44.5188936], [11.928544, 44.5187131], [11.928776, 44.5186938], [11.928912, 44.5185236], [11.9291348, 44.5185101], [11.92928, 44.5183341], [11.9296177, 44.5183219], [11.9296525, 44.5182346], [11.9298646, 44.5182255], [11.9298993, 44.5181382], [11.9303689, 44.5180283], [11.9303929, 44.5179455], [11.9311032, 44.5178336], [11.9311379, 44.5177463], [11.9316074, 44.5176364], [11.9316315, 44.5175536], [11.9319576, 44.5175441], [11.932004, 44.517454], [11.932252, 44.5174474], [11.9322982, 44.5175328], [11.9325106, 44.517531], [11.9325474, 44.5177023], [11.9327045, 44.5177506], [11.9328966, 44.5177011], [11.9329011, 44.5177906], [11.9326958, 44.5177524], [11.9326523, 44.5178422], [11.9329102, 44.5179708], [11.9329372, 44.5181368], [11.933125, 44.5181889], [11.9331666, 44.5180543], [11.9332917, 44.5180511], [11.9334218, 44.5181377], [11.9334407, 44.5182971], [11.9336513, 44.5183514], [11.933743, 44.5182687], [11.933661, 44.5179791], [11.9334134, 44.5179575], [11.9333818, 44.5177016], [11.9331485, 44.5176942], [11.933135, 44.5174249], [11.9332487, 44.5174018], [11.9332505, 44.517315], [11.9330048, 44.5173378], [11.9329732, 44.517082], [11.9327399, 44.5170746], [11.9324472, 44.5168198], [11.9322624, 44.5168204], [11.9322277, 44.5169077], [11.9319957, 44.516927], [11.9318597, 44.5170972], [11.9315336, 44.5171066], [11.9314872, 44.5171968], [11.9312553, 44.5172161], [11.9312404, 44.5172931], [11.9309027, 44.5173054], [11.930868, 44.5173927], [11.9306559, 44.5174018], [11.9306211, 44.5174891], [11.9301516, 44.517599], [11.9301275, 44.5176818], [11.9294173, 44.5177937], [11.9293825, 44.517881], [11.9291506, 44.5179003], [11.9291357, 44.5179774], [11.9288096, 44.5179868], [11.9287632, 44.5180769], [11.9285405, 44.5180904], [11.9285164, 44.5181733], [11.9281787, 44.5181856], [11.9281411, 44.5182732], [11.9274249, 44.5182506], [11.927399, 44.518472], [11.9269143, 44.5188446], [11.9265766, 44.5188569], [11.9265418, 44.5189442], [11.9263098, 44.5189635], [11.926295, 44.5190405], [11.9257176, 44.5190564], [11.9256712, 44.5191465], [11.9253228, 44.5191632], [11.9252987, 44.5192461], [11.9249609, 44.5192584], [11.9249262, 44.5193457], [11.9246942, 44.519365], [11.9246793, 44.519442], [11.9239691, 44.5195539], [11.9239343, 44.5196412], [11.9234648, 44.519751], [11.9234407, 44.5198339], [11.9231029, 44.5198461], [11.9230682, 44.5199334], [11.9228362, 44.5199528], [11.9228213, 44.5200298], [11.9224836, 44.5200421], [11.9224488, 44.5201293], [11.9222168, 44.5201487], [11.922202, 44.5202257], [11.9216245, 44.5202415], [11.9215781, 44.5203317], [11.9213461, 44.520351], [11.9213313, 44.520428], [11.9209935, 44.5204403], [11.9209588, 44.5205276], [11.9207268, 44.5205469], [11.9207119, 44.5206239], [11.9198328, 44.5206464], [11.9197026, 44.5205597], [11.9196855, 44.5203181], [11.9193031, 44.5201198], [11.9192663, 44.5199485], [11.9190428, 44.5199464], [11.9188574, 44.5197722], [11.9184055, 44.5197827], [11.9183502, 44.5196951], [11.9177727, 44.5197089], [11.9177293, 44.5196236], [11.9173912, 44.5196286], [11.9173478, 44.5195433], [11.9171353, 44.5195451]], [[11.9402667, 44.5215346], [11.9403887, 44.5215594], [11.940415, 44.5219809], [11.9407218, 44.5220456], [11.941001, 44.5219901], [11.9411549, 44.5218718], [11.9411178, 44.5217696], [11.9409055, 44.5218158], [11.940901, 44.5217263], [11.9411096, 44.5217638], [11.9413334, 44.5215862], [11.9411432, 44.5215396], [11.9410953, 44.5213644], [11.9405723, 44.5213296], [11.9402658, 44.5214023], [11.9402667, 44.5215346]], [[11.9334889, 44.5212001], [11.9333318, 44.5213269], [11.9333503, 44.5216226], [11.9336025, 44.5217341], [11.9337499, 44.5220624], [11.9338719, 44.5220873], [11.9338891, 44.5223289], [11.9340111, 44.5223537], [11.9341647, 44.5226897], [11.9344107, 44.5227936], [11.9346048, 44.5231922], [11.934787, 44.5231306], [11.9348018, 44.5230536], [11.9351279, 44.5230442], [11.9351743, 44.522954], [11.9353971, 44.5229405], [11.9355423, 44.5227645], [11.9357651, 44.522751], [11.9362664, 44.5223656], [11.9362655, 44.5222333], [11.9361001, 44.5221232], [11.9355107, 44.5221347], [11.9355016, 44.5219553], [11.936378, 44.5219326], [11.9364131, 44.5220141], [11.9366837, 44.5220578], [11.936888, 44.5220097], [11.9370182, 44.5220963], [11.9370399, 44.5224279], [11.9372921, 44.5225394], [11.9373048, 44.5226912], [11.9374945, 44.5228041], [11.9377803, 44.5227891], [11.9379256, 44.5226131], [11.9381377, 44.522604], [11.9381724, 44.5225168], [11.9387615, 44.522498], [11.9387962, 44.5224107], [11.9390282, 44.5223913], [11.9392853, 44.522128], [11.9394974, 44.5221189], [11.9395322, 44.5220316], [11.9397169, 44.5219923], [11.9396063, 44.5218964], [11.9394019, 44.5219445], [11.9392483, 44.5216086], [11.9390023, 44.5215047], [11.938967, 44.5209034], [11.938845, 44.5208786], [11.9388179, 44.5207126], [11.9385801, 44.5206153], [11.9384265, 44.5202794], [11.9380503, 44.5200888], [11.9379029, 44.5197605], [11.9377808, 44.5197357], [11.9377681, 44.5195839], [11.9376461, 44.5195591], [11.9376416, 44.5194696], [11.9377667, 44.5194664], [11.9379293, 44.5196344], [11.9381024, 44.5196367], [11.9381443, 44.5194566], [11.9382635, 44.5194256], [11.938251, 44.5192936], [11.938005, 44.5191898], [11.9379723, 44.5188897], [11.9374884, 44.518931], [11.9374843, 44.5188435], [11.9377266, 44.5186572], [11.9381505, 44.5187237], [11.9381418, 44.5183951], [11.9377456, 44.518484], [11.9376004, 44.51866], [11.9372239, 44.5186697], [11.937205, 44.5185104], [11.9369267, 44.518325], [11.9367117, 44.5182987], [11.9367113, 44.5184668], [11.9368374, 44.5185], [11.936842, 44.5185875], [11.9367167, 44.5185927], [11.9364564, 44.5184194], [11.9364375, 44.51826], [11.936135, 44.5181132], [11.9360735, 44.5182216], [11.9361955, 44.5182464], [11.9362225, 44.5184124], [11.9363302, 44.518423], [11.9363575, 44.5189601], [11.9361178, 44.5189885], [11.9361294, 44.5192182], [11.9371249, 44.5192128], [11.937255, 44.5192995], [11.9372739, 44.5194588], [11.9373897, 44.5194761], [11.9373988, 44.5196555], [11.936947, 44.5196682], [11.9369006, 44.5197583], [11.9366686, 44.5197777], [11.9366538, 44.5198547], [11.9364417, 44.5198638], [11.9362858, 44.5200442], [11.935807, 44.5201599], [11.9357967, 44.5203269], [11.9354706, 44.5203363], [11.9354242, 44.5204265], [11.9352122, 44.5204356], [11.9349351, 44.5207091], [11.9345974, 44.5207215], [11.9344415, 44.5209019], [11.9339826, 44.5210073], [11.9339478, 44.5210946], [11.9337357, 44.5211037], [11.933701, 44.521191], [11.9334889, 44.5212001]], [[11.938911, 44.5199068], [11.9384202, 44.5199445], [11.9384456, 44.5202389], [11.9386049, 44.5203414], [11.9387893, 44.5203325], [11.9389357, 44.5202101], [11.938911, 44.5199068]], [[11.9355198, 44.5258446], [11.9355931, 44.5260739], [11.9358392, 44.5261778], [11.9359866, 44.5265061], [11.9361086, 44.526531], [11.936115, 44.5268899], [11.93635, 44.5268771], [11.9367376, 44.5265148], [11.9370754, 44.5265025], [11.9372312, 44.526322], [11.937454, 44.5263085], [11.9376592, 44.5260921], [11.9372475, 44.5259204], [11.9372216, 44.5261418], [11.9370965, 44.526145], [11.9370805, 44.5260313], [11.9369956, 44.5260188], [11.9368465, 44.5260894], [11.9368536, 44.5263313], [11.9366415, 44.5263404], [11.9366068, 44.5264277], [11.9362348, 44.5265273], [11.936347, 44.5262548], [11.9366954, 44.526238], [11.9367051, 44.5260853], [11.9364636, 44.5260713], [11.9364365, 44.5259053], [11.9362855, 44.5258094], [11.936073, 44.5258113], [11.9360177, 44.5257237], [11.9357195, 44.5257381], [11.9356954, 44.525821], [11.9355198, 44.5258446]], [[11.9334215, 44.5185909], [11.9334923, 44.5187625], [11.9337801, 44.5187576], [11.9338265, 44.5186675], [11.9340585, 44.5186481], [11.9340733, 44.5185711], [11.934296, 44.5185576], [11.9348047, 44.5181022], [11.9350274, 44.5180887], [11.9351727, 44.5179127], [11.9353847, 44.5179036], [11.9354195, 44.5178163], [11.9356702, 44.5178098], [11.9359531, 44.5180593], [11.9361521, 44.5181082], [11.9361726, 44.5179968], [11.9359266, 44.5178929], [11.9359176, 44.5177135], [11.9360427, 44.5177102], [11.9363031, 44.5178836], [11.936322, 44.5180429], [11.9365905, 44.5182229], [11.9368234, 44.5182386], [11.9368018, 44.5181538], [11.936564, 44.5180565], [11.9365451, 44.5178972], [11.9362991, 44.5177933], [11.9362864, 44.5176415], [11.9361644, 44.5176167], [11.9361328, 44.5173608], [11.935529, 44.5171521], [11.935662, 44.5174297], [11.935908, 44.5175336], [11.9359125, 44.5176232], [11.9357874, 44.5176264], [11.935527, 44.517453], [11.9355, 44.5172871], [11.935132, 44.5171031], [11.9351131, 44.5169437], [11.9348671, 44.5168398], [11.9348544, 44.5166881], [11.9347324, 44.5166632], [11.9347054, 44.5164973], [11.9344675, 44.5164], [11.9344487, 44.5162406], [11.9342072, 44.5162266], [11.9341883, 44.5160673], [11.934016, 44.5160071], [11.9339635, 44.5162953], [11.9343459, 44.5164935], [11.9343729, 44.5166595], [11.9347409, 44.5168435], [11.934768, 44.5170094], [11.935136, 44.5171934], [11.935154, 44.5175526], [11.9349313, 44.5175662], [11.9346649, 44.5178353], [11.9344422, 44.5178488], [11.934297, 44.5180248], [11.9340742, 44.5180383], [11.9340547, 44.5182111], [11.9337609, 44.5182313], [11.9338124, 44.5183974], [11.933562, 44.5183955], [11.9336957, 44.5185804], [11.9334215, 44.5185909]], [[11.9367898, 44.5267867], [11.9367078, 44.5269466], [11.9368466, 44.5269585], [11.936935, 44.5268058], [11.9367898, 44.5267867]], [[11.9365258, 44.5276593], [11.9363796, 44.5277717], [11.9365301, 44.5277671], [11.9365258, 44.5276593]], [[11.9352829, 44.5168784], [11.9353157, 44.5170085], [11.9354696, 44.5170455], [11.9354963, 44.5169417], [11.9352829, 44.5168784]], [[11.9352069, 44.5230506], [11.9350636, 44.5231645], [11.935076, 44.5232964], [11.9353928, 44.5233074], [11.9356201, 44.523073], [11.9354843, 44.5229911], [11.9352069, 44.5230506]], [[11.9350181, 44.5166152], [11.9350508, 44.5167453], [11.9352047, 44.5167822], [11.9352314, 44.5166784], [11.9350181, 44.5166152]], [[11.9330467, 44.525673], [11.9331728, 44.5257062], [11.9332232, 44.5261473], [11.9333925, 44.5261953], [11.9337851, 44.526137], [11.9338198, 44.5260497], [11.9340678, 44.5260431], [11.9341029, 44.5261246], [11.9342639, 44.5261281], [11.9343225, 44.5260368], [11.9345453, 44.5260232], [11.9348043, 44.5258241], [11.9347981, 44.5254844], [11.9349233, 44.5254812], [11.93499, 44.5256142], [11.9351603, 44.5255517], [11.9351752, 44.5254747], [11.9354175, 44.5254926], [11.9354822, 44.525336], [11.9354039, 44.5250187], [11.9355177, 44.5249955], [11.9355169, 44.5248633], [11.9353949, 44.5248385], [11.9352413, 44.5245025], [11.9349952, 44.5243986], [11.9349764, 44.5242393], [11.934698, 44.5240539], [11.9345409, 44.5240056], [11.9341361, 44.5240642], [11.9338571, 44.524293], [11.9340175, 44.5248908], [11.9342632, 44.524868], [11.9342804, 44.5251096], [11.9345327, 44.5252211], [11.9346719, 44.5254872], [11.9342909, 44.525407], [11.9342638, 44.525241], [11.9338634, 44.5249756], [11.9336903, 44.5249734], [11.9336484, 44.5251534], [11.9333106, 44.5251657], [11.9330409, 44.5253693], [11.9330467, 44.525673]], [[11.9337392, 44.5157438], [11.9337491, 44.5158785], [11.9339755, 44.5160017], [11.9340641, 44.5159771], [11.9340455, 44.5158841], [11.9337392, 44.5157438]], [[11.9323118, 44.523035], [11.9321646, 44.5231662], [11.9323566, 44.5234755], [11.9326442, 44.5234656], [11.9329224, 44.5232456], [11.9327312, 44.5229275], [11.9323118, 44.523035]], [[11.9310432, 44.5226133], [11.9309612, 44.5228583], [11.9312153, 44.5230556], [11.9315012, 44.5230406], [11.9317696, 44.5228163], [11.9317532, 44.5227017], [11.9315698, 44.5225963], [11.9310432, 44.5226133]], [[11.9295208, 44.5160804], [11.9295805, 44.5162481], [11.9297654, 44.5162475], [11.9297919, 44.516098], [11.9295208, 44.5160804]], [[11.929296, 44.5251763], [11.9291978, 44.5253342], [11.9293376, 44.5253975], [11.9295595, 44.525203], [11.929296, 44.5251763]], [[11.928811, 44.523485], [11.9286677, 44.5235989], [11.9286846, 44.5238207], [11.9290014, 44.5238317], [11.9293503, 44.5235064], [11.9290885, 44.5234255], [11.928811, 44.523485]], [[11.9293432, 44.5249631], [11.9291969, 44.5250755], [11.9293475, 44.5250709], [11.9293432, 44.5249631]], [[11.9279919, 44.5237874], [11.9281013, 44.5239895], [11.9286788, 44.5239394], [11.9286573, 44.5238546], [11.9285496, 44.523844], [11.9285226, 44.523678], [11.9282328, 44.5236277], [11.9281675, 44.5237638], [11.9279919, 44.5237874]], [[11.9275802, 44.5282355], [11.9273993, 44.5283049], [11.9273962, 44.5284288], [11.9275222, 44.528462], [11.9275354, 44.5286953], [11.9276614, 44.5287285], [11.9276803, 44.5288879], [11.9278395, 44.5289904], [11.928052, 44.5289886], [11.9280708, 44.5291479], [11.9284794, 44.52942], [11.9288044, 44.5294558], [11.9288165, 44.5292666], [11.9286945, 44.5292418], [11.9286711, 44.5289925], [11.9285553, 44.5289753], [11.9285936, 44.5287233], [11.928416, 44.5287088], [11.9283972, 44.5285494], [11.9279886, 44.5282774], [11.9275802, 44.5282355]], [[11.9278053, 44.5260163], [11.9280269, 44.5259732], [11.9280544, 44.5258446], [11.9277804, 44.5258645], [11.9278053, 44.5260163]], [[11.9270365, 44.5225327], [11.9270402, 44.5226675], [11.9271642, 44.5225722], [11.9270365, 44.5225327]], [[11.9252991, 44.5285223], [11.9251451, 44.5286406], [11.9251558, 44.5288548], [11.9255382, 44.5290531], [11.925598, 44.5292305], [11.9260113, 44.5292174], [11.9261672, 44.5290369], [11.9263992, 44.5290176], [11.9266564, 44.5287543], [11.9269045, 44.5287115], [11.9268844, 44.5284982], [11.9264529, 44.52822], [11.9262804, 44.5282312], [11.9262563, 44.5283141], [11.9256671, 44.5283328], [11.9255112, 44.5285132], [11.9252991, 44.5285223]], [[11.9213109, 44.5169712], [11.9213537, 44.5170967], [11.9214878, 44.5171381], [11.9217652, 44.5170786], [11.9217734, 44.5168816], [11.9215615, 44.516919], [11.9215374, 44.5170018], [11.9213109, 44.5169712]], [[11.9207649, 44.5190646], [11.920884, 44.5190893], [11.9209347, 44.5192646], [11.9213926, 44.5192286], [11.9213864, 44.5191042], [11.921221, 44.5189941], [11.9207916, 44.5189607], [11.9207649, 44.5190646]], [[11.9191177, 44.5188366], [11.9193569, 44.5188826], [11.9193614, 44.5187684], [11.9194806, 44.5187373], [11.9194541, 44.5186391], [11.9191141, 44.5186602], [11.9191177, 44.5188366]], [[11.9192969, 44.5192234], [11.9192148, 44.5193832], [11.9193536, 44.5193951], [11.919442, 44.5192425], [11.9192969, 44.5192234]]]}}, {"type": "Feature", "properties": {"flooded": true, "source": "satellite", "area_m2": 43156.0}, "geometry": {"type": "Polygon", "coordinates": [[[11.9397198, 44.5307588], [11.9397062, 44.5304894], [11.9399485, 44.5303032], [11.9401713, 44.5302896], [11.9403166, 44.5301136], [11.9407862, 44.5300037], [11.9408103, 44.5299209], [11.9413125, 44.5299079], [11.9414427, 44.5299946], [11.9414616, 44.5301539], [11.9417076, 44.5302578], [11.9417265, 44.5304172], [11.9421028, 44.5306077], [11.9421217, 44.5307671], [11.9423678, 44.530871], [11.9423867, 44.5310303], [11.9426328, 44.5311342], [11.9426517, 44.5312936], [11.9428977, 44.5313975], [11.9429105, 44.5315492], [11.9430325, 44.531574], [11.9430461, 44.5318434], [11.9428233, 44.5318569], [11.9426781, 44.5320329], [11.9424553, 44.5320464], [11.94231, 44.5322224], [11.9420979, 44.5322315], [11.9420632, 44.5323188], [11.9413141, 44.5324282], [11.9412952, 44.5322688], [11.9410537, 44.5322548], [11.9409234, 44.5321682], [11.9409107, 44.5320164], [11.9406585, 44.5319049], [11.9406396, 44.5317456], [11.9403935, 44.5316417], [11.940246, 44.5313134], [11.940124, 44.5312885], [11.9401108, 44.5310552], [11.9399847, 44.531022], [11.939972, 44.5308703], [11.9397198, 44.5307588]]]}}, {"type": "Feature", "properties": {"flooded": true, "source": "satellite", "area_m2": 8299.2}, "geometry": {"type": "Polygon", "coordinates": [[[11.9403189, 44.5251618], [11.9403099, 44.5249824], [11.9405326, 44.5249689], [11.940799, 44.5246997], [11.9409241, 44.5246965], [11.9409368, 44.5248482], [11.9410589, 44.5248731], [11.9410065, 44.5250223], [11.9411981, 44.5251396], [11.941149, 44.5252944], [11.9414631, 44.5254028], [11.9414107, 44.5255521], [11.9417325, 44.5257559], [11.9418763, 44.5261119], [11.9416497, 44.5260813], [11.9416295, 44.5262083], [11.9414067, 44.5262219], [11.9412615, 44.5263979], [11.9410062, 44.5263144], [11.9408525, 44.5259785], [11.9406065, 44.5258746], [11.9405794, 44.5257086], [11.9403416, 44.5256114], [11.9403325, 44.5254319], [11.9405645, 44.5254126], [11.9406349, 44.5251967], [11.9403189, 44.5251618]], [[11.9416021, 44.5258691], [11.941364, 44.5258386], [11.941408, 44.5260308], [11.9416145, 44.5260011], [11.9416021, 44.5258691]], [[11.9411033, 44.5256542], [11.9412576, 44.5257604], [11.9414727, 44.5257868], [11.9414592, 44.525686], [11.94113, 44.5255503], [11.9411033, 44.5256542]], [[11.9405966, 44.5256588], [11.9407226, 44.525692], [11.9407353, 44.5258437], [11.9409875, 44.5259552], [11.9410064, 44.5261146], [11.9411657, 44.5262171], [11.9413501, 44.5262081], [11.94137, 44.5260714], [11.9412439, 44.5260382], [11.941225, 44.5258789], [11.940979, 44.525775], [11.9409519, 44.525609], [11.9406339, 44.5254703], [11.9405966, 44.5256588]], [[11.9408383, 44.5253909], [11.9409927, 44.5254972], [11.9412078, 44.5255235], [11.9411942, 44.5254227], [11.940865, 44.5252871], [11.9408383, 44.5253909]]]}}, {"type": "Feature", "properties": {"flooded": true, "source": "satellite", "area_m2": 10086.4}, "geometry": {"type": "Polygon", "coordinates": [[[11.9382182, 44.558435], [11.9382137, 44.5583455], [11.9383201, 44.5583293], [11.9383304, 44.5581624], [11.9384496, 44.5581313], [11.9384471, 44.5579793], [11.9386821, 44.5578631], [11.9386878, 44.5577029], [11.9389404, 44.5577866], [11.9389773, 44.5579579], [11.9393267, 44.5579567], [11.9393395, 44.5581084], [11.9394939, 44.5582147], [11.9399695, 44.5582122], [11.9399736, 44.5582997], [11.9398512, 44.5583393], [11.9398614, 44.5585727], [11.9397476, 44.5585958], [11.9397447, 44.5587557], [11.9396207, 44.5588492], [11.9392468, 44.5588586], [11.9392034, 44.5587733], [11.9388651, 44.5587784], [11.9388216, 44.5586931], [11.938609, 44.558695], [11.9382182, 44.558435]]]}}, {"type": "Feature", "properties": {"flooded": true, "source": "satellite", "area_m2": 82422.0}, "geometry": {"type": "Polygon", "coordinates": [[[11.9276804, 44.5090122], [11.9276669, 44.5087429], [11.9280155, 44.5085405], [11.9280258, 44.5083736], [11.9282681, 44.5081873], [11.9286164, 44.5081706], [11.928636, 44.5079978], [11.9287572, 44.5079047], [11.9289799, 44.5078912], [11.9290039, 44.5078083], [11.9294556, 44.5077957], [11.9295048, 44.5077052], [11.9310091, 44.5076668], [11.9312694, 44.5078402], [11.9312821, 44.5079919], [11.9314266, 44.5080928], [11.9315934, 44.5081465], [11.9317855, 44.508097], [11.9317348, 44.5083276], [11.931824, 44.5084007], [11.9320504, 44.5083603], [11.9320548, 44.5084498], [11.9318496, 44.5084115], [11.9318061, 44.5085014], [11.9320639, 44.50863], [11.9320811, 44.5088716], [11.9322031, 44.5088965], [11.9320946, 44.5091414], [11.9322166, 44.5091662], [11.9322436, 44.5093322], [11.9327417, 44.5096029], [11.9327462, 44.5096924], [11.9323699, 44.509702], [11.9323465, 44.5094528], [11.932105, 44.5094388], [11.9320616, 44.5093535], [11.9316366, 44.5093644], [11.9314808, 44.5095448], [11.9312413, 44.5095712], [11.9311783, 44.5097734], [11.9312475, 44.5099109], [11.9311244, 44.5099593], [11.9311743, 44.5101796], [11.9315078, 44.5100847], [11.9313954, 44.5103212], [11.9315214, 44.5103544], [11.9315484, 44.5105204], [11.931656, 44.510531], [11.9316696, 44.5108003], [11.931461, 44.5107628], [11.9312971, 44.5108999], [11.9309252, 44.5109995], [11.9309207, 44.51091], [11.9310431, 44.5108704], [11.9310247, 44.5105748], [11.9309027, 44.51055], [11.9308838, 44.5103906], [11.9304852, 44.5101239], [11.9303145, 44.5101151], [11.9302559, 44.5102065], [11.9300332, 44.51022], [11.9297742, 44.5104191], [11.9297755, 44.5106329], [11.9299015, 44.5106661], [11.9299107, 44.5108435], [11.9297854, 44.5108487], [11.9296552, 44.510762], [11.9296364, 44.5106027], [11.9293581, 44.5104173], [11.9291346, 44.5104153], [11.9289574, 44.5102869], [11.9287532, 44.5103351], [11.9288056, 44.5101858], [11.928614, 44.5100686], [11.9286008, 44.5098353], [11.9284523, 44.509726], [11.9282855, 44.5096723], [11.9280934, 44.5097218], [11.9280889, 44.5096323], [11.9282942, 44.5096706], [11.928336, 44.509572], [11.9280799, 44.5094521], [11.9280528, 44.5092861], [11.9278151, 44.5091888], [11.9278024, 44.5090371], [11.9276804, 44.5090122]]]}}, {"type": "Feature", "properties": {"flooded": true, "source": "satellite", "area_m2": 116226.6}, "geometry": {"type": "Polygon", "coordinates": [[[11.9271602, 44.5337824], [11.9270165, 44.5334264], [11.9271377, 44.5333332], [11.9273605, 44.5333197], [11.9273846, 44.5332369], [11.9276074, 44.5332234], [11.9276343, 44.5331402], [11.9278823, 44.5331341], [11.9283321, 44.5334372], [11.928622, 44.5333774], [11.928646, 44.5332945], [11.9288781, 44.5332752], [11.9289402, 44.5331256], [11.928637, 44.5331143], [11.928686, 44.5328775], [11.9284978, 44.5328478], [11.9286536, 44.5325863], [11.9284089, 44.5325811], [11.9283625, 44.5326712], [11.9282402, 44.5326746], [11.928194, 44.5325892], [11.9279815, 44.532591], [11.9280305, 44.5323542], [11.9278422, 44.5323245], [11.9278333, 44.5321451], [11.928056, 44.5321316], [11.9280759, 44.5319948], [11.9276985, 44.5319681], [11.9276895, 44.5317886], [11.9280473, 44.5317661], [11.9280576, 44.5315992], [11.9284211, 44.5313198], [11.9289234, 44.5313069], [11.9291128, 44.5314366], [11.9293049, 44.5313871], [11.9293238, 44.5315465], [11.9295699, 44.5316504], [11.9295879, 44.5320096], [11.9294741, 44.5320327], [11.9294749, 44.532165], [11.9297271, 44.5322765], [11.9297398, 44.5324282], [11.9298622, 44.5324551], [11.9298217, 44.5327878], [11.9301358, 44.5328962], [11.930153, 44.5331378], [11.930275, 44.5331627], [11.9302412, 44.5335046], [11.9303801, 44.5335165], [11.9304148, 44.5334292], [11.9305371, 44.5334258], [11.9305723, 44.5335074], [11.9307572, 44.5335068], [11.9307919, 44.5334195], [11.9312616, 44.5333096], [11.9315132, 44.5331175], [11.9315883, 44.5329981], [11.9315058, 44.532627], [11.9313797, 44.5325938], [11.9313429, 44.5324224], [11.9311193, 44.5324204], [11.9311103, 44.532241], [11.9313538, 44.5321445], [11.9314, 44.5322299], [11.9316125, 44.5322281], [11.9316314, 44.5323874], [11.9318775, 44.5324913], [11.9318392, 44.5327433], [11.931978, 44.5327552], [11.9320128, 44.5326679], [11.9321379, 44.5326647], [11.9321469, 44.5328441], [11.9320406, 44.5328602], [11.9319678, 44.5329946], [11.932156, 44.5330243], [11.9321686, 44.5331761], [11.9322907, 44.5332009], [11.9323079, 44.5334426], [11.9324299, 44.5334674], [11.9323826, 44.5336247], [11.9325692, 44.5337339], [11.9325881, 44.5338933], [11.9328341, 44.5339972], [11.932853, 44.5341565], [11.9330991, 44.5342604], [11.933118, 44.5344198], [11.9334942, 44.5346104], [11.933638, 44.5349664], [11.9331683, 44.5350763], [11.933023, 44.5352523], [11.9328002, 44.5352658], [11.932655, 44.5354418], [11.9324322, 44.5354553], [11.9322869, 44.5356313], [11.9320641, 44.5356448], [11.9319188, 44.5358208], [11.9314598, 44.5359262], [11.9313039, 44.5361067], [11.9311787, 44.5361099], [11.9306255, 44.5356818], [11.9302762, 44.5356829], [11.9302439, 44.5356015], [11.9300203, 44.5355995], [11.9297599, 44.5354261], [11.9296125, 44.5350978], [11.9294904, 44.5350729], [11.9294777, 44.5349212], [11.9293557, 44.5348964], [11.9291993, 44.5343882], [11.9290772, 44.5343634], [11.9290502, 44.5341974], [11.9289425, 44.5341868], [11.9290567, 44.533959], [11.9289065, 44.533841], [11.9286731, 44.5338336], [11.9284753, 44.5336588], [11.928315, 44.5336705], [11.9282909, 44.5337534], [11.9279531, 44.5337657], [11.9279183, 44.5338529], [11.9274161, 44.5338658], [11.9273727, 44.5337805], [11.9271602, 44.5337824]], [[11.9317514, 44.5329477], [11.9318736, 44.5330711], [11.9319588, 44.5329655], [11.9317514, 44.5329477]], [[11.9300764, 44.5334411], [11.9299944, 44.5336009], [11.9301332, 44.5336128], [11.9302216, 44.5334602], [11.9300764, 44.5334411]], [[11.9298295, 44.5335374], [11.9297475, 44.5336973], [11.9298863, 44.5337092], [11.9299747, 44.5335566], [11.9298295, 44.5335374]], [[11.9294615, 44.5337269], [11.9293794, 44.5338868], [11.9295182, 44.5338987], [11.9296066, 44.5337461], [11.9294615, 44.5337269]], [[11.9290483, 44.5330174], [11.9289662, 44.5331772], [11.9291051, 44.5331891], [11.9291935, 44.5330365], [11.9290483, 44.5330174]]]}}, {"type": "Feature", "properties": {"flooded": true, "source": "satellite", "area_m2": 42143.6}, "geometry": {"type": "Polygon", "coordinates": [[[11.9096266, 44.5733914], [11.9097434, 44.5732088], [11.9103331, 44.5731901], [11.9103679, 44.5731028], [11.9114965, 44.5730738], [11.9115547, 44.5731615], [11.9121328, 44.5731478], [11.9121651, 44.5732292], [11.9123888, 44.5732313], [11.9124212, 44.5733127], [11.9128383, 44.5733997], [11.912897, 44.5733083], [11.9134867, 44.5732897], [11.9135214, 44.5732024], [11.9144768, 44.5731769], [11.914526, 44.5730865], [11.9149803, 44.5731186], [11.9150219, 44.572984], [11.9156043, 44.5730581], [11.9156508, 44.572968], [11.9159995, 44.5729513], [11.9160236, 44.5728684], [11.9163617, 44.5728561], [11.9163965, 44.5727688], [11.9167346, 44.5727566], [11.9167693, 44.5726693], [11.9172332, 44.5726538], [11.917268, 44.5725665], [11.9175002, 44.5725472], [11.917515, 44.5724702], [11.918226, 44.5723584], [11.9182607, 44.5722711], [11.9187246, 44.5722556], [11.9187594, 44.5721683], [11.9201396, 44.5721328], [11.9202101, 44.572221], [11.9219832, 44.5721747], [11.9220297, 44.5720846], [11.9223784, 44.5720679], [11.9224025, 44.571985], [11.9227406, 44.5719727], [11.9227753, 44.5718855], [11.9231134, 44.5718732], [11.9231482, 44.5717859], [11.9239894, 44.5717607], [11.9240241, 44.5716734], [11.9244941, 44.5715636], [11.9245182, 44.5714807], [11.9248563, 44.5714684], [11.9248911, 44.5713811], [11.9253549, 44.5713656], [11.9253897, 44.5712783], [11.9256219, 44.571259], [11.9256367, 44.571182], [11.9263908, 44.5711626], [11.9264343, 44.5712479], [11.9267101, 44.5712443], [11.9267687, 44.5711529], [11.9277118, 44.5711285], [11.9277704, 44.5710372], [11.928273, 44.5710243], [11.9283283, 44.5711119], [11.9289064, 44.5710981], [11.9289618, 44.5711856], [11.9295398, 44.5711719], [11.9295832, 44.5712571], [11.9299217, 44.5712521], [11.9299652, 44.5713817], [11.9301777, 44.5713355], [11.9302101, 44.5714169], [11.9304338, 44.571419], [11.9304892, 44.5715065], [11.9308157, 44.5714992], [11.930871, 44.5715867], [11.931638, 44.5715679], [11.9316967, 44.5714766], [11.9322746, 44.5714606], [11.932321, 44.5713705], [11.9327849, 44.5713549], [11.9329409, 44.5711745], [11.9335188, 44.5711586], [11.9335652, 44.5710684], [11.9339033, 44.5710561], [11.9339381, 44.5709688], [11.9341702, 44.5709495], [11.9341851, 44.5708725], [11.9349392, 44.5708531], [11.9349437, 44.5709426], [11.9344844, 44.571048], [11.9344496, 44.5711353], [11.9337343, 44.5711573], [11.9335782, 44.5713378], [11.9331144, 44.5713533], [11.9330797, 44.5714406], [11.9328475, 44.57146], [11.9328326, 44.571537], [11.9321218, 44.5716489], [11.932087, 44.5717362], [11.9310813, 44.571762], [11.9310259, 44.5716745], [11.9305737, 44.5716851], [11.9305183, 44.5715975], [11.930066, 44.5716081], [11.9300337, 44.5715267], [11.9296842, 44.5715278], [11.9296407, 44.5714426], [11.9293023, 44.5714476], [11.9292798, 44.5713716], [11.9290463, 44.5713642], [11.9289909, 44.5712766], [11.9281641, 44.571297], [11.9281059, 44.5712093], [11.9274647, 44.5712249], [11.9274061, 44.5713162], [11.9259599, 44.5713535], [11.9259012, 44.5714449], [11.9251975, 44.571464], [11.9251511, 44.5715541], [11.9249189, 44.5715734], [11.924904, 44.5716505], [11.9246811, 44.571664], [11.924657, 44.5717468], [11.924434, 44.5717603], [11.9244099, 44.5718432], [11.924187, 44.5718567], [11.9241629, 44.5719395], [11.9234591, 44.5719586], [11.9234127, 44.5720488], [11.923064, 44.5720655], [11.9230399, 44.5721484], [11.9224502, 44.5721671], [11.9224155, 44.5722544], [11.9209693, 44.5722916], [11.9209078, 44.5723832], [11.9202822, 44.572399], [11.9202146, 44.5723109], [11.9199049, 44.5724087], [11.9198725, 44.5723272], [11.9197114, 44.5723238], [11.91965, 44.5724154], [11.9181943, 44.5724535], [11.9181479, 44.5725436], [11.9179157, 44.5725629], [11.9179008, 44.57264], [11.9175744, 44.5726494], [11.917528, 44.5727395], [11.9171792, 44.5727562], [11.9171551, 44.5728391], [11.9166913, 44.5728546], [11.9166565, 44.5729419], [11.9164243, 44.5729612], [11.9164094, 44.5730382], [11.9160713, 44.5730505], [11.9159153, 44.5732309], [11.914469, 44.573268], [11.9144104, 44.5733593], [11.9135808, 44.5733816], [11.9135344, 44.5734717], [11.9122799, 44.573504], [11.9122336, 44.5734185], [11.9117694, 44.5734268], [11.9117371, 44.5733453], [11.9115134, 44.5733433], [11.911458, 44.5732557], [11.9111315, 44.573263], [11.9110762, 44.5731754], [11.9105485, 44.5731889], [11.910502, 44.573279], [11.9102791, 44.5732925], [11.9102522, 44.5733756], [11.9096266, 44.5733914]]]}}, {"type": "Feature", "properties": {"flooded": true, "source": "satellite", "area_m2": 130280.9}, "geometry": {"type": "Polygon", "coordinates": [[[11.9241611, 44.4990197], [11.9242777, 44.498837], [11.9249922, 44.4988151], [11.9251461, 44.4986967], [11.9251436, 44.4985447], [11.9253858, 44.4983585], [11.9258645, 44.4982428], [11.9258711, 44.4981036], [11.9257492, 44.4980787], [11.9257267, 44.4976295], [11.926075, 44.4976128], [11.9260946, 44.4974401], [11.9262196, 44.4974369], [11.9267954, 44.4978712], [11.9272084, 44.497858], [11.9272386, 44.4976808], [11.9273637, 44.4976776], [11.927396, 44.497759], [11.9276194, 44.4977611], [11.9276518, 44.4978425], [11.9278752, 44.4978445], [11.9280053, 44.4979312], [11.928018, 44.4980829], [11.9282701, 44.4981945], [11.9284236, 44.4985304], [11.9286695, 44.4986344], [11.9286965, 44.4988003], [11.9289342, 44.4988976], [11.9289531, 44.499057], [11.9293291, 44.4992476], [11.929348, 44.499407], [11.9298541, 44.4996843], [11.929873, 44.4998436], [11.9301189, 44.4999475], [11.9302625, 44.5003035], [11.9300203, 44.5004898], [11.9296826, 44.5005021], [11.9296479, 44.5005894], [11.9294359, 44.5005985], [11.9294012, 44.5006858], [11.9291892, 44.5006948], [11.9291544, 44.5007821], [11.9289424, 44.5007912], [11.9289077, 44.5008785], [11.9286957, 44.5008875], [11.9286609, 44.5009748], [11.9284489, 44.5009839], [11.9284142, 44.5010712], [11.9282022, 44.5010803], [11.9281674, 44.5011676], [11.9279554, 44.5011766], [11.9279207, 44.5012639], [11.9277087, 44.501273], [11.9276739, 44.5013603], [11.9272045, 44.5014701], [11.9271804, 44.501553], [11.9269684, 44.501562], [11.9268125, 44.5017425], [11.9266005, 44.5017515], [11.9265658, 44.5018388], [11.9261894, 44.5018485], [11.9261706, 44.5016891], [11.9259247, 44.5015852], [11.925912, 44.5014334], [11.9256599, 44.5013219], [11.9255064, 44.5009859], [11.9252605, 44.500882], [11.9252479, 44.5007303], [11.9251259, 44.5007054], [11.9251124, 44.5004361], [11.9252262, 44.500413], [11.9252254, 44.5002807], [11.9251034, 44.5002559], [11.9250908, 44.5001041], [11.9249688, 44.5000793], [11.9248153, 44.4997433], [11.9245694, 44.4996394], [11.9245568, 44.4994876], [11.9244348, 44.4994628], [11.9244078, 44.4992968], [11.9243002, 44.4992862], [11.924287, 44.4990529], [11.9241611, 44.4990197]]]}}, {"type": "Feature", "properties": {"flooded": true, "source": "satellite", "area_m2": 76569.4}, "geometry": {"type": "Polygon", "coordinates": [[[11.9257065, 44.5123037], [11.925693, 44.5120344], [11.9259353, 44.5118481], [11.9261673, 44.5118288], [11.9264244, 44.5115655], [11.9266365, 44.5115565], [11.9266712, 44.5114692], [11.9268833, 44.5114601], [11.926918, 44.5113728], [11.9273875, 44.511263], [11.9276539, 44.5109938], [11.9278766, 44.5109803], [11.9280218, 44.5108044], [11.928645, 44.5106983], [11.9290355, 44.5109584], [11.9290625, 44.5111244], [11.9293003, 44.5112217], [11.9293192, 44.511381], [11.9295651, 44.5114849], [11.9295823, 44.5117266], [11.9297043, 44.5117514], [11.929717, 44.5119032], [11.929839, 44.511928], [11.9299925, 44.512264], [11.9301083, 44.5122812], [11.9301308, 44.5127304], [11.9297674, 44.5130098], [11.9295354, 44.5130291], [11.929036, 44.5134787], [11.9287852, 44.5134851], [11.9287529, 44.5134037], [11.9285294, 44.5134017], [11.9283523, 44.5132733], [11.9280503, 44.5133317], [11.9279039, 44.5134541], [11.9279276, 44.5139572], [11.9276016, 44.5139667], [11.9275552, 44.5140568], [11.9274301, 44.51406], [11.9273867, 44.5139747], [11.9271743, 44.5139766], [11.9272295, 44.5138359], [11.9271403, 44.5137628], [11.9269139, 44.5138032], [11.9268878, 44.5133817], [11.9266356, 44.5132702], [11.9266086, 44.5131042], [11.9263753, 44.5130968], [11.9263626, 44.5129451], [11.9262406, 44.5129202], [11.9260871, 44.5125843], [11.9258412, 44.5124803], [11.9258285, 44.5123286], [11.9257065, 44.5123037]]]}}, {"type": "Feature", "properties": {"flooded": true, "source": "satellite", "area_m2": 7805.6}, "geometry": {"type": "Polygon", "coordinates": [[[11.9269514, 44.4969676], [11.9269334, 44.4966083], [11.9273921, 44.4965029], [11.9274268, 44.4964156], [11.9279333, 44.4964927], [11.9280904, 44.4971184], [11.9278784, 44.4971275], [11.9277245, 44.4972458], [11.9277405, 44.4976675], [11.9276155, 44.4976707], [11.9275787, 44.4974994], [11.9273552, 44.4974974], [11.9272251, 44.4974107], [11.9272124, 44.4972589], [11.9270905, 44.4972341], [11.9270733, 44.4969924], [11.9269514, 44.4969676]]]}}, {"type": "Feature", "properties": {"flooded": true, "source": "satellite", "area_m2": 179230.0}, "geometry": {"type": "Polygon", "coordinates": [[[11.9188805, 44.5015855], [11.9187414, 44.5013194], [11.9188605, 44.5012884], [11.918858, 44.5011364], [11.9190807, 44.5011229], [11.9194534, 44.5008377], [11.9195238, 44.5006218], [11.9193723, 44.5005863], [11.9193375, 44.5006736], [11.9191056, 44.5006929], [11.9190907, 44.5007699], [11.9189657, 44.5007731], [11.9189612, 44.5006836], [11.9195669, 44.500218], [11.9197988, 44.5001987], [11.9199348, 44.5000285], [11.9204367, 44.5000157], [11.9203243, 44.5002522], [11.9205758, 44.5002822], [11.9206237, 44.5004574], [11.9210873, 44.5004491], [11.9212608, 44.5006211], [11.9216619, 44.5006143], [11.9220819, 44.5003057], [11.9220704, 44.4999739], [11.9221896, 44.4999428], [11.9221871, 44.4997908], [11.9226935, 44.4998679], [11.9229537, 44.5000413], [11.9229664, 44.500193], [11.9231109, 44.5002939], [11.9234455, 44.5003352], [11.9234514, 44.5001383], [11.92321, 44.5001243], [11.9231974, 44.4999726], [11.9230754, 44.4999477], [11.9230664, 44.4997683], [11.9231915, 44.4997651], [11.9232104, 44.4999245], [11.9235864, 44.5001151], [11.9237398, 44.500451], [11.9239857, 44.500555], [11.9239947, 44.5007344], [11.9237784, 44.5006992], [11.9237578, 44.5008107], [11.9241786, 44.5010425], [11.9242559, 44.5009442], [11.9241299, 44.500911], [11.9241254, 44.5008215], [11.9243806, 44.500905], [11.9243995, 44.5010643], [11.9246454, 44.5011682], [11.924658, 44.50132], [11.92478, 44.5013448], [11.9247444, 44.5015992], [11.9248527, 44.5016577], [11.9250447, 44.5016081], [11.9250636, 44.5017675], [11.925305, 44.5017815], [11.9253177, 44.5019333], [11.9255698, 44.5020448], [11.9255886, 44.5022042], [11.9258345, 44.5023081], [11.9258435, 44.5024875], [11.9256383, 44.5024492], [11.9255948, 44.5025391], [11.9257224, 44.502581], [11.9257356, 44.5028143], [11.9258615, 44.5028475], [11.925866, 44.5029371], [11.9257449, 44.5030302], [11.925513, 44.5030495], [11.9253233, 44.503285], [11.9254685, 44.5033041], [11.9255032, 44.5032168], [11.9257351, 44.5031975], [11.92575, 44.5031205], [11.9260007, 44.5031141], [11.9261308, 44.5032007], [11.9261443, 44.5034701], [11.9260231, 44.5035632], [11.9258005, 44.5035767], [11.9257764, 44.5036596], [11.9255537, 44.503673], [11.9255296, 44.5037559], [11.9251813, 44.5037726], [11.9251617, 44.5039454], [11.9246772, 44.5043179], [11.9242077, 44.5044277], [11.9240625, 44.5046037], [11.9237248, 44.504616], [11.9236901, 44.5047033], [11.9234394, 44.5047097], [11.9234267, 44.504558], [11.9233047, 44.5045331], [11.9232913, 44.5042638], [11.9235262, 44.5041475], [11.9235522, 44.50399], [11.9234314, 44.5039975], [11.9234073, 44.5040804], [11.9230697, 44.5040926], [11.9230349, 44.5041799], [11.9226973, 44.5041922], [11.9226625, 44.5042795], [11.9224306, 44.5042988], [11.9224157, 44.5043758], [11.922165, 44.5043823], [11.9222702, 44.5039747], [11.9221426, 44.5039327], [11.9221237, 44.5037733], [11.921807, 44.5037623], [11.9217606, 44.5038525], [11.9213843, 44.5038621], [11.9209939, 44.503602], [11.920975, 44.5034427], [11.9204689, 44.5031653], [11.9204562, 44.5030136], [11.9203343, 44.5029887], [11.9203208, 44.5027194], [11.9204271, 44.5027033], [11.9205017, 44.5025751], [11.9203073, 44.5024493], [11.9203626, 44.5023086], [11.920284, 44.5022], [11.9200929, 44.5021857], [11.9200465, 44.5022759], [11.9197958, 44.5022823], [11.9190151, 44.5017621], [11.9190024, 44.5016104], [11.9188805, 44.5015855]], [[11.9253972, 44.5021845], [11.9253598, 44.5023125], [11.9255748, 44.5023389], [11.9255515, 44.5022327], [11.9253972, 44.5021845]], [[11.9249904, 44.5018344], [11.9250002, 44.5019692], [11.9252266, 44.5020924], [11.9253151, 44.5020678], [11.9252965, 44.5019748], [11.9249904, 44.5018344]], [[11.9251543, 44.5032332], [11.9250063, 44.5034094], [11.9246608, 44.5034259], [11.9246511, 44.5035786], [11.9249901, 44.5035823], [11.9252491, 44.5033832], [11.9253037, 44.5032406], [11.9251543, 44.5032332]], [[11.9244113, 44.5014163], [11.9246346, 44.501475], [11.9246512, 44.5013757], [11.924438, 44.5013125], [11.9244113, 44.5014163]], [[11.9243152, 44.503608], [11.9242393, 44.503782], [11.9244742, 44.5037823], [11.9245786, 44.5036348], [11.9243152, 44.503608]], [[11.9241732, 44.5010492], [11.9242059, 44.5011793], [11.9243598, 44.5012163], [11.9243865, 44.5011124], [11.9241732, 44.5010492]], [[11.9233568, 44.5004531], [11.9236412, 44.500646], [11.9238491, 44.5006793], [11.9238426, 44.5005716], [11.9233835, 44.5003492], [11.9233568, 44.5004531]], [[11.9238338, 44.5037996], [11.9238375, 44.5039345], [11.9239615, 44.5038391], [11.9238338, 44.5037996]], [[11.9201848, 44.500351], [11.9200386, 44.5004634], [11.9201892, 44.5004588], [11.9201848, 44.500351]]]}}, {"type": "Feature", "properties": {"flooded": true, "source": "satellite", "area_m2": 107589.9}, "geometry": {"type": "Polygon", "coordinates": [[[11.918504, 44.5141986], [11.918495, 44.5140192], [11.9188511, 44.5138099], [11.9188495, 44.51356], [11.9189687, 44.513529], [11.9189662, 44.513377], [11.9191783, 44.5133679], [11.919213, 44.5132807], [11.919581, 44.5132954], [11.9195813, 44.5131272], [11.9194553, 44.513094], [11.9194509, 44.5130045], [11.9199622, 44.5131713], [11.9199535, 44.5129916], [11.9201501, 44.5130312], [11.9202522, 44.5129673], [11.9201958, 44.5128054], [11.9204233, 44.5126962], [11.9204336, 44.5125292], [11.9207335, 44.5123109], [11.9205458, 44.5122559], [11.9205413, 44.5121664], [11.9209028, 44.5119491], [11.9208913, 44.5116173], [11.921114, 44.5116038], [11.9213804, 44.5113347], [11.9217568, 44.511325], [11.9221795, 44.5116665], [11.9225287, 44.5116654], [11.9226588, 44.5117521], [11.9226777, 44.5119114], [11.9230763, 44.5121781], [11.9233096, 44.5121855], [11.9233464, 44.5123568], [11.9239468, 44.5123492], [11.9239513, 44.5124387], [11.9234687, 44.5127492], [11.9234799, 44.513045], [11.9236059, 44.5130782], [11.9236292, 44.5133274], [11.9238752, 44.5134314], [11.9238985, 44.5136806], [11.9241445, 44.5137846], [11.9241572, 44.5139363], [11.9244093, 44.5140479], [11.9244363, 44.5142138], [11.9246696, 44.5142212], [11.9247998, 44.5143079], [11.9248088, 44.5144873], [11.9246896, 44.5145184], [11.9246921, 44.5146704], [11.924567, 44.5146736], [11.9242502, 44.5144573], [11.924185, 44.5145934], [11.9237109, 44.5146133], [11.9236868, 44.5146961], [11.9235057, 44.5147273], [11.9235816, 44.5149034], [11.9237935, 44.5148661], [11.9238176, 44.5147832], [11.9240683, 44.5147768], [11.9240773, 44.5149562], [11.9237054, 44.5150558], [11.9236152, 44.5149257], [11.9234609, 44.5149922], [11.923458, 44.5151521], [11.9233329, 44.5151553], [11.9232028, 44.5150686], [11.9231839, 44.5149093], [11.9229056, 44.5147239], [11.9226906, 44.5146975], [11.9226903, 44.5148657], [11.9228163, 44.5148989], [11.9228209, 44.5149864], [11.9226956, 44.5149916], [11.9225655, 44.5149049], [11.9225466, 44.5147456], [11.9221705, 44.5145549], [11.9221579, 44.5144032], [11.9219057, 44.5142916], [11.9217666, 44.5140255], [11.9220218, 44.514109], [11.9220697, 44.5142842], [11.9222634, 44.5142695], [11.92227, 44.5141302], [11.9220179, 44.5140187], [11.921999, 44.5138593], [11.9217193, 44.5137174], [11.9216308, 44.513742], [11.9216359, 44.5139384], [11.9215108, 44.5139417], [11.9214555, 44.5138541], [11.921054, 44.5138644], [11.9210076, 44.5139545], [11.9207756, 44.5139739], [11.9206396, 44.514144], [11.9203888, 44.5141504], [11.9201995, 44.5140206], [11.9197948, 44.5140792], [11.9196998, 44.5142088], [11.919769, 44.5143463], [11.9196552, 44.5143694], [11.9195954, 44.5145891], [11.9201774, 44.5149664], [11.9201963, 44.5151258], [11.9204422, 44.5152297], [11.9205895, 44.5155581], [11.9207115, 44.515583], [11.920734, 44.5160321], [11.9203576, 44.5160417], [11.9198369, 44.515695], [11.9198136, 44.5154457], [11.9194375, 44.5152551], [11.9194187, 44.5150957], [11.9191727, 44.5149918], [11.9191601, 44.51484], [11.9190381, 44.5148152], [11.9190254, 44.5146634], [11.9189034, 44.5146385], [11.9187499, 44.5143026], [11.918504, 44.5141986]], [[11.9223444, 44.5143257], [11.9223542, 44.5144604], [11.9225793, 44.5146271], [11.9227943, 44.5146535], [11.9227808, 44.5145527], [11.9223444, 44.5143257]]]}}, {"type": "Feature", "properties": {"flooded": true, "source": "satellite", "area_m2": 11216.8}, "geometry": {"type": "Polygon", "coordinates": [[[11.920984, 44.4908187], [11.9209661, 44.4904595], [11.921198, 44.4904402], [11.9212083, 44.4902732], [11.9213334, 44.49027], [11.9214958, 44.4904381], [11.9216566, 44.4904416], [11.9218363, 44.4902571], [11.9219586, 44.4902538], [11.9222216, 44.4904273], [11.9223688, 44.4907557], [11.9224908, 44.4907805], [11.9225044, 44.4910479], [11.922262, 44.4912361], [11.9220227, 44.4912625], [11.9219573, 44.4913898], [11.9221454, 44.4914196], [11.9221499, 44.4915091], [11.9217781, 44.4916086], [11.9218209, 44.4914465], [11.9216435, 44.491432], [11.9213833, 44.4912586], [11.9213645, 44.4910993], [11.9211186, 44.4909953], [11.921106, 44.4908436], [11.920984, 44.4908187]]]}}, {"type": "Feature", "properties": {"flooded": true, "source": "satellite", "area_m2": 20133.3}, "geometry": {"type": "Polygon", "coordinates": [[[11.92465, 44.579129], [11.9246049, 44.5782303], [11.9247188, 44.5782072], [11.9247217, 44.5780472], [11.924843, 44.5779541], [11.9250553, 44.5779451], [11.92509, 44.5778578], [11.9254714, 44.577938], [11.9255148, 44.5780233], [11.9257275, 44.5780215], [11.9257402, 44.5781732], [11.9258623, 44.5781981], [11.9258795, 44.5784397], [11.9260016, 44.5784646], [11.9260386, 44.5789836], [11.926797, 44.5792544], [11.9268151, 44.5796136], [11.9266938, 44.5797067], [11.9263169, 44.5797164], [11.9261313, 44.5795422], [11.9253015, 44.5795624], [11.9252889, 44.5794107], [11.9251667, 44.5793858], [11.925154, 44.5792341], [11.9250094, 44.5791332], [11.9248424, 44.5790795], [11.92465, 44.579129]]]}}, {"type": "Feature", "properties": {"flooded": true, "source": "satellite", "area_m2": 7755.3}, "geometry": {"type": "Polygon", "coordinates": [[[11.9197867, 44.4995818], [11.9197777, 44.4994024], [11.9198989, 44.4993092], [11.9201215, 44.4992958], [11.9202667, 44.4991198], [11.9204894, 44.4991063], [11.9206346, 44.4989303], [11.9208573, 44.4989168], [11.9210025, 44.4987408], [11.9212252, 44.4987274], [11.9212493, 44.4986445], [11.9215, 44.4986381], [11.9216301, 44.4987248], [11.9216435, 44.4989941], [11.9214013, 44.4991804], [11.9211786, 44.4991938], [11.9210334, 44.4993698], [11.9208214, 44.4993789], [11.9207866, 44.4994662], [11.9204383, 44.4994829], [11.9202951, 44.4995968], [11.9203021, 44.4998387], [11.920177, 44.4998419], [11.9201402, 44.4996706], [11.9199168, 44.4996685], [11.9197867, 44.4995818]]]}}, {"type": "Feature", "properties": {"flooded": true, "source": "satellite", "area_m2": 40167.8}, "geometry": {"type": "Polygon", "coordinates": [[[11.915991, 44.4991387], [11.9159776, 44.4988694], [11.9162198, 44.4986831], [11.9164425, 44.4986696], [11.9165877, 44.4984937], [11.9168104, 44.4984802], [11.9169556, 44.4983042], [11.9171783, 44.4982907], [11.9173235, 44.4981148], [11.9175462, 44.4981013], [11.9176914, 44.4979253], [11.9182648, 44.4979552], [11.9187711, 44.4978966], [11.9188175, 44.4978065], [11.9190494, 44.4977872], [11.9190643, 44.4977101], [11.9195159, 44.4976975], [11.9195623, 44.4976074], [11.9197942, 44.4975881], [11.919809, 44.497511], [11.9200569, 44.4975045], [11.920092, 44.497586], [11.9203155, 44.4975881], [11.9204779, 44.4977562], [11.9207013, 44.4977583], [11.9208669, 44.4978836], [11.9210827, 44.4978385], [11.9211096, 44.4983776], [11.9208976, 44.4983867], [11.9207417, 44.4985671], [11.9205297, 44.4985761], [11.920495, 44.4986634], [11.9202829, 44.4986725], [11.9202482, 44.4987598], [11.9197788, 44.4988696], [11.9196336, 44.4990456], [11.9192853, 44.4990622], [11.9192657, 44.499235], [11.919015, 44.4992414], [11.9190015, 44.4989721], [11.9191153, 44.498949], [11.9191145, 44.4988167], [11.9187323, 44.4986185], [11.9187135, 44.4984591], [11.9185385, 44.4983988], [11.9183652, 44.4984612], [11.9183504, 44.4985382], [11.9181277, 44.4985517], [11.9179825, 44.4987277], [11.9177598, 44.4987412], [11.9176146, 44.4989171], [11.9173919, 44.4989306], [11.9172467, 44.4991066], [11.917024, 44.4991201], [11.9168788, 44.4992961], [11.9165412, 44.4993083], [11.9165064, 44.4993956], [11.9163813, 44.4993988], [11.915991, 44.4991387]]]}}, {"type": "Feature", "properties": {"flooded": true, "source": "satellite", "area_m2": 12575.1}, "geometry": {"type": "Polygon", "coordinates": [[[11.9182745, 44.4894476], [11.9183912, 44.489265], [11.9186138, 44.4892515], [11.9188727, 44.4890524], [11.9188756, 44.4888925], [11.9189894, 44.4888694], [11.9189922, 44.4887095], [11.919106, 44.4886864], [11.9191089, 44.4885264], [11.9192882, 44.4883997], [11.919212, 44.4880737], [11.9197049, 44.487881], [11.9200952, 44.4881411], [11.920114, 44.4883005], [11.9202297, 44.4883177], [11.9203823, 44.4888536], [11.9202612, 44.4889467], [11.9200385, 44.4889602], [11.9198933, 44.4891361], [11.9196707, 44.4891496], [11.9196466, 44.4892325], [11.9186927, 44.489258], [11.9185224, 44.4894415], [11.9182745, 44.4894476]]]}}, {"type": "Feature", "properties": {"flooded": true, "source": "satellite", "area_m2": 23151.8}, "geometry": {"type": "Polygon", "coordinates": [[[11.9161396, 44.4768987], [11.9161351, 44.4768092], [11.9162574, 44.4767696], [11.9162338, 44.4762665], [11.9163588, 44.4762633], [11.9164186, 44.4764408], [11.9167372, 44.4763435], [11.9167953, 44.4764311], [11.9173221, 44.4764177], [11.9173685, 44.4763275], [11.9174907, 44.4763242], [11.9176236, 44.476411], [11.9175114, 44.4766836], [11.9173923, 44.4767146], [11.9173948, 44.4768666], [11.9172757, 44.4768976], [11.9172782, 44.4770496], [11.9171559, 44.4770892], [11.9171837, 44.4776462], [11.917353, 44.4777647], [11.9175653, 44.4777629], [11.9181178, 44.4781911], [11.9185968, 44.4782767], [11.9186401, 44.478362], [11.9188524, 44.4783601], [11.9188614, 44.4785396], [11.9186192, 44.4787258], [11.9181606, 44.4788312], [11.9181259, 44.4789185], [11.9177525, 44.4789282], [11.9177174, 44.4788467], [11.917494, 44.4788446], [11.9172339, 44.4786712], [11.9172168, 44.4784296], [11.9170949, 44.4784047], [11.9170822, 44.478253], [11.9169603, 44.4782281], [11.9169432, 44.4779864], [11.9168209, 44.4779596], [11.9168078, 44.4776922], [11.9170241, 44.4777274], [11.9170508, 44.4776236], [11.9168698, 44.4775556], [11.9166778, 44.4776051], [11.9165477, 44.4775184], [11.9165306, 44.4772768], [11.9162786, 44.4771652], [11.9162655, 44.4769319], [11.9161396, 44.4768987]]]}}, {"type": "Feature", "properties": {"flooded": true, "source": "satellite", "area_m2": 36227.4}, "geometry": {"type": "Polygon", "coordinates": [[[11.9140351, 44.4952275], [11.9140216, 44.4949582], [11.9142535, 44.4949389], [11.9143875, 44.4948309], [11.914385, 44.4946789], [11.9146199, 44.4945626], [11.9147305, 44.4940399], [11.9149425, 44.4940308], [11.915091, 44.4939204], [11.9151541, 44.4937182], [11.9150804, 44.4934908], [11.9154438, 44.4932114], [11.9159457, 44.4931986], [11.915978, 44.49328], [11.9163946, 44.493367], [11.9164532, 44.4932756], [11.9169785, 44.4932588], [11.9169467, 44.493083], [11.9171945, 44.4930764], [11.9174576, 44.49325], [11.9174702, 44.4934017], [11.9175921, 44.4934266], [11.9175968, 44.4935141], [11.9174774, 44.4935471], [11.9174845, 44.493789], [11.9170148, 44.4940845], [11.9170044, 44.4942514], [11.916641, 44.4945308], [11.9161716, 44.4946406], [11.9160264, 44.4948166], [11.9158144, 44.4948256], [11.9157797, 44.4949129], [11.9153103, 44.4950227], [11.915165, 44.4951987], [11.9147063, 44.4953041], [11.9146715, 44.4953913], [11.9142952, 44.495401], [11.9140351, 44.4952275]]]}}, {"type": "Feature", "properties": {"flooded": true, "source": "satellite", "area_m2": 48392.0}, "geometry": {"type": "Polygon", "coordinates": [[[11.916902, 44.5249525], [11.9168347, 44.5236043], [11.9169579, 44.5235559], [11.9169065, 44.5225222], [11.9170203, 44.522499], [11.9170187, 44.5222492], [11.9171411, 44.5222097], [11.9170993, 44.5213489], [11.9172219, 44.5213073], [11.9171937, 44.5207143], [11.91744, 44.520618], [11.9175702, 44.5207047], [11.9175873, 44.5209464], [11.9177646, 44.5210588], [11.9180405, 44.5210517], [11.9180869, 44.5209616], [11.918299, 44.5209525], [11.9183293, 44.5207753], [11.9184544, 44.5207721], [11.918467, 44.5209239], [11.918589, 44.5209487], [11.9186246, 44.5216316], [11.9187506, 44.5216648], [11.9187776, 44.5218308], [11.9188853, 44.5218414], [11.9189302, 44.5227401], [11.9186853, 44.5227743], [11.9186968, 44.5231062], [11.9185776, 44.5231372], [11.9185846, 44.5233791], [11.9183682, 44.5233439], [11.9182166, 44.5235686], [11.9178788, 44.5235808], [11.9177302, 44.5236912], [11.9177274, 44.5238512], [11.9176136, 44.5238743], [11.9175504, 44.5240765], [11.9176196, 44.524214], [11.9174973, 44.5242536], [11.9175254, 44.5248466], [11.9171618, 44.525126], [11.9170367, 44.5251292], [11.9170241, 44.5249774], [11.916902, 44.5249525]]]}}, {"type": "Feature", "properties": {"flooded": true, "source": "satellite", "area_m2": 41385.8}, "geometry": {"type": "Polygon", "coordinates": [[[11.9116009, 44.4766545], [11.9115786, 44.4762053], [11.9118208, 44.4760191], [11.9122794, 44.4759137], [11.9123141, 44.4758264], [11.912526, 44.4758174], [11.9125608, 44.4757301], [11.9127727, 44.4757211], [11.9128075, 44.4756338], [11.913145, 44.4756216], [11.9131797, 44.4755343], [11.913649, 44.4754245], [11.913673, 44.4753416], [11.9140212, 44.4753249], [11.9140453, 44.4752421], [11.9143004, 44.4753256], [11.9143192, 44.475485], [11.9145972, 44.4756703], [11.9149462, 44.4756692], [11.9149596, 44.4759385], [11.9148385, 44.4760317], [11.9143555, 44.4760574], [11.9142215, 44.4761654], [11.914224, 44.4763174], [11.9138681, 44.4765268], [11.9138652, 44.4766867], [11.9136304, 44.4768029], [11.9136275, 44.4769628], [11.9133853, 44.4771491], [11.913146, 44.4771754], [11.9131431, 44.4773353], [11.91302, 44.4773837], [11.9130363, 44.4774983], [11.9131521, 44.4775155], [11.91317, 44.4778748], [11.912958, 44.4778838], [11.9129233, 44.4779711], [11.9126727, 44.4779775], [11.9124835, 44.4778477], [11.9119147, 44.4779068], [11.9118968, 44.4775476], [11.9120191, 44.477508], [11.9120048, 44.4772207], [11.9118789, 44.4771875], [11.911852, 44.4770215], [11.9117444, 44.4770109], [11.9117268, 44.4766877], [11.9116009, 44.4766545]]]}}, {"type": "Feature", "properties": {"flooded": true, "source": "satellite", "area_m2": 10677.0}, "geometry": {"type": "Polygon", "coordinates": [[[11.9108874, 44.4800036], [11.9107439, 44.4796476], [11.9114557, 44.4791659], [11.9114661, 44.478999], [11.9118036, 44.4789867], [11.9119595, 44.4788063], [11.9120845, 44.4788031], [11.9123446, 44.4789765], [11.9124918, 44.4793049], [11.9126137, 44.4793298], [11.9126271, 44.4795991], [11.9125021, 44.4796023], [11.9124788, 44.479353], [11.9122718, 44.4792974], [11.9122501, 44.4795727], [11.912376, 44.4796059], [11.9123804, 44.4796954], [11.9118859, 44.4797983], [11.9118509, 44.4797167], [11.9116584, 44.4796744], [11.9114479, 44.4798651], [11.9117615, 44.4798917], [11.9117659, 44.4799812], [11.9114284, 44.4799934], [11.9113937, 44.4800807], [11.9112686, 44.4800839], [11.9112713, 44.4799048], [11.9111529, 44.4799202], [11.911138, 44.4799972], [11.9108874, 44.4800036]]]}}, {"type": "Feature", "properties": {"flooded": true, "source": "satellite", "area_m2": 76493.7}, "geometry": {"type": "Polygon", "coordinates": [[[11.9055995, 44.4798683], [11.9055861, 44.4795989], [11.9059578, 44.4794995], [11.906013, 44.479587], [11.9064646, 44.4795766], [11.9064871, 44.4796526], [11.9067202, 44.4796601], [11.9067636, 44.4797454], [11.9070734, 44.4797333], [11.9072167, 44.4796195], [11.9072097, 44.4793775], [11.9073289, 44.4793465], [11.9073264, 44.4791945], [11.9074455, 44.4791635], [11.9074385, 44.4789216], [11.9076833, 44.4788874], [11.9076763, 44.4786455], [11.9078883, 44.4786364], [11.9080293, 44.4785331], [11.9080396, 44.4783661], [11.9081534, 44.478343], [11.9081563, 44.4781831], [11.9082774, 44.47809], [11.9087559, 44.4779744], [11.9087663, 44.4778074], [11.9088913, 44.4778043], [11.9092815, 44.4780644], [11.9093182, 44.4782357], [11.9094751, 44.4782841], [11.9096672, 44.4782346], [11.909701, 44.4789087], [11.9098285, 44.4789507], [11.9098419, 44.47922], [11.9097357, 44.4792361], [11.9097253, 44.4794031], [11.9096062, 44.4794341], [11.9096087, 44.4795861], [11.9093062, 44.4798146], [11.9093934, 44.4799387], [11.909501, 44.4799493], [11.9095409, 44.4807221], [11.9096668, 44.4807553], [11.9096713, 44.4808448], [11.9093079, 44.4811242], [11.9090761, 44.4811435], [11.9089401, 44.4813136], [11.9087175, 44.4813271], [11.9085723, 44.481503], [11.9081961, 44.4815126], [11.9078807, 44.4812516], [11.9077083, 44.4812628], [11.9076842, 44.4813456], [11.9071824, 44.4813584], [11.9071698, 44.4812067], [11.9070479, 44.4811818], [11.9068946, 44.4808458], [11.9066165, 44.4806604], [11.9063932, 44.4806583], [11.906003, 44.4803982], [11.9058559, 44.4800698], [11.905734, 44.4800449], [11.9057214, 44.4798932], [11.9055995, 44.4798683]]]}}, {"type": "Feature", "properties": {"flooded": true, "source": "satellite", "area_m2": 7974.8}, "geometry": {"type": "Polygon", "coordinates": [[[11.9079807, 44.4822383], [11.9079717, 44.4820589], [11.9080929, 44.4819658], [11.9083247, 44.4819465], [11.9083351, 44.4817796], [11.9085577, 44.4817661], [11.9087057, 44.4815899], [11.9088279, 44.4815869], [11.9088713, 44.4816722], [11.9090836, 44.4816704], [11.9094742, 44.4819326], [11.9094782, 44.4820201], [11.9093559, 44.4820596], [11.9093661, 44.482293], [11.9090285, 44.4823053], [11.9089982, 44.4824825], [11.9086642, 44.4824481], [11.9083989, 44.4825055], [11.908372, 44.4825886], [11.9082497, 44.4825916], [11.9081026, 44.4822632], [11.9079807, 44.4822383]]]}}, {"type": "Feature", "properties": {"flooded": true, "source": "satellite", "area_m2": 9047.7}, "geometry": {"type": "Polygon", "coordinates": [[[11.9071864, 44.483969], [11.9071641, 44.4835199], [11.9079171, 44.4835007], [11.9081772, 44.4836741], [11.9083244, 44.4840025], [11.9084463, 44.4840273], [11.9086032, 44.4846531], [11.9082773, 44.4846625], [11.9082309, 44.4847526], [11.9081058, 44.4847558], [11.9080932, 44.4846041], [11.9078412, 44.4844925], [11.9078224, 44.4843331], [11.9071864, 44.483969]], [[11.9074006, 44.4835726], [11.9072544, 44.483685], [11.9074049, 44.4836804], [11.9074006, 44.4835726]]]}}, {"type": "Feature", "properties": {"flooded": true, "source": "satellite", "area_m2": 8416.9}, "geometry": {"type": "Polygon", "coordinates": [[[11.9039931, 44.574075], [11.9039886, 44.5739855], [11.9043267, 44.5739733], [11.9044856, 44.5737926], [11.9056144, 44.5737641], [11.9056467, 44.5738455], [11.905942, 44.5738904], [11.9062394, 44.5736581], [11.9065774, 44.5736459], [11.9066122, 44.5735586], [11.9075676, 44.5735332], [11.907614, 44.5734431], [11.9080779, 44.5734276], [11.9081155, 44.5733401], [11.9092442, 44.5733115], [11.9092487, 44.573401], [11.9086707, 44.5734168], [11.9086242, 44.573507], [11.9074101, 44.5736316], [11.9073754, 44.5737188], [11.9069053, 44.5738286], [11.9068812, 44.5739115], [11.9063786, 44.5739243], [11.9063463, 44.5738429], [11.9061851, 44.5738394], [11.9061265, 44.5739307], [11.9051711, 44.5739561], [11.9051218, 44.5740465], [11.9039931, 44.574075]]]}}, {"type": "Feature", "properties": {"flooded": true, "source": "satellite", "area_m2": 17359.0}, "geometry": {"type": "Polygon", "coordinates": [[[11.8923528, 44.575541], [11.8924697, 44.5753584], [11.8935508, 44.5753299], [11.8936001, 44.5752395], [11.8937226, 44.5752366], [11.8937779, 44.5753241], [11.8943056, 44.5753107], [11.8943521, 44.5752206], [11.894816, 44.5752052], [11.8948536, 44.5751177], [11.8965609, 44.5750735], [11.8966074, 44.5749833], [11.8973228, 44.5749615], [11.897479, 44.5747812], [11.8976913, 44.5747721], [11.8977261, 44.5746849], [11.8978513, 44.5746817], [11.8979066, 44.5747692], [11.8981828, 44.5747622], [11.8982292, 44.5746721], [11.898578, 44.5746554], [11.8986021, 44.5745726], [11.8993059, 44.5745536], [11.8993552, 44.5744632], [11.9001066, 44.5744443], [11.9001389, 44.5745258], [11.9004342, 44.5745706], [11.9006103, 44.5744315], [11.9016914, 44.574403], [11.9017379, 44.5743128], [11.9022018, 44.5742974], [11.9022366, 44.5742101], [11.9033636, 44.5740914], [11.9033681, 44.574181], [11.9031558, 44.57419], [11.903121, 44.5742773], [11.9025313, 44.5742959], [11.9023752, 44.5744763], [11.9012941, 44.5745048], [11.9012448, 44.5745953], [11.9001189, 44.5746239], [11.9000837, 44.5745423], [11.8999104, 44.57454], [11.8998639, 44.5746302], [11.8992743, 44.5746488], [11.8992394, 44.574736], [11.8990072, 44.5747553], [11.8989923, 44.5748323], [11.8986436, 44.574849], [11.8986194, 44.5749318], [11.8976524, 44.57496], [11.8976176, 44.5750473], [11.8971475, 44.5751571], [11.8971234, 44.5752399], [11.8950481, 44.5752928], [11.8949866, 44.5753844], [11.8935308, 44.5754221], [11.8934816, 44.5755126], [11.8923528, 44.575541]]]}}, {"type": "Feature", "properties": {"flooded": true, "source": "satellite", "area_m2": 6374.1}, "geometry": {"type": "Polygon", "coordinates": [[[11.8926579, 44.5639201], [11.8926445, 44.5636508], [11.8929671, 44.5636872], [11.8933599, 44.563629], [11.8933947, 44.5635417], [11.8936457, 44.5635354], [11.8940363, 44.5637955], [11.8940408, 44.5638851], [11.8937983, 44.5638671], [11.8938026, 44.5641612], [11.8935904, 44.5641702], [11.8935556, 44.5642575], [11.8929777, 44.5642732], [11.8929312, 44.5643633], [11.892806, 44.5643665], [11.892784, 44.5639533], [11.8926579, 44.5639201]]]}}, {"type": "Feature", "properties": {"flooded": true, "source": "satellite", "area_m2": 6853.1}, "geometry": {"type": "Polygon", "coordinates": [[[11.8847653, 44.4653626], [11.8846176, 44.4649166], [11.8847426, 44.4649134], [11.8848895, 44.4652418], [11.8850114, 44.4652667], [11.8850239, 44.4654185], [11.8851458, 44.4654434], [11.8851632, 44.4657666], [11.8852891, 44.4657999], [11.8853123, 44.4660492], [11.885428, 44.4660664], [11.8854449, 44.4663081], [11.8856968, 44.4664197], [11.8857098, 44.4666531], [11.8858357, 44.4666863], [11.8858544, 44.4668457], [11.8861001, 44.4669497], [11.8861131, 44.467183], [11.8862389, 44.4672163], [11.886248, 44.4673937], [11.8861267, 44.4674888], [11.8857505, 44.4674983], [11.8857318, 44.4673389], [11.8854861, 44.4672349], [11.885451, 44.466552], [11.8853251, 44.4665188], [11.8853077, 44.4661955], [11.8851818, 44.4661623], [11.8850171, 44.4654742], [11.8847653, 44.4653626]]]}}, {"type": "Feature", "properties": {"flooded": true, "source": "satellite", "area_m2": 6069.9}, "geometry": {"type": "Polygon", "coordinates": [[[11.8858383, 44.576246], [11.8858339, 44.5761565], [11.886172, 44.5761444], [11.8862068, 44.5760571], [11.886659, 44.5760446], [11.8867083, 44.5759542], [11.887288, 44.5760287], [11.8873345, 44.5759385], [11.8879125, 44.5759228], [11.887959, 44.5758327], [11.8884229, 44.5758173], [11.8884577, 44.5757301], [11.8892873, 44.575708], [11.8893338, 44.5756178], [11.8903396, 44.5755924], [11.890344, 44.5756819], [11.8901317, 44.5756909], [11.8900969, 44.5757782], [11.8883912, 44.5759124], [11.8883447, 44.5760026], [11.887755, 44.5760211], [11.8877202, 44.5761084], [11.8865132, 44.57614], [11.8864639, 44.5762304], [11.8858383, 44.576246]]]}}, {"type": "Feature", "properties": {"flooded": true, "source": "satellite", "area_m2": 5730.6}, "geometry": {"type": "Polygon", "coordinates": [[[11.8847357, 44.5182981], [11.8847091, 44.5177591], [11.8848342, 44.5177559], [11.8848605, 44.518259], [11.8849869, 44.5182942], [11.8850173, 44.5188852], [11.8851433, 44.5189184], [11.8851736, 44.5194298], [11.8852956, 44.5194547], [11.8853353, 44.5202275], [11.8854616, 44.5202627], [11.8855147, 44.5213373], [11.8853921, 44.5213788], [11.8854083, 44.5217923], [11.8852856, 44.5217932], [11.8853647, 44.5208481], [11.8852367, 44.5208042], [11.8851813, 44.5196825], [11.8850537, 44.5196405], [11.8850233, 44.5191291], [11.8849014, 44.5191042], [11.8848633, 44.5183401], [11.8847357, 44.5182981]]]}}, {"type": "Feature", "properties": {"flooded": true, "source": "satellite", "area_m2": 7005.2}, "geometry": {"type": "Polygon", "coordinates": [[[11.8818808, 44.5114384], [11.8818675, 44.511169], [11.8819926, 44.5111659], [11.8820114, 44.5113252], [11.8822572, 44.5114292], [11.8822841, 44.5115952], [11.8826519, 44.5117794], [11.8826788, 44.5119454], [11.8831768, 44.5122162], [11.8833238, 44.5125446], [11.8834458, 44.5125695], [11.8834584, 44.5127213], [11.8835803, 44.5127462], [11.8835929, 44.5128979], [11.8837149, 44.5129228], [11.8837319, 44.5131645], [11.8838539, 44.5131894], [11.8838713, 44.5135126], [11.8839976, 44.5135479], [11.8840283, 44.5141749], [11.8839052, 44.5142232], [11.8839629, 44.5153921], [11.8840905, 44.515434], [11.8841082, 44.5157933], [11.8838526, 44.5157077], [11.8837729, 44.5140937], [11.8838955, 44.5140522], [11.8838785, 44.5136837], [11.8837509, 44.5136417], [11.883725, 44.5132202], [11.8836031, 44.5131953], [11.8835905, 44.5130436], [11.8834685, 44.5130187], [11.8834515, 44.512777], [11.8833296, 44.5127521], [11.8833027, 44.5125861], [11.8830649, 44.5124887], [11.8829117, 44.5121527], [11.8822755, 44.5117885], [11.8822568, 44.5116291], [11.8818808, 44.5114384]]]}}, {"type": "Feature", "properties": {"flooded": true, "source": "satellite", "area_m2": 17165.8}, "geometry": {"type": "Polygon", "coordinates": [[[11.8753247, 44.5775917], [11.8753203, 44.5775022], [11.87591, 44.5774837], [11.8759449, 44.5773964], [11.876415, 44.5772868], [11.8764392, 44.5772039], [11.876788, 44.5771874], [11.8768722, 44.5770641], [11.8764929, 44.5770223], [11.8764342, 44.5771136], [11.8758086, 44.5771296], [11.8758013, 44.57704], [11.8763794, 44.5770243], [11.8764287, 44.5769339], [11.8775071, 44.5769059], [11.8775536, 44.5768157], [11.8780175, 44.5768004], [11.8780524, 44.5767131], [11.8787562, 44.5766943], [11.8788027, 44.5766042], [11.8807522, 44.5765548], [11.880811, 44.5764635], [11.8814007, 44.576445], [11.8814355, 44.5763577], [11.8838882, 44.5762955], [11.8839498, 44.576204], [11.8849499, 44.5761787], [11.8849961, 44.5762641], [11.8853346, 44.5762592], [11.885339, 44.5763487], [11.8850009, 44.5763609], [11.8849661, 44.5764481], [11.8847338, 44.5764674], [11.8847161, 44.5765447], [11.8844679, 44.5765508], [11.8844454, 44.5764747], [11.8842119, 44.5764672], [11.8841566, 44.5763796], [11.8827605, 44.5764141], [11.8827018, 44.5765054], [11.8816206, 44.5765337], [11.8815741, 44.5766239], [11.8804929, 44.5766522], [11.8804463, 44.5767424], [11.8793651, 44.5767707], [11.8793186, 44.5768609], [11.8786148, 44.5768797], [11.8785683, 44.5769698], [11.8779903, 44.5769854], [11.8779437, 44.5770756], [11.8773657, 44.5770912], [11.8773192, 44.5771814], [11.876867, 44.5771938], [11.8768204, 44.577284], [11.8764823, 44.5772961], [11.8764475, 44.5773834], [11.8759774, 44.577493], [11.8759532, 44.5775759], [11.8756151, 44.577588], [11.8755802, 44.5776753], [11.8753247, 44.5775917]]]}}, {"type": "Feature", "properties": {"flooded": true, "source": "satellite", "area_m2": 148052.1}, "geometry": {"type": "Polygon", "coordinates": [[[11.8694991, 44.5231835], [11.8694947, 44.523094], [11.8696085, 44.5230709], [11.8696718, 44.5228687], [11.869585, 44.5223715], [11.8697663, 44.5223405], [11.8697019, 44.5221885], [11.8698211, 44.5221576], [11.8698187, 44.5220056], [11.8703209, 44.5219929], [11.8703396, 44.5221523], [11.8704987, 44.5222549], [11.8707112, 44.5222532], [11.8707589, 44.5224284], [11.8710584, 44.5224209], [11.8712156, 44.5222941], [11.8712001, 44.5221707], [11.8709542, 44.5220666], [11.8709498, 44.5219771], [11.8710722, 44.5219376], [11.8710537, 44.5215604], [11.8709277, 44.5215271], [11.8709008, 44.5213611], [11.8707932, 44.5213505], [11.8707686, 44.5208562], [11.870641, 44.5208142], [11.8706152, 44.5203927], [11.8704932, 44.5203677], [11.8704566, 44.5201964], [11.870233, 44.5201942], [11.8702062, 44.5200282], [11.8698472, 44.5200239], [11.8698428, 44.5199344], [11.8700853, 44.5197482], [11.8702974, 44.5197393], [11.8703322, 44.519652], [11.87067, 44.5196399], [11.8708261, 44.5194595], [11.8711639, 44.5194474], [11.8711987, 44.5193601], [11.8714307, 44.5193409], [11.8715669, 44.5191708], [11.871779, 44.5191618], [11.8718138, 44.5190746], [11.8720259, 44.5190656], [11.8720607, 44.5189783], [11.8722728, 44.5189694], [11.8723076, 44.5188821], [11.8725197, 44.5188731], [11.8725546, 44.5187859], [11.8727866, 44.5187666], [11.8728043, 44.5186893], [11.8730523, 44.5186833], [11.8731824, 44.51877], [11.8733301, 44.5192161], [11.8729924, 44.5192282], [11.8728363, 44.5194085], [11.8723773, 44.5195137], [11.8723424, 44.519601], [11.8720047, 44.5196131], [11.8718486, 44.5197935], [11.8716365, 44.5198025], [11.8716017, 44.5198897], [11.8713896, 44.5198987], [11.8713547, 44.519986], [11.8711426, 44.5199949], [11.8709854, 44.5201217], [11.8710009, 44.5202451], [11.8712467, 44.5203492], [11.8712699, 44.5205985], [11.871429, 44.5207011], [11.8716415, 44.5206994], [11.8716503, 44.5208788], [11.8715365, 44.5209019], [11.8714816, 44.5210444], [11.8716311, 44.5210519], [11.8716553, 44.5209691], [11.8721574, 44.5209564], [11.87217, 44.5211082], [11.8722919, 44.5211331], [11.8721751, 44.5213157], [11.8719523, 44.5213291], [11.8716931, 44.5215281], [11.8716258, 44.5216492], [11.871715, 44.5217224], [11.8720327, 44.5217205], [11.8720632, 44.521589], [11.872531, 44.5216179], [11.8725615, 44.5214864], [11.8731894, 44.5214706], [11.8731938, 44.5215601], [11.8727347, 44.5216653], [11.8726999, 44.5217526], [11.8723621, 44.5217647], [11.8723273, 44.521852], [11.8719707, 44.5217345], [11.8719547, 44.5219514], [11.8715983, 44.5221606], [11.8716052, 44.5223005], [11.8721612, 44.5223065], [11.8722199, 44.5222152], [11.8727974, 44.5221996], [11.8728438, 44.5221095], [11.8732957, 44.5220971], [11.8733421, 44.5220069], [11.8736799, 44.5219948], [11.8737148, 44.5219075], [11.8741782, 44.5218922], [11.874213, 44.5218049], [11.8749243, 44.5218299], [11.8750884, 44.5216929], [11.8755905, 44.5216802], [11.875658, 44.5217683], [11.8771003, 44.521732], [11.8772332, 44.5218189], [11.877255, 44.522232], [11.877381, 44.5222653], [11.877398, 44.5225069], [11.8775203, 44.5225338], [11.8775288, 44.5227113], [11.8774076, 44.5228043], [11.8770814, 44.5228136], [11.877035, 44.5229038], [11.8766865, 44.5229203], [11.8766623, 44.5230032], [11.8763245, 44.5230153], [11.8762897, 44.5231026], [11.8758379, 44.523115], [11.8757914, 44.5232052], [11.875443, 44.5232217], [11.8754188, 44.5233046], [11.874457, 44.5234225], [11.8744222, 44.5235097], [11.8739704, 44.5235222], [11.8739239, 44.5236123], [11.8735755, 44.5236289], [11.8735513, 44.5237117], [11.8726012, 44.5238267], [11.8725547, 44.5239169], [11.8722062, 44.5239334], [11.872182, 44.5240163], [11.8712319, 44.5241313], [11.8711854, 44.5242214], [11.870837, 44.524238], [11.8708128, 44.5243208], [11.8703493, 44.5243361], [11.8703117, 44.5244236], [11.8700637, 44.5244297], [11.8698035, 44.5242562], [11.8697817, 44.523843], [11.8696553, 44.5238078], [11.8696251, 44.5232168], [11.8694991, 44.5231835]], [[11.8699564, 44.5221542], [11.8701798, 44.522213], [11.8701965, 44.5221137], [11.8699832, 44.5220503], [11.8699564, 44.5221542]]]}}, {"type": "Feature", "properties": {"flooded": true, "source": "satellite", "area_m2": 99834.3}, "geometry": {"type": "Polygon", "coordinates": [[[11.87026, 44.5258651], [11.8702291, 44.5252361], [11.8704519, 44.5252227], [11.8705974, 44.5250468], [11.8715475, 44.5249318], [11.871594, 44.5248417], [11.8720458, 44.5248293], [11.8720923, 44.5247391], [11.8724408, 44.5247226], [11.8724677, 44.5246395], [11.8733442, 44.5246176], [11.8733571, 44.5248509], [11.8735056, 44.5249602], [11.8739399, 44.5249616], [11.8739643, 44.5244219], [11.8741764, 44.524413], [11.8742112, 44.5243257], [11.874549, 44.5243135], [11.8745839, 44.5242263], [11.8750474, 44.524211], [11.8750822, 44.5241237], [11.87542, 44.5241116], [11.8754576, 44.524024], [11.875957, 44.5240116], [11.8761178, 44.5246913], [11.8762438, 44.5247246], [11.8762625, 44.524884], [11.8763787, 44.5249033], [11.8763916, 44.5251706], [11.8760654, 44.5251799], [11.8760189, 44.52527], [11.8756705, 44.5252866], [11.8756463, 44.5253694], [11.8753085, 44.5253816], [11.8752737, 44.5254688], [11.8750539, 44.5254349], [11.8749011, 44.5255683], [11.874669, 44.5255875], [11.8746585, 44.5257544], [11.8743362, 44.5257179], [11.8740494, 44.5257831], [11.8740522, 44.5262198], [11.873929, 44.5262681], [11.8739453, 44.5263827], [11.8740611, 44.5264], [11.8740832, 44.5268492], [11.8738711, 44.5268582], [11.8738362, 44.5269454], [11.8734984, 44.5269576], [11.8734636, 44.5270449], [11.8730001, 44.5270601], [11.8729653, 44.5271474], [11.8726274, 44.5271596], [11.8725926, 44.5272468], [11.8722548, 44.527259], [11.87222, 44.5273462], [11.8718822, 44.5273584], [11.8718473, 44.5274456], [11.8715095, 44.5274578], [11.8714719, 44.5275453], [11.8710982, 44.5275545], [11.8710856, 44.5274028], [11.8709636, 44.5273778], [11.8709462, 44.5270546], [11.8708203, 44.5270214], [11.8707971, 44.5267721], [11.8706813, 44.5267548], [11.8706644, 44.5265131], [11.8705424, 44.5264882], [11.8705254, 44.5262465], [11.8704034, 44.5262216], [11.870382, 44.52589], [11.87026, 44.5258651]]]}}, {"type": "Feature", "properties": {"flooded": true, "source": "satellite", "area_m2": 10664.0}, "geometry": {"type": "Polygon", "coordinates": [[[11.873688, 44.5469347], [11.8735357, 44.5463987], [11.873655, 44.5463677], [11.8736437, 44.5460359], [11.873763, 44.5460049], [11.8737606, 44.5458529], [11.8740032, 44.5456668], [11.8743798, 44.5456573], [11.8746402, 44.5458308], [11.8746667, 44.5463699], [11.8745443, 44.5464094], [11.8745587, 44.5467327], [11.8743771, 44.5468681], [11.8744507, 44.5470955], [11.874074, 44.547105], [11.8739116, 44.5469368], [11.873688, 44.5469347]]]}}, {"type": "Feature", "properties": {"flooded": true, "source": "satellite", "area_m2": 9037716.9}, "geometry": {"type": "Polygon", "coordinates": [[[11.8338344, 44.5220942], [11.8336782, 44.5214683], [11.8338598, 44.5213329], [11.8337601, 44.520568], [11.8338741, 44.5205429], [11.8338791, 44.5204278], [11.8337515, 44.5203857], [11.8337385, 44.5201164], [11.8341024, 44.5198373], [11.8344402, 44.5198253], [11.8344751, 44.519738], [11.8356687, 44.5197081], [11.8357275, 44.5196169], [11.8358526, 44.5196138], [11.8358033, 44.5198505], [11.8359527, 44.5198777], [11.8365941, 44.5193252], [11.8368336, 44.5192991], [11.8368992, 44.5191718], [11.8367111, 44.5191419], [11.8367023, 44.5189625], [11.8369575, 44.5190461], [11.8369322, 44.5192195], [11.8374733, 44.5193034], [11.8374919, 44.5194628], [11.8381279, 44.5198273], [11.8381547, 44.5199933], [11.8385546, 44.520259], [11.8387086, 44.5202365], [11.8386262, 44.5200979], [11.8385186, 44.5200872], [11.8385, 44.5199278], [11.837994, 44.5196501], [11.8379754, 44.5194908], [11.8375995, 44.5192999], [11.8375728, 44.5191339], [11.8368149, 44.5186892], [11.8367963, 44.5185298], [11.8362904, 44.5182521], [11.8362636, 44.5180861], [11.8360303, 44.5180785], [11.8360179, 44.5179268], [11.8357659, 44.517815], [11.8357391, 44.517649], [11.8355058, 44.5176414], [11.8354933, 44.5174897], [11.8353714, 44.5174647], [11.8353446, 44.5172987], [11.8351069, 44.5172012], [11.8349539, 44.5168651], [11.8347081, 44.516761], [11.834695, 44.5164916], [11.8348202, 44.5164885], [11.8348369, 44.5167302], [11.835219, 44.5169287], [11.8352314, 44.5170805], [11.8354834, 44.5171923], [11.835502, 44.5173516], [11.8360079, 44.5176293], [11.8360266, 44.5177887], [11.8364024, 44.5179796], [11.8364292, 44.5181456], [11.837057, 44.5185035], [11.8370694, 44.5186553], [11.8373214, 44.518767], [11.8373482, 44.518933], [11.8380082, 44.5193723], [11.8382162, 44.5194058], [11.8380836, 44.519128], [11.8379678, 44.5191107], [11.8379492, 44.5189513], [11.8374477, 44.5187635], [11.837429, 44.5186041], [11.8369231, 44.5183264], [11.8369045, 44.518167], [11.8363986, 44.5178893], [11.8363862, 44.5177376], [11.8360041, 44.517539], [11.8359855, 44.5173796], [11.8356096, 44.5171887], [11.8354566, 44.5168526], [11.8352108, 44.5167485], [11.835184, 44.5165825], [11.8349464, 44.516485], [11.834919, 44.5161458], [11.8346776, 44.5161316], [11.8347244, 44.5158111], [11.8346459, 44.5157024], [11.8344044, 44.5156882], [11.8342744, 44.5156014], [11.8343237, 44.5153647], [11.8341356, 44.5153348], [11.8341269, 44.5151554], [11.8345904, 44.5151402], [11.8347465, 44.5149599], [11.8349586, 44.514951], [11.8349935, 44.5148638], [11.8353196, 44.5148546], [11.8353662, 44.5147645], [11.8355982, 44.5147453], [11.8356131, 44.5146683], [11.8359509, 44.5146563], [11.8359858, 44.514569], [11.8362178, 44.5145499], [11.836354, 44.5143798], [11.8370644, 44.5142685], [11.8370993, 44.5141813], [11.837569, 44.5140718], [11.8377145, 44.5138959], [11.8380406, 44.5138867], [11.8380871, 44.5137966], [11.8383099, 44.5137833], [11.8383256, 44.5135566], [11.8381993, 44.5135213], [11.838191, 44.5133439], [11.8383048, 44.5133209], [11.8383098, 44.5132057], [11.8381822, 44.5131637], [11.8381515, 44.5125367], [11.8382709, 44.5125037], [11.8382686, 44.5123517], [11.8385194, 44.5123455], [11.8385741, 44.5124777], [11.8389984, 44.5124158], [11.8391418, 44.512302], [11.8391997, 44.5121011], [11.8388838, 44.5120659], [11.8388751, 44.5118865], [11.8389964, 44.5117934], [11.8392191, 44.5117801], [11.8393646, 44.5116042], [11.8401136, 44.5114956], [11.8399397, 44.5117378], [11.8400602, 44.5118116], [11.8402524, 44.5117622], [11.8405125, 44.5119358], [11.8405486, 44.5124548], [11.840762, 44.5124619], [11.8407818, 44.5122892], [11.8409041, 44.5122859], [11.8409194, 44.5124378], [11.8410413, 44.5124628], [11.8410544, 44.5127321], [11.8409293, 44.5127352], [11.8408928, 44.5125639], [11.8406751, 44.5125895], [11.8406873, 44.5127214], [11.8408031, 44.5127388], [11.840777, 44.5130869], [11.8409275, 44.5130824], [11.8410617, 44.5129744], [11.8410594, 44.5128224], [11.8411845, 44.5128193], [11.8413313, 44.5131477], [11.8414533, 44.5131727], [11.8414701, 44.5134144], [11.8416604, 44.5134824], [11.8418352, 44.5132532], [11.8421694, 44.5132878], [11.8423335, 44.5131508], [11.8427056, 44.5130515], [11.8427143, 44.5132309], [11.8425022, 44.5132398], [11.8424673, 44.5133271], [11.8421064, 44.5133052], [11.8420947, 44.5134264], [11.8419723, 44.5134659], [11.8419822, 44.5136993], [11.8417557, 44.5136685], [11.8417377, 44.5138406], [11.8419244, 44.5139258], [11.8421166, 44.5138764], [11.842121, 44.5139659], [11.8418787, 44.5139478], [11.8418825, 44.5142059], [11.8420084, 44.5142392], [11.8420213, 44.5144725], [11.8421472, 44.5145058], [11.8421659, 44.5146652], [11.8422816, 44.5146825], [11.8423028, 44.5150141], [11.8424248, 44.515039], [11.8425779, 44.5153751], [11.8426936, 44.5153924], [11.8428511, 44.5159452], [11.8430969, 44.5159225], [11.8431012, 44.5160121], [11.8429788, 44.5160515], [11.8429884, 44.5162489], [11.8431144, 44.5162822], [11.8431374, 44.5165315], [11.8432532, 44.5165488], [11.8433096, 44.5169039], [11.8435065, 44.5169334], [11.8435138, 44.5167224], [11.8438637, 44.5168432], [11.8443804, 44.5164307], [11.8445925, 44.5164218], [11.8446274, 44.5163345], [11.845001, 44.516325], [11.8453038, 44.5169345], [11.8454667, 44.5170327], [11.8458799, 44.5170199], [11.8461553, 44.5168086], [11.8461404, 44.5165044], [11.8458884, 44.5163927], [11.845876, 44.516241], [11.8457218, 44.5161346], [11.8455648, 44.5160861], [11.8452469, 44.5161386], [11.8452426, 44.5160491], [11.845588, 44.51608], [11.8458622, 44.5158536], [11.8460942, 44.5158344], [11.8462304, 44.5156644], [11.8464425, 44.5156555], [11.8464774, 44.5155682], [11.8468258, 44.5155517], [11.8469713, 44.5153758], [11.847423, 44.5153635], [11.8474695, 44.5152734], [11.8477956, 44.5152642], [11.8478422, 44.515174], [11.8480901, 44.5151677], [11.8481154, 44.5152439], [11.8483487, 44.5152514], [11.8483919, 44.5153367], [11.8486044, 44.5153351], [11.8489078, 44.5155939], [11.8494972, 44.5155829], [11.8495405, 44.5156682], [11.8497529, 44.5156665], [11.8497654, 44.5158183], [11.8499196, 44.5159246], [11.8503988, 44.5160105], [11.8504421, 44.5160958], [11.8506545, 44.5160941], [11.8506978, 44.5161794], [11.8509103, 44.5161777], [11.8509535, 44.5162631], [11.851138, 44.5162543], [11.8512834, 44.5160784], [11.8514955, 44.5160695], [11.8516517, 44.5158891], [11.8517768, 44.515886], [11.8517992, 44.5159621], [11.8520325, 44.5159697], [11.8525527, 44.5163167], [11.8525795, 44.5164827], [11.8528128, 44.5164903], [11.8528561, 44.5165756], [11.853756, 44.5166013], [11.8546995, 44.5165329], [11.8548323, 44.5166198], [11.8548448, 44.5167716], [11.8549668, 44.5167965], [11.8549837, 44.5170382], [11.8551056, 44.5170631], [11.8551188, 44.5173325], [11.8549222, 44.5172928], [11.8546554, 44.5173477], [11.8546286, 44.5174972], [11.855379, 44.5175064], [11.8555259, 44.5178349], [11.8556479, 44.5178598], [11.8556608, 44.5180931], [11.8557867, 44.5181264], [11.8558054, 44.5182858], [11.8560469, 44.5182999], [11.8560594, 44.5184517], [11.8561813, 44.5184766], [11.8561986, 44.5187999], [11.8563246, 44.5188331], [11.856329, 44.5189226], [11.8555783, 44.5189416], [11.8555203, 44.5188539], [11.8544556, 44.5188487], [11.85447, 44.5194733], [11.8545959, 44.5195066], [11.8546172, 44.5198381], [11.8547392, 44.5198631], [11.8547655, 44.5204022], [11.854523, 44.5205883], [11.854275, 44.5205947], [11.8541421, 44.5205078], [11.8541252, 44.5202661], [11.8540032, 44.5202412], [11.8539859, 44.5199179], [11.85386, 44.5198847], [11.8538369, 44.5196354], [11.8537211, 44.5196181], [11.8537042, 44.5193764], [11.8535823, 44.5193515], [11.8535522, 44.51884], [11.8533046, 44.5188183], [11.8532745, 44.5183068], [11.8528491, 44.518023], [11.8524357, 44.5180308], [11.8523892, 44.5181209], [11.8520407, 44.5181374], [11.8520165, 44.5182203], [11.8516788, 44.5182323], [11.8516439, 44.5183196], [11.8514119, 44.5183388], [11.851397, 44.5184158], [11.8511462, 44.5184221], [11.851114, 44.5183406], [11.850953, 44.5183371], [11.8508943, 44.5184284], [11.8505458, 44.5184449], [11.8502779, 44.5186602], [11.8503142, 44.5194331], [11.850189, 44.5194363], [11.8497988, 44.5191759], [11.849782, 44.5189343], [11.8496167, 44.518824], [11.8492033, 44.5188318], [11.8490355, 44.5190149], [11.848687, 44.5190314], [11.8486801, 44.5194379], [11.8488064, 44.5194732], [11.8487666, 44.5198901], [11.8489581, 44.5200075], [11.8489797, 44.5204207], [11.8491057, 44.520454], [11.8491325, 44.52062], [11.8492401, 44.5206307], [11.8492574, 44.5209539], [11.8493833, 44.5209872], [11.8494009, 44.5213465], [11.8491586, 44.5213284], [11.8491024, 44.5216648], [11.8491795, 44.5218645], [11.8493337, 44.5219709], [11.8496829, 44.52197], [11.8497152, 44.5220514], [11.8499978, 44.5220967], [11.8501901, 44.5220473], [11.8502452, 44.5221349], [11.8506972, 44.5221247], [11.8506541, 44.5222868], [11.8508316, 44.5223014], [11.8510169, 44.5224758], [11.8516815, 44.5224566], [11.8517163, 44.5223693], [11.8519285, 44.5223604], [11.8519633, 44.5222731], [11.8521953, 44.5222539], [11.8522131, 44.5221767], [11.8523354, 44.5221738], [11.8523541, 44.5223332], [11.85255, 44.522392], [11.8525873, 44.5221675], [11.8527096, 44.5221642], [11.8527447, 44.5222458], [11.8529682, 44.522248], [11.8530234, 44.5223356], [11.8532993, 44.5223287], [11.8533458, 44.5222386], [11.8534709, 44.5222354], [11.8536332, 44.5224036], [11.8537902, 44.5224521], [11.8539824, 44.5224027], [11.8541717, 44.5225326], [11.8548163, 44.5224708], [11.8548628, 44.5223807], [11.8553262, 44.5223655], [11.8553479, 44.5220084], [11.855473, 44.5220053], [11.8555207, 44.5221805], [11.8561102, 44.5221694], [11.8562725, 44.5223376], [11.8566218, 44.5223367], [11.856811, 44.5224665], [11.8570032, 44.5224171], [11.857178, 44.5225451], [11.8572551, 44.5224108], [11.8575031, 44.5224044], [11.8575607, 44.5225367], [11.8577589, 44.522488], [11.8578169, 44.5225757], [11.8582688, 44.5225655], [11.8583989, 44.5226523], [11.8584077, 44.5228317], [11.8567622, 44.5228739], [11.8567826, 44.5230524], [11.8566762, 44.5230685], [11.8566076, 44.5232108], [11.8569171, 44.5232295], [11.8569395, 44.5233056], [11.8571729, 44.5233131], [11.8572161, 44.5233985], [11.8575543, 44.5233936], [11.8577068, 44.5235565], [11.8579402, 44.523564], [11.8579834, 44.5236493], [11.858573, 44.5236382], [11.8586405, 44.5237263], [11.85895, 44.5236287], [11.8591393, 44.5237586], [11.8594487, 44.5237304], [11.8594489, 44.5235262], [11.8595713, 44.5234867], [11.8595614, 44.5232533], [11.8597735, 44.5232444], [11.8598084, 44.5231571], [11.8601462, 44.523145], [11.8603023, 44.5229647], [11.8604274, 44.5229615], [11.8607345, 44.5231768], [11.8611623, 44.5231154], [11.8612945, 44.5226697], [11.8614158, 44.5225767], [11.8616386, 44.5225633], [11.861784, 44.5223874], [11.8619092, 44.5223842], [11.8619644, 44.5224718], [11.8622906, 44.5224647], [11.8623458, 44.5225523], [11.8626721, 44.5225451], [11.8628021, 44.5226319], [11.8628378, 44.5229777], [11.8631078, 44.5231566], [11.8633313, 44.5231588], [11.8633438, 44.5233105], [11.863498, 44.5234169], [11.8638473, 44.5234159], [11.8638642, 44.5236576], [11.8639865, 44.5236845], [11.8639906, 44.523772], [11.8638681, 44.5238115], [11.8638822, 44.5240988], [11.8640082, 44.5241321], [11.8640126, 44.5242216], [11.8635535, 44.5243268], [11.8635187, 44.524414], [11.8631809, 44.5244261], [11.863146, 44.5245134], [11.862914, 44.5245326], [11.8628991, 44.5246096], [11.8626144, 44.5246241], [11.8626565, 44.5247958], [11.8625314, 44.5247989], [11.8625662, 44.5246306], [11.8624249, 44.5246293], [11.8621626, 44.5249882], [11.8616991, 44.5250034], [11.8614217, 44.5252769], [11.8611897, 44.5252961], [11.8611832, 44.5255169], [11.8613092, 44.5255501], [11.8614712, 44.526066], [11.8617641, 44.5262118], [11.8619685, 44.5261638], [11.8619729, 44.5262533], [11.8617255, 44.526243], [11.8617935, 44.5264381], [11.8619537, 44.5264264], [11.8619779, 44.5263436], [11.8624613, 44.5263181], [11.8626577, 44.5260991], [11.8624674, 44.5260609], [11.862463, 44.5259713], [11.8629149, 44.5259589], [11.8629614, 44.5258688], [11.8631934, 44.5258496], [11.8632083, 44.5257726], [11.8636718, 44.5257573], [11.8637023, 44.5255801], [11.8638274, 44.525577], [11.8638362, 44.5257564], [11.8636546, 44.5258918], [11.8637367, 44.5262631], [11.8638627, 44.5262963], [11.8638796, 44.526538], [11.8641317, 44.5266497], [11.8641442, 44.5268014], [11.8642662, 44.5268263], [11.8642787, 44.5269781], [11.864444, 44.5270883], [11.8647634, 44.5270706], [11.8647739, 44.5269036], [11.865259, 44.5265313], [11.8657225, 44.5265161], [11.8658786, 44.5263357], [11.8663377, 44.5262306], [11.8663726, 44.5261433], [11.8668206, 44.5261766], [11.8670981, 44.5261173], [11.8671135, 44.5258546], [11.8673609, 44.5258649], [11.8673516, 44.5255785], [11.8675482, 44.5256182], [11.8676569, 44.5255469], [11.8675897, 44.5253025], [11.8682176, 44.5252867], [11.8682345, 44.5255284], [11.8683569, 44.5255553], [11.8683446, 44.5259964], [11.8684763, 44.5259926], [11.8685004, 44.5259098], [11.8691283, 44.525894], [11.8691327, 44.5259835], [11.8690103, 44.526023], [11.869038, 44.5266161], [11.8687306, 44.5267568], [11.8688172, 44.5272157], [11.8690733, 44.5273358], [11.8690821, 44.5275152], [11.8689609, 44.5276083], [11.8687288, 44.5276275], [11.8687183, 44.5277944], [11.8684778, 44.5279185], [11.8684846, 44.5281604], [11.8683653, 44.5281914], [11.8683119, 44.5284756], [11.868381, 44.5286131], [11.8682671, 44.5286362], [11.8682039, 44.5288384], [11.8682899, 44.529218], [11.8684119, 44.5292429], [11.8684251, 44.5295123], [11.8681826, 44.5296984], [11.8680574, 44.5297015], [11.8680022, 44.529614], [11.8673492, 44.5296304], [11.8673027, 44.5297205], [11.8669542, 44.529737], [11.86693, 44.5298199], [11.8665922, 44.529832], [11.8665574, 44.5299193], [11.8662195, 44.5299314], [11.8661847, 44.5300187], [11.8658469, 44.5300308], [11.865812, 44.5301181], [11.8653553, 44.530086], [11.8653136, 44.5302206], [11.8651913, 44.5302239], [11.86499, 44.5300939], [11.8649346, 44.5301853], [11.8653225, 44.5304008], [11.8653493, 44.5305668], [11.8655827, 44.5305743], [11.8658752, 44.5308293], [11.8660987, 44.5308314], [11.8662288, 44.5309182], [11.8662476, 44.5310776], [11.8664935, 44.5311816], [11.866506, 44.5313334], [11.8666505, 44.5314344], [11.8668838, 44.5314419], [11.8669205, 44.5316132], [11.8676469, 44.5316028], [11.8676594, 44.5317545], [11.8677818, 44.5317814], [11.8678123, 44.5324084], [11.8676984, 44.5324315], [11.8676951, 44.5325554], [11.8678211, 44.5325887], [11.8678443, 44.532838], [11.8680902, 44.532942], [11.8681031, 44.5331753], [11.8682292, 44.5332086], [11.8682479, 44.533368], [11.8684938, 44.533472], [11.8685063, 44.5336238], [11.8686284, 44.5336487], [11.8686541, 44.5340702], [11.8688195, 44.5341804], [11.869032, 44.5341787], [11.8690533, 44.5345103], [11.8693011, 44.534532], [11.8693279, 44.534698], [11.869687, 44.5347024], [11.8697047, 44.5350616], [11.8695908, 44.5350847], [11.8695859, 44.5351998], [11.8697135, 44.5352418], [11.8697179, 44.5353314], [11.8695987, 44.5353623], [11.8696036, 44.5355595], [11.8697312, 44.5356015], [11.8697625, 44.5358574], [11.8700678, 44.536043], [11.8708343, 44.5360228], [11.8708836, 44.5359324], [11.8722602, 44.5358978], [11.8723064, 44.5359832], [11.8725189, 44.5359815], [11.8725454, 44.5365206], [11.8724262, 44.5365516], [11.8724286, 44.5367036], [11.8719694, 44.5368088], [11.8719346, 44.536896], [11.8717224, 44.536905], [11.8716876, 44.5369923], [11.8703679, 44.5370257], [11.8703092, 44.537117], [11.8701125, 44.5370773], [11.8690639, 44.5371685], [11.8690987, 44.5380929], [11.8692264, 44.5381349], [11.869254, 44.5384741], [11.8707526, 44.5384566], [11.8707571, 44.5385461], [11.8705219, 44.5386623], [11.8705186, 44.5387861], [11.8708961, 44.5388131], [11.8709229, 44.5389791], [11.8711563, 44.5389866], [11.871174, 44.5393458], [11.8710516, 44.5393853], [11.8710657, 44.5396726], [11.8713218, 44.5397926], [11.8713262, 44.5398822], [11.8709158, 44.5398998], [11.8709551, 44.5400717], [11.8708328, 44.5400746], [11.870858, 44.5399013], [11.8705604, 44.5399024], [11.8705808, 44.540081], [11.8703327, 44.5400874], [11.8703327, 44.5399082], [11.8692318, 44.539892], [11.8688357, 44.5400482], [11.8688296, 44.540305], [11.8687064, 44.5403534], [11.8687307, 44.5404746], [11.8689641, 44.5404821], [11.8690943, 44.5405689], [11.869131, 44.5407402], [11.8694137, 44.5407855], [11.8697317, 44.5407329], [11.8697535, 44.541146], [11.8698799, 44.5411813], [11.8697651, 44.541407], [11.8698928, 44.541449], [11.8699061, 44.5417184], [11.8697997, 44.5417344], [11.8697892, 44.5419014], [11.8696699, 44.5419323], [11.8696723, 44.5420843], [11.8694371, 44.5422005], [11.8694522, 44.542347], [11.8698113, 44.5423513], [11.8699639, 44.5425142], [11.8701973, 44.5425217], [11.8702525, 44.5426092], [11.8722105, 44.5425608], [11.8722566, 44.5426463], [11.8725949, 44.5426414], [11.8726037, 44.5428208], [11.8722547, 44.543023], [11.8722442, 44.54319], [11.8720016, 44.5433761], [11.8715424, 44.5434813], [11.8715076, 44.5435686], [11.8711697, 44.5435807], [11.8711348, 44.543668], [11.8709227, 44.543677], [11.8708878, 44.5437642], [11.8706756, 44.5437732], [11.8706408, 44.5438605], [11.8704547, 44.5439082], [11.8706819, 44.5441221], [11.871157, 44.544118], [11.8712871, 44.5442047], [11.8713004, 44.5444741], [11.8711865, 44.5444971], [11.8711832, 44.544621], [11.8715607, 44.544648], [11.8715053, 44.5447886], [11.871592, 44.5449039], [11.8718254, 44.5449114], [11.8719989, 44.5450834], [11.8722115, 44.5450817], [11.8722302, 44.5452411], [11.8724718, 44.5452552], [11.8725085, 44.5454265], [11.8728578, 44.5454255], [11.8728666, 44.545605], [11.8727528, 44.545628], [11.8727478, 44.5457432], [11.8728759, 44.5457872], [11.8729286, 44.5468637], [11.872049, 44.5468859], [11.8716586, 44.5466256], [11.8716317, 44.5464596], [11.8708732, 44.5460152], [11.8708463, 44.5458492], [11.8700879, 44.5454048], [11.8700692, 44.5452454], [11.869693, 44.5450546], [11.8696661, 44.5448886], [11.869168, 44.5446177], [11.8691411, 44.5444517], [11.8684904, 44.544018], [11.8682812, 44.5439734], [11.8682707, 44.5440803], [11.8686469, 44.5442711], [11.8686656, 44.5444305], [11.8690417, 44.5446213], [11.8690604, 44.5447807], [11.869827, 44.5452317], [11.8698458, 44.5453911], [11.8703521, 44.5456686], [11.870491, 44.5459348], [11.8703659, 44.545938], [11.8699754, 44.5456777], [11.8699567, 44.5455183], [11.8693202, 44.545154], [11.8693015, 44.5449947], [11.8689254, 44.5448039], [11.8689067, 44.5446445], [11.8686651, 44.5446304], [11.8686464, 44.544471], [11.8681401, 44.5441934], [11.8681214, 44.5440341], [11.8676151, 44.5437565], [11.8675964, 44.5435971], [11.8672202, 44.5434063], [11.8671934, 44.5432403], [11.8669599, 44.5432328], [11.8666997, 44.5430593], [11.8666728, 44.5428933], [11.8660446, 44.5425356], [11.8660357, 44.5423562], [11.8661609, 44.542353], [11.8664212, 44.5425266], [11.8664481, 44.5426925], [11.8666815, 44.5427001], [11.8668116, 44.5427868], [11.8668303, 44.5429462], [11.8674667, 44.5433105], [11.8674854, 44.5434699], [11.8678616, 44.5436607], [11.8678884, 44.5438267], [11.8680395, 44.5439227], [11.8683433, 44.5439594], [11.8683702, 44.5438555], [11.868118, 44.5437439], [11.8679647, 44.5434078], [11.8674584, 44.5431303], [11.8674397, 44.5429709], [11.8669334, 44.5426933], [11.8669066, 44.5425273], [11.8666732, 44.5425198], [11.8666463, 44.5423538], [11.8660181, 44.5419961], [11.8659994, 44.5418368], [11.8654931, 44.5415592], [11.8654662, 44.5413932], [11.8647079, 44.5409487], [11.864681, 44.5407827], [11.8639227, 44.5403383], [11.863904, 44.5401789], [11.8633978, 44.5399013], [11.8633852, 44.5397496], [11.8632408, 44.5396486], [11.8629272, 44.5395995], [11.8628852, 44.5396981], [11.8632715, 44.5399049], [11.8634148, 44.540261], [11.8632897, 44.5402641], [11.863271, 44.5401048], [11.8627648, 44.5398272], [11.8627379, 44.5396612], [11.8625045, 44.5396537], [11.8624858, 44.5394943], [11.8621834, 44.5393473], [11.862118, 44.5394833], [11.8618774, 44.5396073], [11.8618955, 44.5400742], [11.8622085, 44.5402906], [11.8630333, 44.5401809], [11.8631634, 44.5402677], [11.8631903, 44.5404337], [11.8641012, 44.541041], [11.8643002, 44.5410901], [11.8643208, 44.5409787], [11.8638146, 44.5407011], [11.8638021, 44.5405493], [11.8636801, 44.5405244], [11.8636757, 44.5404349], [11.8638008, 44.5404317], [11.8643214, 44.5407788], [11.8643482, 44.5409448], [11.8645816, 44.5409523], [11.8646003, 44.5411117], [11.8651066, 44.5413892], [11.8651253, 44.5415486], [11.8655014, 44.5417394], [11.8655058, 44.5418289], [11.8653806, 44.5418321], [11.8645998, 44.5413115], [11.864573, 44.5411456], [11.8642223, 44.5411169], [11.8642357, 44.5412177], [11.8644739, 44.5413171], [11.8644912, 44.5416744], [11.8643773, 44.5416974], [11.8643743, 44.5418574], [11.8642511, 44.5419057], [11.8644018, 44.542197], [11.8646434, 44.5422111], [11.8646986, 44.5422987], [11.8654022, 44.5422821], [11.8667035, 44.5431496], [11.8665866, 44.5433322], [11.8662487, 44.5433443], [11.8661, 44.5434547], [11.8662496, 44.5437778], [11.8669355, 44.5437729], [11.8671034, 44.5435897], [11.8672285, 44.5435866], [11.8673587, 44.5436733], [11.8673855, 44.5438393], [11.868144, 44.5442838], [11.8681708, 44.5444497], [11.8689293, 44.5448942], [11.868948, 44.5450536], [11.8695844, 44.5454179], [11.8696031, 44.5455772], [11.8702396, 44.5459415], [11.8702583, 44.5461009], [11.8706345, 44.5462917], [11.8706532, 44.5464511], [11.8708992, 44.5465551], [11.8709117, 44.5467069], [11.8710338, 44.5467318], [11.8710695, 44.5470776], [11.8714698, 44.5473432], [11.8719493, 44.5474289], [11.87247, 44.5477759], [11.8724825, 44.5479277], [11.8727347, 44.5480393], [11.8727534, 44.5481987], [11.8729994, 44.5483028], [11.8730614, 44.5495611], [11.8729421, 44.5495921], [11.8729489, 44.549834], [11.8728276, 44.5499271], [11.8726048, 44.5499405], [11.8725806, 44.5500234], [11.8722426, 44.5500355], [11.872205, 44.550123], [11.8715796, 44.5501386], [11.8715121, 44.5500505], [11.8702425, 44.5500833], [11.870202, 44.5503535], [11.8700796, 44.5503564], [11.869787, 44.5501014], [11.8695634, 44.5500993], [11.8693899, 44.5499272], [11.8688001, 44.5499384], [11.8687568, 44.5498531], [11.8684689, 44.5498578], [11.8684312, 44.5501277], [11.8682258, 44.5500894], [11.8681838, 44.5501879], [11.86844, 44.550308], [11.868468, 44.5505181], [11.8687004, 44.5504815], [11.8687048, 44.550571], [11.8684694, 44.5505461], [11.8682195, 44.5509433], [11.8672689, 44.5510583], [11.8672224, 44.5511484], [11.8668738, 44.5511649], [11.8668496, 44.5512478], [11.8662718, 44.5512634], [11.8662253, 44.5513535], [11.8656475, 44.5513691], [11.865601, 44.5514592], [11.8651373, 44.5514745], [11.8651024, 44.5515617], [11.8646456, 44.5515297], [11.8646039, 44.5516643], [11.8642659, 44.5516764], [11.8642311, 44.5517636], [11.863779, 44.5517761], [11.8637325, 44.5518662], [11.8632489, 44.5518917], [11.8631813, 44.5521183], [11.8632696, 44.5523149], [11.8635031, 44.5523225], [11.8635207, 44.5526817], [11.8634143, 44.5526978], [11.8634038, 44.5528647], [11.8632845, 44.5528957], [11.8632913, 44.5531376], [11.8631774, 44.5531607], [11.8631788, 44.5534105], [11.8630724, 44.5534265], [11.8630619, 44.5535935], [11.8629425, 44.5536245], [11.8629531, 44.5538387], [11.8632009, 44.5538605], [11.8632277, 44.5540265], [11.8635869, 44.5540308], [11.8636422, 44.5541184], [11.8643458, 44.5541018], [11.8643781, 44.5541832], [11.8647275, 44.5541822], [11.8647951, 44.5542704], [11.8651047, 44.5541728], [11.8651268, 44.5546219], [11.8650075, 44.5546529], [11.8650099, 44.5548049], [11.8648847, 44.5548081], [11.8648325, 44.5544986], [11.8646387, 44.5545576], [11.8646238, 44.5546346], [11.8644009, 44.554648], [11.86408, 44.5549423], [11.8641429, 44.5550968], [11.8637761, 44.5553762], [11.8630249, 44.5553949], [11.8629816, 44.5553096], [11.8625175, 44.5553176], [11.8624622, 44.55523], [11.8617586, 44.5552466], [11.8615851, 44.5550745], [11.8611632, 44.5550386], [11.8610065, 44.5551056], [11.8610079, 44.5553555], [11.8608854, 44.555395], [11.8610211, 44.5556252], [11.8607982, 44.5556386], [11.8607785, 44.5558113], [11.8605555, 44.5558247], [11.86041, 44.5560006], [11.860072, 44.5560127], [11.8600372, 44.5561], [11.859805, 44.5561192], [11.8597901, 44.5561962], [11.8595391, 44.5562025], [11.8595262, 44.5559692], [11.8594001, 44.5559359], [11.8593814, 44.5557765], [11.8591398, 44.5557624], [11.8590846, 44.5556748], [11.8583177, 44.5556931], [11.858259, 44.5557844], [11.8576336, 44.5558003], [11.8574454, 44.5556258], [11.8565289, 44.5556513], [11.8565026, 44.5558824], [11.8566286, 44.5559157], [11.8566517, 44.556165], [11.8567676, 44.5561823], [11.8567937, 44.5566853], [11.8569198, 44.5567186], [11.8569415, 44.5571318], [11.8570675, 44.557165], [11.8570892, 44.5575782], [11.8572153, 44.5576115], [11.8572197, 44.557701], [11.856977, 44.5578871], [11.8560928, 44.5578192], [11.8556701, 44.5574775], [11.8551905, 44.5573917], [11.8551472, 44.5573063], [11.8548089, 44.5573112], [11.8547413, 44.557223], [11.854581, 44.5572346], [11.8545568, 44.5573175], [11.8541801, 44.5573269], [11.8541478, 44.5572455], [11.8536682, 44.5571597], [11.8535058, 44.5569915], [11.8532822, 44.5569893], [11.8530219, 44.5568157], [11.8530002, 44.5564026], [11.8528741, 44.5563693], [11.8528616, 44.5562175], [11.8526094, 44.5561058], [11.8525826, 44.5559398], [11.8522146, 44.5557556], [11.8520676, 44.5554272], [11.8519455, 44.5554022], [11.8519286, 44.5551606], [11.8516764, 44.5550489], [11.8516501, 44.5545098], [11.851764, 44.5544867], [11.8518011, 44.5543329], [11.8516693, 44.5543366], [11.8515237, 44.5545125], [11.8513115, 44.5545215], [11.8511627, 44.5546318], [11.8510427, 44.5549747], [11.8509234, 44.5550056], [11.8509257, 44.5551576], [11.8508064, 44.5551886], [11.8508088, 44.5553406], [11.850581, 44.5554497], [11.8505704, 44.5556166], [11.8504511, 44.5556476], [11.8504535, 44.5557996], [11.8496995, 44.5558184], [11.8496673, 44.555737], [11.8491877, 44.5556512], [11.8491444, 44.5555659], [11.8489318, 44.5555675], [11.8487694, 44.5553993], [11.8485458, 44.5553971], [11.8482631, 44.5551475], [11.8480296, 44.5551399], [11.8478562, 44.5549678], [11.8476436, 44.5549695], [11.8474812, 44.5548013], [11.8472575, 44.5547991], [11.8468671, 44.5545388], [11.8467139, 44.5542027], [11.8462076, 44.5539251], [11.8461899, 44.5535678], [11.8464411, 44.5535595], [11.8465007, 44.553737], [11.8469025, 44.553727], [11.8470629, 44.5536138], [11.8470616, 44.553364], [11.8476695, 44.5529523], [11.8476559, 44.5527466], [11.8475339, 44.5527216], [11.8475214, 44.5525699], [11.8473993, 44.552545], [11.8473758, 44.5524247], [11.8470177, 44.5524645], [11.8468876, 44.5523777], [11.8469225, 44.5522094], [11.8466777, 44.5522039], [11.845903, 44.5528524], [11.8453252, 44.5528678], [11.8452786, 44.5529579], [11.8451534, 44.5529611], [11.8448932, 44.5527875], [11.8448663, 44.5526215], [11.8443682, 44.5523505], [11.8443414, 44.5521845], [11.8438433, 44.5519134], [11.8438247, 44.551754], [11.8434486, 44.5515632], [11.8434299, 44.5514038], [11.8431839, 44.5512997], [11.8431667, 44.5509764], [11.8430407, 44.5509432], [11.8430172, 44.5508229], [11.8426591, 44.5508626], [11.8422687, 44.5506023], [11.8422419, 44.5504363], [11.8417438, 44.5501652], [11.8415969, 44.5498368], [11.8414748, 44.5498118], [11.8414624, 44.5496601], [11.8413403, 44.5496351], [11.8413279, 44.5494834], [11.8412058, 44.5494584], [11.8411934, 44.5493067], [11.8410713, 44.5492817], [11.8410589, 44.54913], [11.8409368, 44.549105], [11.8409325, 44.5490155], [11.841055, 44.548976], [11.8410451, 44.5487426], [11.8411644, 44.5487117], [11.8411522, 44.5485797], [11.8409106, 44.5485655], [11.8399773, 44.547882], [11.8397439, 44.5478744], [11.8394837, 44.5477008], [11.8393367, 44.5473724], [11.8392147, 44.5473474], [11.8392023, 44.5471956], [11.8390802, 44.5471707], [11.8390678, 44.5470189], [11.8389457, 44.546994], [11.8389333, 44.5468422], [11.8388113, 44.5468173], [11.8387988, 44.5466655], [11.8386768, 44.5466406], [11.83866, 44.5463989], [11.8385379, 44.546374], [11.8383848, 44.5460379], [11.838269, 44.5460206], [11.8382521, 44.5457789], [11.8381301, 44.5457539], [11.8381033, 44.5455879], [11.8379956, 44.5455772], [11.8379788, 44.5453356], [11.8378568, 44.5453106], [11.8378312, 44.5448891], [11.83765, 44.544821], [11.8374577, 44.5448704], [11.8373276, 44.5447836], [11.8373233, 44.5446941], [11.8374456, 44.5446909], [11.8376123, 44.5448158], [11.8377046, 44.5447744], [11.8375747, 44.5446875], [11.8375561, 44.5445281], [11.8374402, 44.5445107], [11.8374182, 44.5440636], [11.8375409, 44.5440221], [11.8375048, 44.5432492], [11.8376281, 44.5432009], [11.8375735, 44.5420792], [11.837697, 44.5420289], [11.8376339, 44.5407253], [11.8377477, 44.5407023], [11.8377508, 44.5405423], [11.8378722, 44.5404493], [11.8381984, 44.5404401], [11.838245, 44.54035], [11.8384932, 44.5403074], [11.8384792, 44.5400201], [11.838321, 44.5399054], [11.8381516, 44.5398572], [11.8379997, 44.5399134], [11.8379799, 44.5400861], [11.8377246, 44.5400024], [11.8376938, 44.5393754], [11.8378165, 44.539334], [11.837791, 44.5387857], [11.8376634, 44.5387436], [11.8376283, 44.5380267], [11.8377477, 44.5379937], [11.8377367, 44.5376619], [11.8378591, 44.5376224], [11.8378405, 44.5372092], [11.8379638, 44.5371609], [11.8378614, 44.5350481], [11.8379807, 44.5350171], [11.837974, 44.5347752], [11.8381861, 44.5347663], [11.8383274, 44.534663], [11.8384549, 44.5343131], [11.838634, 44.5341881], [11.8383161, 44.5340461], [11.8383118, 44.5339566], [11.8386236, 44.5339058], [11.8385364, 44.5337839], [11.8384287, 44.5337732], [11.8384156, 44.5335039], [11.8385909, 44.5333855], [11.8385881, 44.5331799], [11.8384891, 44.5324578], [11.8383631, 44.5324245], [11.8383419, 44.5320929], [11.8382199, 44.532068], [11.8383345, 44.5318402], [11.8382068, 44.5317982], [11.8381813, 44.5313767], [11.8380593, 44.5313518], [11.8380333, 44.5308487], [11.8379074, 44.5308154], [11.8378597, 44.5306401], [11.8373958, 44.5306481], [11.837379, 44.5304064], [11.837257, 44.5303814], [11.8372354, 44.5299683], [11.8371095, 44.529935], [11.8370883, 44.5296034], [11.8369659, 44.5295764], [11.8369401, 44.5290393], [11.8371678, 44.5289303], [11.8371809, 44.5288446], [11.8368056, 44.5288622], [11.8367841, 44.5284491], [11.8366581, 44.5284158], [11.8366366, 44.5280026], [11.8365106, 44.5279693], [11.8365017, 44.5277919], [11.836961, 44.5276848], [11.8369959, 44.5275975], [11.837208, 44.5275887], [11.8372429, 44.5275014], [11.8374657, 44.5274881], [11.8376092, 44.5273743], [11.8376668, 44.5271711], [11.8375839, 44.5269726], [11.8374129, 44.5268676], [11.8367599, 44.5268839], [11.8367134, 44.526974], [11.8364654, 44.5269804], [11.8364193, 44.5268949], [11.8362068, 44.5268966], [11.83619, 44.5266549], [11.8359379, 44.5265432], [11.8359891, 44.5263126], [11.8358989, 44.5257703], [11.8357729, 44.525737], [11.8357511, 44.5252878], [11.8358725, 44.5251948], [11.8360953, 44.5251815], [11.8361195, 44.5250986], [11.8363515, 44.5250795], [11.8364858, 44.5249715], [11.8364793, 44.5247656], [11.8361801, 44.5245602], [11.8359956, 44.524569], [11.8359757, 44.5247417], [11.8358506, 44.5247448], [11.8356884, 44.5245766], [11.8352091, 44.5244907], [11.8351658, 44.5244054], [11.8349533, 44.524407], [11.8349318, 44.5239939], [11.8348058, 44.5239606], [11.8347887, 44.5236373], [11.8346627, 44.523604], [11.8346397, 44.5233547], [11.8345239, 44.5233374], [11.8345071, 44.5230957], [11.8343851, 44.5230708], [11.8343683, 44.5228291], [11.8342464, 44.5228041], [11.8342296, 44.5225625], [11.8341076, 44.5225375], [11.8340808, 44.5223715], [11.8339732, 44.5223608], [11.8339564, 44.5221191], [11.8338344, 44.5220942]], [[11.8690228, 44.5390123], [11.8691449, 44.5390372], [11.8691636, 44.5391965], [11.8694897, 44.5393421], [11.8695317, 44.5392435], [11.8694057, 44.5392103], [11.8693969, 44.5390308], [11.869522, 44.5390277], [11.8695773, 44.5391153], [11.8699789, 44.5391052], [11.8700254, 44.539015], [11.870374, 44.5389985], [11.8704562, 44.5388583], [11.8699407, 44.5387021], [11.8697646, 44.5388411], [11.8695679, 44.5388015], [11.869416, 44.5388577], [11.8693919, 44.5389405], [11.8692667, 44.5389437], [11.8692234, 44.5388584], [11.8690389, 44.5388672], [11.8690228, 44.5390123]], [[11.8703301, 44.547207], [11.8702585, 44.5473624], [11.8704361, 44.547377], [11.8704913, 44.5474646], [11.870779, 44.5474548], [11.8708741, 44.5473252], [11.8707624, 44.5472355], [11.8705579, 44.5472835], [11.8705027, 44.5471959], [11.8703301, 44.547207]], [[11.8695713, 44.547136], [11.8694239, 44.5472672], [11.8694388, 44.5475457], [11.8695971, 44.5476604], [11.8700218, 44.5476564], [11.8701822, 44.5475432], [11.870245, 44.5473322], [11.8701441, 44.5471216], [11.8698369, 44.5470787], [11.8695713, 44.547136]], [[11.8693909, 44.536001], [11.8695373, 44.5358887], [11.8693867, 44.5358932], [11.8693909, 44.536001]], [[11.8690072, 44.5361319], [11.8692127, 44.5361976], [11.8693137, 44.53612], [11.8691914, 44.5358858], [11.8689935, 44.5359261], [11.8690072, 44.5361319]], [[11.8691258, 44.5396865], [11.8692236, 44.5398861], [11.8693649, 44.5398179], [11.8692632, 44.5396676], [11.8691258, 44.5396865]], [[11.8678711, 44.5258892], [11.8680404, 44.5260077], [11.8681834, 44.5259813], [11.8680435, 44.525516], [11.867857, 44.5256019], [11.8678711, 44.5258892]], [[11.8678799, 44.5253441], [11.8679125, 44.5254742], [11.8680663, 44.5255113], [11.8680932, 44.5254074], [11.8678799, 44.5253441]], [[11.8666517, 44.5284801], [11.8661392, 44.5288697], [11.8661342, 44.5289848], [11.8662619, 44.5290269], [11.866285, 44.5292761], [11.8666522, 44.5292871], [11.8666746, 44.5293632], [11.866908, 44.5293707], [11.8669513, 44.529456], [11.8673721, 44.5293554], [11.8674069, 44.5292682], [11.8677776, 44.5292309], [11.8677666, 44.5289351], [11.8676406, 44.5289018], [11.8676277, 44.5286685], [11.8675017, 44.5286352], [11.867454, 44.52846], [11.8670443, 44.5284221], [11.8666517, 44.5284801]], [[11.8666765, 44.532347], [11.8665533, 44.5323953], [11.8665766, 44.532772], [11.8668243, 44.5327938], [11.8668677, 44.5328791], [11.8672812, 44.5328712], [11.8673277, 44.5327811], [11.8676347, 44.5327469], [11.867417, 44.5322585], [11.8671755, 44.5322444], [11.8670099, 44.532119], [11.8666963, 44.5321742], [11.8666765, 44.532347]], [[11.8671737, 44.5465594], [11.8670762, 44.5468805], [11.8671728, 44.5470011], [11.8675221, 44.5470001], [11.8675544, 44.5470816], [11.8677276, 44.5470839], [11.8677741, 44.5469938], [11.8679863, 44.5469848], [11.8681351, 44.5468745], [11.8682553, 44.5465676], [11.8679399, 44.5464045], [11.8676499, 44.5464642], [11.8675044, 44.5466401], [11.8671737, 44.5465594]], [[11.8670578, 44.5469092], [11.8669007, 44.5468044], [11.8669071, 44.5469122], [11.8670578, 44.5469092]], [[11.8660421, 44.5501878], [11.8659189, 44.5502361], [11.8659289, 44.5503431], [11.8660943, 44.5504533], [11.8666561, 44.550435], [11.866853, 44.550037], [11.8667696, 44.5498296], [11.8664802, 44.5496402], [11.86617, 44.5496522], [11.8661502, 44.5498249], [11.8660277, 44.5498645], [11.8660421, 44.5501878]], [[11.8554154, 44.533592], [11.8557976, 44.5337904], [11.8558163, 44.5339498], [11.8563547, 44.5343089], [11.8567793, 44.5343049], [11.8568258, 44.5342148], [11.856951, 44.5342117], [11.8569598, 44.5343911], [11.8565327, 44.5344209], [11.8566095, 44.534567], [11.8567763, 44.5346208], [11.85722, 44.5345651], [11.8573501, 44.5346518], [11.8573545, 44.5347413], [11.8570915, 44.5347489], [11.8570468, 44.5348089], [11.8572376, 44.5349247], [11.8572563, 44.5350841], [11.8577624, 44.5353617], [11.8577811, 44.5355211], [11.8580274, 44.5356271], [11.8580358, 44.5358046], [11.8579107, 44.5358077], [11.8574979, 44.5354713], [11.8573668, 44.5354646], [11.8574253, 44.5358069], [11.8577844, 44.5358113], [11.8580916, 44.5360265], [11.8582961, 44.5359785], [11.8586864, 44.5362388], [11.8587221, 44.5365846], [11.8588889, 44.5366384], [11.8590812, 44.536589], [11.8591245, 44.5366743], [11.859337, 44.5366726], [11.8593557, 44.536832], [11.8598619, 44.5371096], [11.8598806, 44.537269], [11.8603867, 44.5375466], [11.8604136, 44.5377126], [11.8612166, 44.5381983], [11.86129, 44.5380917], [11.8610379, 44.53798], [11.8610335, 44.5378904], [11.8636103, 44.5378256], [11.8639042, 44.5376182], [11.863872, 44.536739], [11.8639933, 44.5366459], [11.8644569, 44.5366306], [11.8645518, 44.536503], [11.8643024, 44.5364131], [11.8641101, 44.5364625], [11.8641506, 44.5360459], [11.863962, 44.5360141], [11.8639448, 44.5356568], [11.8641263, 44.5355215], [11.8639953, 44.5341272], [11.8641168, 44.5340321], [11.8642419, 44.5340289], [11.864271, 44.5344124], [11.864511, 44.5343823], [11.8645242, 44.5346516], [11.8644018, 44.5346911], [11.8644186, 44.5350596], [11.8645463, 44.5351016], [11.8645731, 44.5352676], [11.8649322, 44.5352719], [11.8649875, 44.5353595], [11.8653769, 44.5353506], [11.8654356, 44.5352593], [11.8658095, 44.5352135], [11.8657881, 44.5349559], [11.8655477, 44.534984], [11.8655392, 44.5348066], [11.865783, 44.534674], [11.8657693, 44.5344683], [11.8656469, 44.5344414], [11.8657455, 44.534101], [11.8656296, 44.5340837], [11.8655749, 44.5339515], [11.8653926, 44.534013], [11.8653749, 44.5340903], [11.8652525, 44.5340932], [11.8651973, 44.5340056], [11.8647449, 44.5340139], [11.8647409, 44.5339264], [11.865566, 44.5339503], [11.8657798, 44.533893], [11.8656951, 44.5337691], [11.8654907, 44.5338171], [11.8654863, 44.5337276], [11.8656829, 44.5337673], [11.865919, 44.5336903], [11.8658365, 44.5335518], [11.8656819, 44.5334994], [11.8653546, 44.5335507], [11.8652965, 44.533463], [11.8647188, 44.5334764], [11.8646522, 44.5333433], [11.8637116, 44.5334119], [11.8636535, 44.5333242], [11.8630758, 44.5333376], [11.8630206, 44.53325], [11.862619, 44.5332601], [11.8625725, 44.5333502], [11.8624501, 44.5333535], [11.8623169, 44.5332668], [11.8623343, 44.5336263], [11.8617645, 44.5335507], [11.8617058, 44.533642], [11.8615806, 44.5336452], [11.8614505, 44.5335584], [11.8614417, 44.533379], [11.8615669, 44.5333758], [11.8616216, 44.533508], [11.8617946, 44.5334524], [11.8618332, 44.5331921], [11.8613645, 44.5331557], [11.861311, 44.5332918], [11.8602428, 44.5333188], [11.8601841, 44.5334101], [11.8596818, 44.5334227], [11.8597329, 44.5331921], [11.8596349, 44.533115], [11.8595514, 44.5331318], [11.8595468, 44.533246], [11.8586674, 44.5332681], [11.8586487, 44.5331087], [11.8583352, 44.5329165], [11.8571917, 44.532946], [11.8571424, 44.5330364], [11.8567686, 44.5330455], [11.8567134, 44.532958], [11.8561122, 44.5329754], [11.8561251, 44.5332387], [11.8563611, 44.5332326], [11.8563959, 44.5331453], [11.8567725, 44.5331359], [11.8567857, 44.5334052], [11.8564091, 44.5334146], [11.8563658, 44.5333293], [11.8558217, 44.5332958], [11.8557797, 44.5333944], [11.8559057, 44.5334276], [11.8559101, 44.5335171], [11.855785, 44.5335203], [11.8557298, 44.5334327], [11.8554422, 44.5334425], [11.8554154, 44.533592]], [[11.8649667, 44.5364444], [11.8650373, 44.5366161], [11.8653475, 44.5366041], [11.8656123, 44.5363972], [11.8655955, 44.5361753], [11.865375, 44.5361261], [11.8652932, 44.5362035], [11.8653667, 44.536431], [11.8649667, 44.5364444]], [[11.8650042, 44.533376], [11.8653404, 44.533326], [11.8652952, 44.5331955], [11.8649629, 44.5332282], [11.8650042, 44.533376]], [[11.8643309, 44.529184], [11.8645154, 44.5293408], [11.8645422, 44.5295068], [11.8648901, 44.5296323], [11.8648661, 44.5291649], [11.8647152, 44.5290689], [11.864553, 44.5290704], [11.8645065, 44.5291606], [11.8643309, 44.529184]], [[11.8649979, 44.5358137], [11.8649157, 44.5359735], [11.8650545, 44.5359854], [11.8651431, 44.5358329], [11.8649979, 44.5358137]], [[11.8645815, 44.5358205], [11.8642044, 44.53583], [11.8641685, 44.5360847], [11.8642768, 44.5361432], [11.8645948, 44.5360906], [11.864565, 44.5365224], [11.8649022, 44.5365257], [11.86486, 44.5363541], [11.8650952, 44.5362379], [11.8651001, 44.5361228], [11.8648468, 44.5360839], [11.8649022, 44.5359433], [11.8648089, 44.5355206], [11.8645802, 44.5355707], [11.8645815, 44.5358205]], [[11.8644404, 44.5507961], [11.8644428, 44.5509481], [11.8643203, 44.5509876], [11.8643433, 44.5514547], [11.8646666, 44.5515276], [11.8650792, 44.5514593], [11.8652135, 44.5513513], [11.8652111, 44.5511993], [11.8656815, 44.550904], [11.8657562, 44.5507759], [11.8656367, 44.5506491], [11.8646062, 44.550675], [11.8644404, 44.5507961]], [[11.8642017, 44.5353933], [11.8641298, 44.53553], [11.8642382, 44.5356023], [11.8645023, 44.5355183], [11.864384, 44.5353318], [11.8642017, 44.5353933]], [[11.8644371, 44.5345516], [11.8642801, 44.5344469], [11.8642864, 44.5345546], [11.8644371, 44.5345516]], [[11.8643292, 44.5361561], [11.8641828, 44.5362684], [11.8643334, 44.5362639], [11.8643292, 44.5361561]], [[11.8629756, 44.5324663], [11.8631657, 44.5326155], [11.8631926, 44.5327815], [11.863426, 44.5327891], [11.8634693, 44.5328744], [11.8639007, 44.5327694], [11.8639205, 44.5325966], [11.8640429, 44.5325571], [11.8640098, 44.532074], [11.8637092, 44.5320168], [11.8632936, 44.5320796], [11.8631501, 44.5321934], [11.8631569, 44.5324353], [11.8629756, 44.5324663]], [[11.8635028, 44.5258585], [11.8634206, 44.5260183], [11.8635594, 44.5260302], [11.8636479, 44.5258777], [11.8635028, 44.5258585]], [[11.8621511, 44.5265225], [11.8620592, 44.5266695], [11.8622507, 44.5267869], [11.8622677, 44.5270285], [11.8623897, 44.5270535], [11.862407, 44.5273767], [11.862533, 44.52741], [11.8625499, 44.5276516], [11.862802, 44.5277633], [11.8627671, 44.5279316], [11.8629365, 44.52794], [11.8629622, 44.5283615], [11.8630842, 44.5283864], [11.8631209, 44.5285578], [11.8635615, 44.5286409], [11.8637188, 44.5285141], [11.8636963, 44.5281286], [11.8634442, 44.5280169], [11.8634076, 44.5278455], [11.8630583, 44.5278465], [11.8630326, 44.527425], [11.8629106, 44.5274001], [11.8628837, 44.5272341], [11.862646, 44.5271367], [11.8626291, 44.526895], [11.8625071, 44.5268701], [11.8624802, 44.5267041], [11.8623726, 44.5266934], [11.8623601, 44.5265417], [11.8621511, 44.5265225]], [[11.862414, 44.539161], [11.8624237, 44.5392958], [11.8627788, 44.5395494], [11.8629939, 44.5395759], [11.8629805, 44.539475], [11.862414, 44.539161]], [[11.8620109, 44.5332033], [11.8621086, 44.5333586], [11.8622515, 44.5333322], [11.8621482, 44.5331844], [11.8620109, 44.5332033]], [[11.861726, 44.5386465], [11.8617687, 44.5387721], [11.8622539, 44.5391124], [11.862462, 44.5391458], [11.8624638, 44.5390447], [11.8619253, 44.5386857], [11.861726, 44.5386465]], [[11.8612341, 44.5382004], [11.8612438, 44.5383351], [11.8615989, 44.5385887], [11.861814, 44.5386152], [11.8618006, 44.5385144], [11.8612341, 44.5382004]], [[11.8623616, 44.5524999], [11.8622152, 44.5526122], [11.8623658, 44.5526077], [11.8623616, 44.5524999]], [[11.862249, 44.5548911], [11.8624836, 44.5548485], [11.8624829, 44.5547163], [11.8622738, 44.5546972], [11.862249, 44.5548911]], [[11.8610719, 44.5385817], [11.8612261, 44.5386881], [11.8614412, 44.5387146], [11.8614278, 44.5386137], [11.8610987, 44.5384779], [11.8610719, 44.5385817]], [[11.8608468, 44.5332012], [11.8606898, 44.5330965], [11.8606961, 44.5332042], [11.8608468, 44.5332012]], [[11.8612818, 44.5521988], [11.861228, 44.5523785], [11.8618036, 44.5523221], [11.8616835, 44.5521887], [11.8612818, 44.5521988]], [[11.8600184, 44.5377354], [11.8597739, 44.5378768], [11.8598019, 44.538425], [11.8599602, 44.5385397], [11.8605105, 44.5385327], [11.8605571, 44.5384425], [11.8607966, 44.5384163], [11.8608644, 44.538304], [11.8607872, 44.5381043], [11.8602748, 44.537819], [11.8602381, 44.5376477], [11.8600388, 44.5376085], [11.8600184, 44.5377354]], [[11.8598286, 44.5330625], [11.8597367, 44.5332095], [11.8598452, 44.5332818], [11.8601726, 44.5331943], [11.8601162, 44.5330528], [11.8598286, 44.5330625]], [[11.8609105, 44.5525708], [11.8608282, 44.5527306], [11.8609671, 44.5527425], [11.8610557, 44.55259], [11.8609105, 44.5525708]], [[11.8562872, 44.5530441], [11.8562334, 44.5532238], [11.8574399, 44.5531944], [11.8574987, 44.5531031], [11.8582139, 44.5530816], [11.8582488, 44.5529943], [11.8586969, 44.5530277], [11.8590781, 44.5529725], [11.8591274, 44.5528821], [11.8593755, 44.5528761], [11.859398, 44.5529522], [11.8595772, 44.5530056], [11.8597533, 44.5528666], [11.8604792, 44.5528406], [11.8605615, 44.5527005], [11.8603732, 44.5526706], [11.8603688, 44.5525811], [11.8607068, 44.552569], [11.8607417, 44.5524817], [11.8609738, 44.5524625], [11.8610468, 44.5523282], [11.8602802, 44.5523139], [11.8602337, 44.5524041], [11.8598851, 44.5524206], [11.8598609, 44.5525034], [11.8588986, 44.5526212], [11.8588637, 44.5527085], [11.8576616, 44.5528297], [11.8576151, 44.5529198], [11.8571513, 44.552935], [11.8571165, 44.5530223], [11.8562872, 44.5530441]], [[11.8608466, 44.5538784], [11.8607562, 44.554061], [11.8608392, 44.5542596], [11.8610527, 44.5542666], [11.8611328, 44.5540516], [11.8610538, 44.5539341], [11.8608466, 44.5538784]], [[11.8580794, 44.5433666], [11.8579136, 44.5434877], [11.8579303, 44.5437096], [11.8581718, 44.5437237], [11.8585945, 44.5440655], [11.8589016, 44.5441084], [11.8591795, 44.5439484], [11.8591657, 44.5435464], [11.8588813, 44.5433532], [11.8580794, 44.5433666]], [[11.8562803, 44.5359385], [11.8555325, 44.5359852], [11.8555404, 44.536154], [11.8557863, 44.5361314], [11.8559164, 44.5362181], [11.8559618, 44.5365693], [11.8561741, 44.5365516], [11.8562418, 44.5364393], [11.8561684, 44.5362118], [11.8562935, 44.5362087], [11.8562442, 44.5364455], [11.8564324, 44.5364753], [11.856437, 44.5365628], [11.8563229, 44.5365879], [11.8563082, 44.5367475], [11.8564268, 44.5367321], [11.8565631, 44.536562], [11.8568135, 44.5365641], [11.8568487, 44.5362135], [11.8565455, 44.536202], [11.8564907, 44.5360698], [11.8562896, 44.5361184], [11.8562853, 44.5360288], [11.8564819, 44.5360685], [11.8567215, 44.5359834], [11.8566355, 44.535853], [11.8565279, 44.5358423], [11.8565147, 44.535573], [11.8568913, 44.5355636], [11.8569088, 44.5359228], [11.8567227, 44.5359705], [11.85681, 44.5360924], [11.8569177, 44.536103], [11.8568622, 44.5362437], [11.8569434, 44.5365245], [11.8572277, 44.5367177], [11.8574513, 44.5367199], [11.8574946, 44.5368052], [11.8579261, 44.5367002], [11.858066, 44.5365075], [11.8571916, 44.5365459], [11.8571828, 44.5363665], [11.857308, 44.5363633], [11.857398, 44.5364935], [11.8576068, 44.5364333], [11.8575556, 44.5362671], [11.8576807, 44.536264], [11.8576459, 44.5364323], [11.8580211, 44.536479], [11.8580584, 44.5362545], [11.85824, 44.5361192], [11.8581162, 44.536028], [11.8578262, 44.5360877], [11.8577992, 44.5361708], [11.8573741, 44.5360483], [11.8571696, 44.5360963], [11.8571461, 44.5353777], [11.8557903, 44.5354143], [11.8556416, 44.5355246], [11.8556456, 44.5356188], [11.8562627, 44.5355793], [11.8562803, 44.5359385]], [[11.8564209, 44.5227992], [11.8563895, 44.5229716], [11.8567122, 44.52293], [11.8565935, 44.5227882], [11.8564209, 44.5227992]], [[11.8572019, 44.5520923], [11.8574254, 44.5521511], [11.8574421, 44.5520518], [11.8572288, 44.5519885], [11.8572019, 44.5520923]], [[11.8553816, 44.5427207], [11.855235, 44.542843], [11.855249, 44.5431303], [11.8555374, 44.5433318], [11.8563783, 44.5432983], [11.8564461, 44.543186], [11.8563689, 44.5429862], [11.8560845, 44.5427931], [11.8558609, 44.5427909], [11.8556716, 44.542661], [11.8553816, 44.5427207]], [[11.8551041, 44.5417306], [11.854897, 44.5419926], [11.8550664, 44.542001], [11.8557603, 44.5425201], [11.8560706, 44.5425082], [11.856214, 44.5423944], [11.8562117, 44.5422424], [11.856331, 44.5422114], [11.8563245, 44.5420055], [11.8561985, 44.5419722], [11.8561798, 44.5418129], [11.8559382, 44.5417987], [11.8558949, 44.5417134], [11.8551041, 44.5417306]], [[11.8557201, 44.5356401], [11.8555859, 44.5358342], [11.8556943, 44.5359065], [11.8558929, 44.5358306], [11.8558806, 44.5356987], [11.8557201, 44.5356401]], [[11.8555521, 44.5364609], [11.8558004, 44.5365076], [11.8557915, 44.5362573], [11.8555853, 44.5361825], [11.8555521, 44.5364609]], [[11.8538007, 44.5481095], [11.8536755, 44.5482967], [11.8537522, 44.5484876], [11.8539065, 44.548594], [11.8541893, 44.5486393], [11.8545074, 44.5485867], [11.8546606, 44.5489228], [11.8549022, 44.548937], [11.8550323, 44.5490237], [11.8552035, 44.5493718], [11.8554271, 44.549374], [11.8554823, 44.5494615], [11.8561233, 44.5494464], [11.856296, 44.549332], [11.8562773, 44.5487585], [11.8561513, 44.5487253], [11.8561384, 44.5484919], [11.8560123, 44.5484587], [11.8559757, 44.5482873], [11.8556263, 44.5482883], [11.8555588, 44.5482001], [11.8546786, 44.5482222], [11.8546199, 44.5483135], [11.8542432, 44.5483229], [11.854211, 44.5482415], [11.8539873, 44.5482393], [11.8538007, 44.5481095]], [[11.8550959, 44.53319], [11.8552529, 44.5332948], [11.8552465, 44.533187], [11.8550959, 44.53319]], [[11.8548333, 44.5500726], [11.8553498, 44.5503662], [11.8553685, 44.5505255], [11.8556467, 44.550711], [11.8558281, 44.5507572], [11.8561061, 44.5505971], [11.8560874, 44.5500236], [11.855799, 44.5498222], [11.8548509, 44.5496617], [11.8548333, 44.5500726]], [[11.8542273, 44.5529347], [11.8542243, 44.5530947], [11.854105, 44.5531256], [11.8541216, 44.5533475], [11.8546147, 44.5533554], [11.8546119, 44.5535345], [11.8550761, 44.5535228], [11.8551227, 44.5534327], [11.8558262, 44.553414], [11.8558728, 44.5533239], [11.8561049, 44.5533047], [11.8561799, 44.5531873], [11.8561271, 44.5531381], [11.8556125, 44.55315], [11.8556555, 44.5529879], [11.8554779, 44.5529733], [11.8554592, 44.5528139], [11.8550278, 44.5525355], [11.8545989, 44.5526485], [11.8542273, 44.5529347]], [[11.8545579, 44.5327672], [11.8546447, 44.5329957], [11.8548593, 44.5329903], [11.8549135, 44.5328345], [11.8547442, 44.5328261], [11.8546766, 44.532738], [11.8545579, 44.5327672]], [[11.852467, 44.5474748], [11.8522076, 44.5476738], [11.8522026, 44.5477889], [11.8523303, 44.547831], [11.8523665, 44.54835], [11.8530029, 44.5487144], [11.8530297, 44.5488804], [11.8540708, 44.5495746], [11.8545314, 44.5496129], [11.8545478, 44.549432], [11.8544217, 44.5493987], [11.8544031, 44.5492393], [11.8541615, 44.5492252], [11.8541346, 44.5490592], [11.8535064, 44.5487014], [11.8534481, 44.5477328], [11.853289, 44.5476302], [11.8530764, 44.5476319], [11.8530331, 44.5475465], [11.8526948, 44.5475514], [11.8526396, 44.5474638], [11.852467, 44.5474748]], [[11.8527368, 44.5405909], [11.8528588, 44.5406158], [11.8528856, 44.5407818], [11.853119, 44.5407893], [11.8534226, 44.5410482], [11.8537221, 44.5410407], [11.8538763, 44.5409225], [11.8538614, 44.5406183], [11.8537394, 44.5405934], [11.8537125, 44.5404274], [11.8536045, 44.5404147], [11.8535873, 44.5400574], [11.8537105, 44.5400091], [11.8536737, 44.5392811], [11.8535477, 44.5392478], [11.853522, 44.5388263], [11.853353, 44.5387597], [11.8531513, 44.538844], [11.8531229, 44.5395693], [11.8532184, 44.5402463], [11.8529757, 44.5404324], [11.8527361, 44.5404586], [11.8527368, 44.5405909]], [[11.8529633, 44.5333334], [11.8530145, 44.5334995], [11.8528921, 44.533539], [11.8529193, 44.5340961], [11.8530453, 44.5341293], [11.8530683, 44.5343786], [11.8532595, 44.534393], [11.8532885, 44.5339432], [11.8534077, 44.5339123], [11.8534564, 44.5335293], [11.8533735, 44.5333307], [11.8532107, 44.5332717], [11.8529633, 44.5333334]], [[11.8524805, 44.5348711], [11.8523338, 44.5349934], [11.8523712, 44.5355664], [11.8525672, 44.5356252], [11.8526089, 44.5354906], [11.8527341, 44.5354875], [11.8527712, 44.5357031], [11.8530919, 44.5356508], [11.8533567, 44.5354439], [11.8533357, 44.5351322], [11.8529163, 44.534856], [11.8526533, 44.534878], [11.8527121, 44.5350375], [11.8525869, 44.5350407], [11.8526014, 44.5348637], [11.8524805, 44.5348711]], [[11.852896, 44.5536758], [11.8528646, 44.5538482], [11.8533289, 44.5538366], [11.8533754, 44.5537465], [11.8538391, 44.5537312], [11.8539321, 44.5535866], [11.8532912, 44.5535692], [11.8532447, 44.5536593], [11.852896, 44.5536758]], [[11.8530605, 44.5467398], [11.8529888, 44.5469803], [11.8532185, 44.547175], [11.8533924, 44.5471706], [11.8535466, 44.5470524], [11.8533708, 44.5467279], [11.8530605, 44.5467398]], [[11.8520065, 44.5307964], [11.8521607, 44.5309028], [11.8523758, 44.5309293], [11.8523624, 44.5308285], [11.8520334, 44.5306926], [11.8520065, 44.5307964]], [[11.851154, 44.5407491], [11.850985, 44.5408787], [11.8510122, 44.5414357], [11.8513006, 44.5416372], [11.8527272, 44.5416539], [11.852836, 44.5415826], [11.8527551, 44.5414416], [11.8521045, 44.5410077], [11.8518711, 44.5410002], [11.8515787, 44.5407452], [11.851154, 44.5407491]], [[11.8512666, 44.5285298], [11.8512689, 44.5286818], [11.8511551, 44.5287049], [11.8511501, 44.52882], [11.8512777, 44.5288621], [11.8512964, 44.5290214], [11.8515745, 44.529207], [11.85177, 44.5292021], [11.852038, 44.5289867], [11.852005, 44.5285036], [11.8517635, 44.5284894], [11.8517083, 44.5284018], [11.8514324, 44.5284087], [11.8512666, 44.5285298]], [[11.8513517, 44.5302726], [11.8515751, 44.5303315], [11.8515918, 44.5302322], [11.8513785, 44.5301688], [11.8513517, 44.5302726]], [[11.8525382, 44.5538606], [11.852456, 44.5540204], [11.8525948, 44.5540324], [11.8526835, 44.5538798], [11.8525382, 44.5538606]], [[11.8512923, 44.5300442], [11.8514493, 44.530149], [11.851443, 44.5300412], [11.8512923, 44.5300442]], [[11.8508489, 44.5302852], [11.8511332, 44.5304783], [11.8513412, 44.5305118], [11.8513349, 44.530404], [11.8508757, 44.5301814], [11.8508489, 44.5302852]], [[11.8503241, 44.5298482], [11.8504784, 44.5299545], [11.8506934, 44.5299811], [11.85068, 44.5298803], [11.850351, 44.5297443], [11.8503241, 44.5298482]], [[11.8495333, 44.5225145], [11.8489576, 44.5225731], [11.8489724, 44.5228515], [11.8490984, 44.5228848], [11.849158, 44.5230623], [11.8495819, 44.523045], [11.8499063, 44.5227441], [11.8497186, 44.5226889], [11.8495333, 44.5225145]], [[11.850229, 44.5296859], [11.850072, 44.5295811], [11.8500783, 44.5296889], [11.850229, 44.5296859]], [[11.8498746, 44.5293595], [11.8500316, 44.5294642], [11.8500252, 44.5293565], [11.8498746, 44.5293595]], [[11.8488625, 44.5282642], [11.8493747, 44.5285495], [11.8494016, 44.5287155], [11.8497451, 44.5287511], [11.8497387, 44.5286434], [11.8490883, 44.5282095], [11.8488894, 44.5281604], [11.8488625, 44.5282642]], [[11.8482915, 44.5287598], [11.8481374, 44.528878], [11.8481478, 44.5290923], [11.8483955, 44.5291141], [11.8485808, 44.5292885], [11.8487626, 44.5292716], [11.8490201, 44.5290085], [11.849271, 44.5290022], [11.8493032, 44.5290836], [11.8495832, 44.5291288], [11.849652, 44.529091], [11.8496306, 44.5290062], [11.8492627, 44.528822], [11.8492359, 44.528656], [11.8484214, 44.5281684], [11.8483557, 44.5282684], [11.8484817, 44.5283017], [11.8485085, 44.5284677], [11.8486162, 44.5284784], [11.8486293, 44.5287478], [11.8482915, 44.5287598]], [[11.8487504, 44.5461273], [11.8486069, 44.5462411], [11.8486371, 44.546385], [11.8491166, 44.5464708], [11.8491599, 44.5465562], [11.8493725, 44.5465545], [11.8494158, 44.5466398], [11.8496283, 44.5466381], [11.8496716, 44.5467234], [11.8502158, 44.546757], [11.8502575, 44.5466224], [11.8503768, 44.5465914], [11.8503664, 44.5463772], [11.8500709, 44.5461802], [11.8489782, 44.5462038], [11.8489107, 44.5461157], [11.8487504, 44.5461273]], [[11.8491291, 44.5295581], [11.8492861, 44.5296628], [11.8492798, 44.5295551], [11.8491291, 44.5295581]], [[11.8484679, 44.527914], [11.8487522, 44.5281071], [11.8489602, 44.5281406], [11.8489538, 44.5280328], [11.8484947, 44.5278101], [11.8484679, 44.527914]], [[11.847952, 44.5220206], [11.8476253, 44.5223406], [11.847702, 44.5225316], [11.8480011, 44.522685], [11.8483031, 44.5226268], [11.8483273, 44.522544], [11.8486342, 44.5225099], [11.8486236, 44.5222926], [11.8484398, 44.5222707], [11.8484892, 44.5221159], [11.8483054, 44.522094], [11.8482621, 44.5220087], [11.847952, 44.5220206]], [[11.8486901, 44.529889], [11.8489135, 44.5299478], [11.8489302, 44.5298485], [11.8487169, 44.5297851], [11.8486901, 44.529889]], [[11.8479432, 44.5274769], [11.8482275, 44.5276701], [11.8484355, 44.5277035], [11.8484291, 44.5275958], [11.84797, 44.5273731], [11.8479432, 44.5274769]], [[11.8477053, 44.5278345], [11.8478746, 44.5279531], [11.8480871, 44.5279515], [11.8481237, 44.5281228], [11.8484644, 44.5281462], [11.8484511, 44.5280454], [11.8477429, 44.527646], [11.8477053, 44.5278345]], [[11.8462103, 44.527417], [11.8462429, 44.5275472], [11.8464355, 44.5276326], [11.8463829, 44.5277818], [11.8465744, 44.5278992], [11.846596, 44.5283123], [11.8467444, 44.5284217], [11.8469778, 44.5284293], [11.847033, 44.5285169], [11.8472967, 44.5285111], [11.8473554, 44.5284198], [11.8475875, 44.5284007], [11.8475943, 44.5282614], [11.8474253, 44.5281948], [11.8469695, 44.528249], [11.8470206, 44.5280185], [11.8469377, 44.5278199], [11.8468219, 44.5278026], [11.8468044, 44.5274433], [11.8471809, 44.5274339], [11.8471853, 44.5275234], [11.8469625, 44.5275368], [11.8468802, 44.527677], [11.8470684, 44.5277068], [11.8470341, 44.5280487], [11.8472116, 44.5280633], [11.8473864, 44.5281914], [11.8474636, 44.528057], [11.8476484, 44.5280179], [11.8475673, 44.5276043], [11.8478184, 44.5275979], [11.8475585, 44.5274241], [11.8475317, 44.5272581], [11.8470339, 44.5269871], [11.8469973, 44.5268157], [11.8466936, 44.526772], [11.8466499, 44.5268618], [11.8470377, 44.5270774], [11.8470421, 44.5271669], [11.8464422, 44.5271897], [11.8464221, 44.5273264], [11.8465481, 44.5273597], [11.8465524, 44.5274492], [11.8462103, 44.527417]], [[11.8476374, 44.5271132], [11.8475451, 44.5271546], [11.8475881, 44.5272401], [11.8477311, 44.5272137], [11.8476374, 44.5271132]], [[11.8457641, 44.5255336], [11.8458632, 44.525833], [11.846361, 44.526104], [11.8463878, 44.52627], [11.8467556, 44.5264543], [11.8467824, 44.5266203], [11.8470158, 44.5266278], [11.8470426, 44.5267938], [11.8474426, 44.5270595], [11.8476506, 44.5270929], [11.847648, 44.5269019], [11.8467518, 44.5263639], [11.8467331, 44.5262046], [11.8462271, 44.5259269], [11.8462003, 44.5257609], [11.8457641, 44.5255336]], [[11.8472326, 44.5464554], [11.8472437, 44.5467873], [11.8471213, 44.5468268], [11.8471492, 44.5470467], [11.8476061, 44.5470409], [11.8476259, 44.5468682], [11.8478381, 44.5468592], [11.8479869, 44.5467489], [11.8479899, 44.546589], [11.8481696, 44.5464623], [11.8480926, 44.5463362], [11.8479215, 44.5462313], [11.8474975, 44.5462486], [11.8472326, 44.5464554]], [[11.846702, 44.5244318], [11.8464155, 44.5246083], [11.8464478, 44.5249181], [11.8470394, 44.5249034], [11.8470188, 44.5244801], [11.846702, 44.5244318]], [[11.8471719, 44.5419314], [11.8470137, 44.5420669], [11.8470545, 44.5428033], [11.8472317, 44.5429158], [11.8476451, 44.542903], [11.8476756, 44.5427258], [11.847798, 44.5426863], [11.8477669, 44.5421209], [11.8474595, 44.5419216], [11.8471719, 44.5419314]], [[11.8463107, 44.5264202], [11.8463204, 44.5265549], [11.8465452, 44.5267218], [11.8467603, 44.5267483], [11.8467469, 44.5266475], [11.8463107, 44.5264202]], [[11.845437, 44.5194726], [11.8454172, 44.5196454], [11.8452979, 44.5196763], [11.8453027, 44.5198735], [11.8454303, 44.5199155], [11.8454603, 44.5204269], [11.8457123, 44.5205386], [11.8457391, 44.5207046], [11.8459338, 44.5207095], [11.8459686, 44.5206223], [11.8461807, 44.5206134], [11.846338, 44.5204866], [11.8463003, 44.5202613], [11.8461223, 44.5202144], [11.8460806, 44.520349], [11.8459555, 44.5203521], [11.8459467, 44.5201727], [11.8461941, 44.520183], [11.8461768, 44.5198344], [11.8460549, 44.5198095], [11.8460362, 44.5196501], [11.8457471, 44.5194607], [11.845437, 44.5194726]], [[11.8457363, 44.5260916], [11.8460206, 44.5262848], [11.8462286, 44.5263182], [11.8462222, 44.5262105], [11.8457632, 44.5259878], [11.8457363, 44.5260916]], [[11.8446026, 44.5246361], [11.8447871, 44.5247929], [11.8448057, 44.5249523], [11.8449215, 44.5249696], [11.8449401, 44.525129], [11.845056, 44.5251463], [11.8450827, 44.5253123], [11.8453161, 44.5253198], [11.8454784, 44.5254881], [11.8456192, 44.5254797], [11.8455237, 44.5247875], [11.8453608, 44.5246892], [11.8447832, 44.5247026], [11.844728, 44.524615], [11.8446026, 44.5246361]], [[11.8449998, 44.5335232], [11.8448417, 44.5336588], [11.8448561, 44.5338557], [11.8450005, 44.5339567], [11.8453408, 44.5339482], [11.8454128, 44.5338115], [11.8452213, 44.5336941], [11.8451945, 44.5335281], [11.8449998, 44.5335232]], [[11.8443426, 44.5271707], [11.8444458, 44.5273185], [11.844784, 44.5273137], [11.8447695, 44.5274906], [11.8450339, 44.5273695], [11.8450216, 44.5271108], [11.8447758, 44.5271334], [11.8447281, 44.5269582], [11.8445344, 44.5269728], [11.8445238, 44.5271397], [11.8443426, 44.5271707]], [[11.8440323, 44.5246937], [11.8441864, 44.5248001], [11.8444015, 44.5248266], [11.8443881, 44.5247258], [11.8440591, 44.5245899], [11.8440323, 44.5246937]], [[11.8432148, 44.5183138], [11.8433407, 44.5183471], [11.8433532, 44.5184989], [11.8435184, 44.5186092], [11.8438179, 44.5186017], [11.843972, 44.5184835], [11.8439237, 44.5183787], [11.843597, 44.5184304], [11.8434669, 44.5183436], [11.84351, 44.5181815], [11.8432524, 44.5181254], [11.8432148, 44.5183138]], [[11.8436298, 44.5180705], [11.8435537, 44.5182445], [11.8437887, 44.5182449], [11.8438933, 44.5180974], [11.8436298, 44.5180705]], [[11.8435871, 44.5242949], [11.8436772, 44.5244568], [11.844012, 44.5244686], [11.8438426, 44.5242351], [11.8435871, 44.5242949]], [[11.8431453, 44.5234383], [11.8431549, 44.523573], [11.8433476, 44.5236584], [11.8433744, 44.5238244], [11.8436125, 44.5239239], [11.8436164, 44.5240114], [11.8432555, 44.5239896], [11.8432662, 44.5241872], [11.8434573, 44.5242387], [11.8436214, 44.5241017], [11.8437437, 44.5240985], [11.8437898, 44.5242283], [11.8439835, 44.5241694], [11.8439904, 44.5240301], [11.8437383, 44.5239184], [11.8437115, 44.5237524], [11.8431453, 44.5234383]], [[11.8434088, 44.5170571], [11.8436322, 44.517116], [11.8436489, 44.5170167], [11.8434357, 44.5169533], [11.8434088, 44.5170571]], [[11.8435402, 44.5276143], [11.8432913, 44.5276657], [11.8433017, 44.5278543], [11.8434276, 44.5278876], [11.8434544, 44.5280536], [11.8439204, 44.528042], [11.843931, 44.5278751], [11.8440534, 44.5278356], [11.8440454, 44.5276469], [11.8438954, 44.5275288], [11.8437043, 44.5274773], [11.8435402, 44.5276143]], [[11.8432559, 44.5336541], [11.8430901, 44.5337752], [11.8431105, 44.5339138], [11.8433805, 44.5340927], [11.8437772, 44.534168], [11.8437216, 44.5339119], [11.8438408, 44.533881], [11.8438205, 44.5337424], [11.8436453, 44.5336436], [11.8432559, 44.5336541]], [[11.8423283, 44.5232957], [11.8424825, 44.5234021], [11.8426975, 44.5234287], [11.8426842, 44.5233278], [11.8423552, 44.5231919], [11.8423283, 44.5232957]], [[11.8422515, 44.5227077], [11.8424085, 44.5228124], [11.8424022, 44.5227047], [11.8422515, 44.5227077]], [[11.8415244, 44.5275385], [11.8416504, 44.5275718], [11.8416981, 44.527747], [11.8421339, 44.527732], [11.8422806, 44.5276097], [11.8422564, 44.5273064], [11.8420973, 44.5272038], [11.8419474, 44.5272041], [11.841893, 44.5273853], [11.8415509, 44.5273531], [11.8415244, 44.5275385]], [[11.8415436, 44.5226851], [11.8416978, 44.5227915], [11.8419128, 44.522818], [11.8418994, 44.5227172], [11.8415704, 44.5225813], [11.8415436, 44.5226851]], [[11.8413914, 44.5236622], [11.8410877, 44.5237595], [11.8411021, 44.5239564], [11.8412563, 44.5240628], [11.8417199, 44.5240389], [11.8417872, 44.5239177], [11.8416864, 44.5237072], [11.8413914, 44.5236622]], [[11.8409971, 44.5217985], [11.8411513, 44.5219048], [11.8413663, 44.5219314], [11.8413529, 44.5218306], [11.841024, 44.5216946], [11.8409971, 44.5217985]], [[11.8388733, 44.5242273], [11.8386139, 44.5244263], [11.8386089, 44.5245414], [11.8387365, 44.5245834], [11.8387668, 44.5251764], [11.8388928, 44.5252097], [11.8389188, 44.5257128], [11.8390447, 44.5257461], [11.8390663, 44.5261593], [11.8391923, 44.5261926], [11.8392191, 44.5263586], [11.8395781, 44.526363], [11.8396456, 44.5264512], [11.8398058, 44.5264396], [11.8398328, 44.5263565], [11.841036, 44.5263257], [11.8410826, 44.5262355], [11.8415616, 44.5261202], [11.8414162, 44.525363], [11.8412902, 44.5253297], [11.8412642, 44.5248266], [11.8411383, 44.5247934], [11.8411167, 44.5243802], [11.8409907, 44.5243469], [11.8409779, 44.5241136], [11.8408295, 44.5240042], [11.8400934, 44.5240091], [11.8396808, 44.5236727], [11.8394978, 44.5236649], [11.8394513, 44.523755], [11.8392064, 44.5237891], [11.8392174, 44.524121], [11.8390961, 44.524214], [11.8388733, 44.5242273]], [[11.8405847, 44.5128416], [11.8405007, 44.5129756], [11.8405792, 44.5130842], [11.8407288, 44.5130934], [11.8407342, 44.5128492], [11.8405847, 44.5128416]], [[11.8412635, 44.5333019], [11.8410538, 44.5333842], [11.8410779, 44.5336875], [11.8415428, 44.5336883], [11.8415484, 44.5334457], [11.8413068, 44.5334315], [11.8412635, 44.5333019]], [[11.840902, 44.5216362], [11.840745, 44.5215314], [11.8407513, 44.5216391], [11.840902, 44.5216362]], [[11.8407938, 44.5219989], [11.8406368, 44.5218942], [11.8406431, 44.5220019], [11.8407938, 44.5219989]], [[11.8404944, 44.521811], [11.8407177, 44.5218698], [11.8407345, 44.5217705], [11.8405213, 44.5217071], [11.8404944, 44.521811]], [[11.8402124, 44.5211878], [11.8404966, 44.521381], [11.8407046, 44.5214144], [11.8406983, 44.5213067], [11.8402393, 44.521084], [11.8402124, 44.5211878]], [[11.8396878, 44.5207507], [11.839842, 44.5208571], [11.840057, 44.5208837], [11.8400437, 44.5207829], [11.8397147, 44.5206469], [11.8396878, 44.5207507]], [[11.8399445, 44.5329725], [11.8395365, 44.533242], [11.8395576, 44.5337003], [11.8397174, 44.5338238], [11.8402089, 44.5339084], [11.8401843, 44.5336399], [11.8403094, 44.5336368], [11.8403879, 44.5337693], [11.8406752, 44.5336075], [11.8406746, 44.5334753], [11.8405526, 44.5334503], [11.8405258, 44.5332843], [11.8402881, 44.5331868], [11.8402515, 44.5330155], [11.8399445, 44.5329725]], [[11.8396286, 44.5205223], [11.8397855, 44.5206271], [11.8397792, 44.5205194], [11.8396286, 44.5205223]], [[11.8391851, 44.5207633], [11.8394371, 44.520875], [11.8394639, 44.521041], [11.8396148, 44.521137], [11.8397446, 44.5211248], [11.8396791, 44.5208888], [11.839212, 44.5206594], [11.8391851, 44.5207633]], [[11.8390332, 44.5202269], [11.8393174, 44.5204201], [11.8395254, 44.5204535], [11.8395191, 44.5203458], [11.8390601, 44.5201231], [11.8390332, 44.5202269]], [[11.8390507, 44.5205866], [11.8392741, 44.5206454], [11.8392908, 44.5205461], [11.8390776, 44.5204827], [11.8390507, 44.5205866]], [[11.8385086, 44.5197898], [11.8389131, 44.5200644], [11.8391309, 44.5201032], [11.8391246, 44.5199955], [11.8385355, 44.519686], [11.8385086, 44.5197898]], [[11.8361892, 44.516148], [11.8363151, 44.5161813], [11.8363337, 44.5163407], [11.8365752, 44.5163549], [11.8366303, 44.5164425], [11.8369062, 44.5164356], [11.8369527, 44.5163455], [11.8371848, 44.5163264], [11.8371954, 44.5161594], [11.8373178, 44.51612], [11.8373082, 44.5159226], [11.8371822, 44.5158893], [11.8371698, 44.5157375], [11.8370478, 44.5157126], [11.8370244, 44.5155923], [11.8364607, 44.5155936], [11.8364189, 44.5157282], [11.8361869, 44.5157474], [11.8361892, 44.516148]]]}}, {"type": "Feature", "properties": {"flooded": true, "source": "satellite", "area_m2": 19246.4}, "geometry": {"type": "Polygon", "coordinates": [[[11.8691157, 44.5717164], [11.8690981, 44.5713571], [11.869321, 44.5713437], [11.8695879, 44.5710747], [11.870058, 44.5709651], [11.8702036, 44.5707892], [11.8706989, 44.5706865], [11.8708319, 44.5707734], [11.8708507, 44.5709327], [11.8712593, 44.571205], [11.8714287, 44.5712531], [11.8718559, 44.5711077], [11.8719861, 44.5711944], [11.8719996, 44.5714618], [11.8717484, 44.5714701], [11.8715957, 44.5713073], [11.8713966, 44.5712582], [11.8713749, 44.5715695], [11.8711519, 44.5715829], [11.870885, 44.5718519], [11.8705586, 44.5718612], [11.8705121, 44.5719513], [11.8702799, 44.5719706], [11.870265, 44.5720476], [11.869687, 44.5720632], [11.8696405, 44.5721533], [11.869518, 44.5721566], [11.869385, 44.5720697], [11.8693663, 44.5719103], [11.8692504, 44.571893], [11.8692316, 44.5717337], [11.8691157, 44.5717164]]]}}, {"type": "Feature", "properties": {"flooded": true, "source": "satellite", "area_m2": 116386.8}, "geometry": {"type": "Polygon", "coordinates": [[[11.8651024, 44.5207733], [11.865098, 44.5206838], [11.8653405, 44.5204976], [11.8655633, 44.5204843], [11.8655875, 44.5204014], [11.8660393, 44.520389], [11.8660858, 44.5202989], [11.8665879, 44.5202863], [11.8667855, 44.5204611], [11.8681004, 44.5203383], [11.8682305, 44.520425], [11.8682492, 44.5205844], [11.868365, 44.5206017], [11.8683864, 44.5209333], [11.8686385, 44.521045], [11.8686514, 44.5212783], [11.8687774, 44.5213115], [11.8687948, 44.5216348], [11.8689207, 44.521668], [11.8689381, 44.5219913], [11.8690641, 44.5220245], [11.8690731, 44.5222019], [11.8688763, 44.5221643], [11.8687023, 44.5222413], [11.8687132, 44.5225371], [11.8688392, 44.5225703], [11.8688436, 44.5226598], [11.8687373, 44.5226759], [11.8687268, 44.5228428], [11.8686075, 44.5228738], [11.8686124, 44.523071], [11.86874, 44.523113], [11.8687669, 44.523279], [11.8690047, 44.5233764], [11.8690223, 44.5237357], [11.8687995, 44.523749], [11.8687798, 44.5239218], [11.8685372, 44.5241079], [11.8684121, 44.5241111], [11.8683947, 44.5237879], [11.8682688, 44.5237546], [11.8682419, 44.5235886], [11.8678829, 44.5235842], [11.8678232, 44.5234068], [11.8676507, 44.5234178], [11.8676265, 44.5235007], [11.8673327, 44.5235207], [11.8673884, 44.5237767], [11.8671656, 44.5237901], [11.8668978, 44.5240055], [11.8669134, 44.5242557], [11.8671591, 44.524233], [11.867168, 44.5244124], [11.8669414, 44.5243817], [11.8668022, 44.5246469], [11.8671147, 44.5247288], [11.8673069, 44.5246794], [11.8674414, 44.5248557], [11.8668639, 44.5248713], [11.8668174, 44.5249614], [11.8664689, 44.5249779], [11.8664419, 44.525061], [11.8660682, 44.5250702], [11.8658817, 44.5249405], [11.8658163, 44.5250766], [11.8656912, 44.5250797], [11.8655141, 44.5249512], [11.8653097, 44.5249993], [11.8652877, 44.5245501], [11.8655385, 44.5245438], [11.8655609, 44.5246199], [11.865737, 44.5246736], [11.8657879, 44.5244923], [11.8656603, 44.5244503], [11.8656297, 44.5238573], [11.8655037, 44.5238241], [11.8654824, 44.5234925], [11.8653604, 44.5234676], [11.8653431, 44.5231443], [11.8652167, 44.5231091], [11.8652083, 44.5229316], [11.8653315, 44.5228833], [11.865195, 44.5226619], [11.8655696, 44.5226073], [11.8655547, 44.5223288], [11.8654287, 44.5222955], [11.865407, 44.5218824], [11.8652806, 44.5218471], [11.8653938, 44.5216126], [11.8651421, 44.5215825], [11.8651377, 44.521493], [11.8653772, 44.5214668], [11.8653777, 44.5212617], [11.8652501, 44.5212197], [11.8652284, 44.5208066], [11.8651024, 44.5207733]], [[11.8656811, 44.5247823], [11.8659045, 44.5248411], [11.8659212, 44.5247418], [11.8657079, 44.5246785], [11.8656811, 44.5247823]]]}}, {"type": "Feature", "properties": {"flooded": true, "source": "satellite", "area_m2": 44763.1}, "geometry": {"type": "Polygon", "coordinates": [[[11.8592222, 44.4983245], [11.8590746, 44.4978785], [11.8592831, 44.4979161], [11.8595534, 44.4977631], [11.8595639, 44.4975961], [11.8596777, 44.4975731], [11.8596807, 44.4974132], [11.859802, 44.4973201], [11.8605121, 44.4972086], [11.8605469, 44.4971214], [11.860759, 44.4971124], [11.8607938, 44.4970252], [11.8610058, 44.4970162], [11.8610406, 44.4969289], [11.8615102, 44.4968194], [11.8615343, 44.4967365], [11.8621116, 44.496721], [11.8621581, 44.4966308], [11.8626213, 44.4966156], [11.8626562, 44.4965283], [11.8631257, 44.4964187], [11.8632711, 44.4962428], [11.8634938, 44.4962295], [11.8637604, 44.4959605], [11.8648904, 44.4959321], [11.8650205, 44.4960189], [11.8650292, 44.4961983], [11.8647868, 44.4963844], [11.8645748, 44.4963934], [11.8644187, 44.4965737], [11.8639492, 44.4966833], [11.8638038, 44.4968592], [11.8635719, 44.4968784], [11.8634358, 44.4970485], [11.8632237, 44.4970575], [11.8631889, 44.4971447], [11.8629769, 44.4971537], [11.8629421, 44.497241], [11.8624725, 44.4973505], [11.8623271, 44.4975265], [11.8618576, 44.497636], [11.8617122, 44.497812], [11.8614803, 44.4978312], [11.8614698, 44.4979981], [11.8613485, 44.4980912], [11.8607596, 44.4981095], [11.8607248, 44.4981968], [11.8605128, 44.4982058], [11.8604779, 44.498293], [11.8602659, 44.498302], [11.8602311, 44.4983892], [11.8597615, 44.4984988], [11.8597374, 44.4985817], [11.859361, 44.4985911], [11.8593481, 44.4983578], [11.8592222, 44.4983245]]]}}, {"type": "Feature", "properties": {"flooded": true, "source": "satellite", "area_m2": 5734346.2}, "geometry": {"type": "Polygon", "coordinates": [[[11.8148993, 44.5260737], [11.8148907, 44.5258943], [11.81501, 44.5258634], [11.8150077, 44.5257114], [11.8152429, 44.5255953], [11.8152461, 44.5254354], [11.8153686, 44.525396], [11.8153545, 44.5250726], [11.8155897, 44.5249566], [11.8155928, 44.5247967], [11.8156992, 44.5247807], [11.8157099, 44.5246137], [11.8158323, 44.5245743], [11.815817, 44.5244509], [11.8157012, 44.5244335], [11.815688, 44.5241662], [11.8158697, 44.5240222], [11.8156795, 44.5239839], [11.8156447, 44.523267], [11.8157673, 44.5232255], [11.8157488, 44.5228123], [11.815874, 44.5228092], [11.8162864, 44.5231457], [11.8165198, 44.5231534], [11.816812, 44.5234084], [11.8170355, 44.5234107], [11.8172207, 44.5235851], [11.8177983, 44.5235719], [11.8178169, 44.5237313], [11.8180627, 44.5238355], [11.8180794, 44.5240772], [11.8182014, 44.5241021], [11.8182138, 44.5242539], [11.8183358, 44.5242789], [11.8184887, 44.524615], [11.8186045, 44.5246323], [11.8186216, 44.5249556], [11.8187476, 44.5249889], [11.8187705, 44.5252382], [11.8188863, 44.5252555], [11.8187155, 44.5255034], [11.8188993, 44.5255253], [11.8189117, 44.525677], [11.8190337, 44.525702], [11.8190461, 44.5258538], [11.819168, 44.5258787], [11.8191804, 44.5260305], [11.8193024, 44.5260555], [11.8193148, 44.5262072], [11.8194368, 44.5262322], [11.8194492, 44.526384], [11.8195712, 44.5264089], [11.8195836, 44.5265607], [11.8197279, 44.5266618], [11.8200714, 44.5266975], [11.8200788, 44.5264864], [11.8204408, 44.5262694], [11.820437, 44.5260272], [11.820685, 44.5260213], [11.8209451, 44.5261949], [11.8209637, 44.5263543], [11.8213717, 44.5266267], [11.8218236, 44.5265199], [11.821961, 44.5264035], [11.8219388, 44.5260179], [11.8218168, 44.5259929], [11.8217901, 44.5258269], [11.8216824, 44.5258162], [11.8216697, 44.5255829], [11.8215437, 44.5255496], [11.8215251, 44.5253902], [11.8214093, 44.5253728], [11.8213879, 44.5249597], [11.8212619, 44.5249264], [11.8212352, 44.5247604], [11.8211275, 44.5247496], [11.8209721, 44.5242413], [11.8208501, 44.5242163], [11.8208234, 44.5240503], [11.8205857, 44.5239528], [11.8205729, 44.5237195], [11.820447, 44.5236862], [11.8204241, 44.5234368], [11.8203083, 44.5234195], [11.8202912, 44.5230963], [11.8201652, 44.5230629], [11.8201485, 44.5228213], [11.8198965, 44.5227095], [11.8198841, 44.5225577], [11.8197621, 44.5225328], [11.819598, 44.5218446], [11.819476, 44.5218196], [11.8194493, 44.5216536], [11.8193417, 44.5216429], [11.8191862, 44.5211346], [11.8190642, 44.5211096], [11.8190375, 44.5209436], [11.8189299, 44.5209329], [11.8189125, 44.5205736], [11.8190339, 44.5204806], [11.8192567, 44.5204673], [11.8192809, 44.5203844], [11.8197327, 44.5203722], [11.8197793, 44.5202821], [11.8199914, 44.5202732], [11.8201477, 44.520093], [11.8207252, 44.5200776], [11.8207717, 44.5199875], [11.820953, 44.5199566], [11.8208707, 44.519818], [11.820763, 44.5198073], [11.8208186, 44.5196666], [11.8207419, 44.5194757], [11.82062, 44.5194507], [11.820467, 44.5191146], [11.8203512, 44.5190972], [11.8204658, 44.5188696], [11.8203382, 44.5188275], [11.8203296, 44.5186481], [11.820706, 44.5186388], [11.8208952, 44.5187687], [11.8212131, 44.5187162], [11.8213431, 44.5188031], [11.8213698, 44.5189691], [11.8216031, 44.5189767], [11.8216075, 44.5190662], [11.8213648, 44.5192522], [11.8211787, 44.5192998], [11.8212757, 44.5194271], [11.8214992, 44.5194294], [11.8215511, 44.5196945], [11.8222159, 44.5196807], [11.8222625, 44.5195905], [11.822611, 44.5195741], [11.8226352, 44.5194913], [11.822973, 44.5194793], [11.8232356, 44.519283], [11.8232178, 44.51908], [11.8229948, 44.5191219], [11.8229516, 44.5190366], [11.822676, 44.51904], [11.8226259, 44.5193111], [11.8221003, 44.5193275], [11.8221319, 44.5195034], [11.8218811, 44.5195096], [11.8218264, 44.5193774], [11.8216254, 44.5194259], [11.8216167, 44.5192464], [11.8218594, 44.5190604], [11.8221936, 44.519095], [11.8223578, 44.518958], [11.8227062, 44.5189416], [11.8229711, 44.5187348], [11.8228386, 44.518498], [11.822958, 44.5184651], [11.8229517, 44.5182592], [11.8228257, 44.5182258], [11.8228071, 44.5180665], [11.8225812, 44.518021], [11.8225781, 44.518322], [11.8224558, 44.5183252], [11.8224363, 44.5180834], [11.8223143, 44.5180584], [11.8223056, 44.517879], [11.8224281, 44.5178395], [11.8224139, 44.5175162], [11.8227948, 44.5175968], [11.8229812, 44.5177266], [11.8230423, 44.5175007], [11.8231674, 44.5174976], [11.8232221, 44.5176298], [11.8235488, 44.5175782], [11.8234318, 44.5177607], [11.8230741, 44.517783], [11.8230616, 44.5179051], [11.8231892, 44.5179472], [11.8232257, 44.5181185], [11.823638, 44.5181159], [11.8236968, 44.5180246], [11.8239288, 44.5180055], [11.8240651, 44.5178355], [11.824314, 44.5177841], [11.8242688, 44.5176536], [11.823805, 44.5176615], [11.8236707, 44.5174851], [11.8238904, 44.5175192], [11.8240434, 44.5173859], [11.8242661, 44.5173726], [11.8244117, 44.5171967], [11.8249138, 44.5171843], [11.824946, 44.5172657], [11.825107, 44.5172693], [11.8251657, 44.5171781], [11.8257935, 44.5171625], [11.8260536, 44.5173361], [11.8261131, 44.5175136], [11.8268794, 44.5174955], [11.8269382, 44.5174042], [11.8274403, 44.5173918], [11.8274575, 44.5177151], [11.8275834, 44.5177484], [11.8276093, 44.5182514], [11.8277352, 44.5182848], [11.8277563, 44.5186163], [11.8278783, 44.5186413], [11.8279085, 44.5192343], [11.8280345, 44.5192676], [11.8280599, 44.5196891], [11.8281819, 44.5197141], [11.8282077, 44.5202172], [11.8283337, 44.5202505], [11.8283592, 44.520672], [11.8284811, 44.5206969], [11.8285026, 44.5211101], [11.8286286, 44.5211434], [11.8286501, 44.5215566], [11.828776, 44.5215899], [11.8287975, 44.522003], [11.8289235, 44.5220363], [11.8289521, 44.5226206], [11.8290797, 44.5226626], [11.8291055, 44.5231657], [11.8292315, 44.523199], [11.8292526, 44.5235306], [11.8293746, 44.5235556], [11.8294025, 44.5241034], [11.8296521, 44.5240889], [11.8296652, 44.5243582], [11.8295459, 44.5243892], [11.8295506, 44.5245863], [11.8296782, 44.5246284], [11.8297081, 44.5251398], [11.8298301, 44.5251647], [11.8298603, 44.5257577], [11.8299863, 44.525791], [11.8300092, 44.5260403], [11.8302551, 44.5261445], [11.830212, 44.5263065], [11.8303895, 44.5263212], [11.8303982, 44.5265006], [11.8302843, 44.5265237], [11.8302809, 44.5266476], [11.8304069, 44.5266809], [11.8304237, 44.5269225], [11.8305457, 44.5269475], [11.8305672, 44.5273607], [11.8306935, 44.527396], [11.8307019, 44.5275734], [11.8304753, 44.5275426], [11.8304589, 44.5277234], [11.830644, 44.5277999], [11.8308363, 44.5277505], [11.8308406, 44.52784], [11.8305983, 44.5278219], [11.8305977, 44.5279901], [11.8307237, 44.5280234], [11.8307504, 44.5281894], [11.8308581, 44.5282001], [11.8308898, 44.5286292], [11.8310857, 44.5286881], [11.8311275, 44.5285535], [11.8312526, 44.5285504], [11.8312613, 44.5287298], [11.8310139, 44.5287195], [11.8310227, 44.5289698], [11.8311487, 44.5290031], [11.8311761, 44.5294691], [11.8314219, 44.5294464], [11.8314387, 44.5296881], [11.8315607, 44.5297131], [11.8315778, 44.5300363], [11.8317038, 44.5300696], [11.8317169, 44.530339], [11.8315917, 44.5303421], [11.8315688, 44.5300928], [11.8313428, 44.5300473], [11.8313311, 44.5301685], [11.8310904, 44.5302925], [11.8309755, 44.5305914], [11.8311015, 44.5306247], [11.8311244, 44.530874], [11.8312403, 44.5308914], [11.831257, 44.531133], [11.831379, 44.531158], [11.8313958, 44.5313997], [11.8315178, 44.5314246], [11.8315346, 44.5316663], [11.8316566, 44.5316912], [11.8316834, 44.5318572], [11.831791, 44.531868], [11.831814, 44.5321173], [11.8320013, 44.5321774], [11.8321774, 44.5320384], [11.8323026, 44.5320353], [11.8323328, 44.5326283], [11.8324588, 44.5326616], [11.8324843, 44.5330831], [11.8326063, 44.5331081], [11.8326279, 44.5335212], [11.8327538, 44.5335545], [11.8327372, 44.5345022], [11.8329275, 44.5345405], [11.83294, 44.5346923], [11.833062, 44.5347172], [11.8330966, 44.5354001], [11.8332226, 44.5354334], [11.8332441, 44.5358466], [11.8333705, 44.5358819], [11.8334178, 44.5368325], [11.8335438, 44.5368658], [11.833561, 44.5371891], [11.833687, 44.5372224], [11.8336957, 44.5374018], [11.8333191, 44.5374112], [11.8332845, 44.5367283], [11.8331585, 44.536695], [11.833133, 44.5362735], [11.833011, 44.5362485], [11.8329894, 44.5358353], [11.8328634, 44.535802], [11.8328332, 44.535209], [11.8327072, 44.5351757], [11.8326799, 44.5348365], [11.8321278, 44.5347854], [11.8318378, 44.534845], [11.8318308, 44.5352515], [11.8319568, 44.5352848], [11.8319835, 44.5354508], [11.8320912, 44.5354615], [11.8321098, 44.5356209], [11.8322256, 44.5356382], [11.8322474, 44.5360874], [11.832125, 44.5361269], [11.8321389, 44.5364142], [11.8322649, 44.5364475], [11.8322922, 44.5367867], [11.8326682, 44.5369776], [11.8326769, 44.537157], [11.8325544, 44.5371965], [11.8325858, 44.5378435], [11.8327118, 44.5378768], [11.8327286, 44.5381184], [11.8328506, 44.5381434], [11.8330037, 44.5384795], [11.8331195, 44.5384968], [11.8331494, 44.5390082], [11.8336999, 44.5391555], [11.8339044, 44.5391075], [11.8339175, 44.5393769], [11.8336946, 44.5393902], [11.8336748, 44.5395629], [11.8334886, 44.5396106], [11.8335789, 44.5400779], [11.8338311, 44.5401896], [11.8338354, 44.5402791], [11.8337129, 44.5403186], [11.8337312, 44.5406958], [11.8338572, 44.5407291], [11.8338802, 44.5409784], [11.8339964, 44.5409977], [11.8340266, 44.5416248], [11.8339127, 44.5416478], [11.8337907, 44.5419459], [11.8340485, 44.5420747], [11.8340572, 44.5422542], [11.8339433, 44.5422772], [11.8339399, 44.5424011], [11.8340659, 44.5424344], [11.8340831, 44.5427576], [11.8342091, 44.5427909], [11.8342263, 44.5431142], [11.8343523, 44.5431475], [11.8345167, 44.5438356], [11.8346387, 44.5438606], [11.8346602, 44.5442737], [11.8347863, 44.544307], [11.8349506, 44.5449952], [11.8352028, 44.5451069], [11.8353727, 44.5456294], [11.8355675, 44.5456344], [11.8356023, 44.5455471], [11.8358377, 44.5455721], [11.8358172, 44.5453691], [11.8356602, 44.5453206], [11.8354679, 44.54537], [11.8355103, 44.5449596], [11.8354292, 44.5446787], [11.8353068, 44.5446518], [11.8352941, 44.5443844], [11.8354994, 44.5444229], [11.8355412, 44.5442883], [11.8356664, 44.5442852], [11.835701, 44.5449681], [11.835827, 44.5450014], [11.8358482, 44.545333], [11.8359703, 44.5453579], [11.8359958, 44.5457794], [11.8361178, 44.5458044], [11.8361465, 44.5463886], [11.8362742, 44.5464306], [11.8363001, 44.5469337], [11.8365174, 44.5470055], [11.8365437, 44.546784], [11.8367941, 44.5467861], [11.8367648, 44.5461844], [11.8365286, 44.546123], [11.8365256, 44.546424], [11.8364004, 44.5464271], [11.836383, 44.5460678], [11.8366334, 44.5460699], [11.8366145, 44.5456568], [11.8364868, 44.5456147], [11.8364497, 44.5453992], [11.8362266, 44.5454412], [11.8362177, 44.5452637], [11.8364603, 44.5452798], [11.8364565, 44.5450218], [11.8362392, 44.54495], [11.836213, 44.5451714], [11.8360878, 44.5451745], [11.8360706, 44.5448513], [11.8359442, 44.544816], [11.8359138, 44.544191], [11.8361564, 44.5442071], [11.8361526, 44.543949], [11.8359465, 44.5438742], [11.8359047, 44.5440088], [11.8357792, 44.5440099], [11.8357664, 44.5437425], [11.8360088, 44.5437606], [11.8360048, 44.5434665], [11.8361112, 44.5434505], [11.836186, 44.5433224], [11.8360626, 44.5432401], [11.8357446, 44.5432926], [11.835723, 44.5428794], [11.8355966, 44.5428441], [11.8355927, 44.5427566], [11.8357159, 44.5427083], [11.8356997, 44.5425937], [11.8355839, 44.5425763], [11.8355752, 44.5423969], [11.8356945, 44.542366], [11.8356922, 44.542214], [11.8359987, 44.5420648], [11.8358757, 44.5419844], [11.8354316, 44.542038], [11.8354276, 44.5419505], [11.8360557, 44.5419348], [11.8363159, 44.5421084], [11.8363345, 44.5422678], [11.8364504, 44.5422851], [11.8364403, 44.5433311], [11.8367542, 44.5433579], [11.8367761, 44.5438071], [11.8366528, 44.5438553], [11.8366853, 44.5445295], [11.836562, 44.5445778], [11.8365812, 44.5449462], [11.8367072, 44.5449795], [11.836724, 44.5452212], [11.836846, 44.5452461], [11.8368728, 44.5454121], [11.8371106, 44.5455096], [11.8371274, 44.5457513], [11.8372494, 44.5457762], [11.8372619, 44.545928], [11.8373839, 44.5459529], [11.837537, 44.546289], [11.8376529, 44.5463064], [11.8376759, 44.5465556], [11.8379218, 44.5466598], [11.8379387, 44.5469014], [11.8380607, 44.5469264], [11.8382138, 44.5472625], [11.8384554, 44.5472767], [11.8384726, 44.5475999], [11.8387287, 44.54772], [11.8387517, 44.5479693], [11.8391278, 44.5481602], [11.8391403, 44.5483119], [11.8393924, 44.5484237], [11.8395455, 44.5487598], [11.8397915, 44.5488639], [11.8399385, 44.5491923], [11.8400605, 44.5492173], [11.8400729, 44.549369], [11.840195, 44.549394], [11.8402074, 44.5495457], [11.8403295, 44.5495707], [11.8402783, 44.5498012], [11.8403569, 44.5499099], [11.840733, 44.5501008], [11.8407516, 44.5502602], [11.8412578, 44.5505378], [11.8412622, 44.5506274], [11.8408811, 44.5505468], [11.8403607, 44.5501997], [11.8403339, 44.5500337], [11.8395434, 44.5495076], [11.8393197, 44.5495054], [11.8392929, 44.5493394], [11.8387265, 44.5490253], [11.838673, 44.5491614], [11.8384283, 44.5493027], [11.8384471, 44.5495895], [11.8385691, 44.5496145], [11.8385921, 44.5498638], [11.838708, 44.5498811], [11.8387292, 44.5502127], [11.8391824, 44.5503184], [11.839229, 44.5502282], [11.8395776, 44.5502118], [11.8396018, 44.5501289], [11.8398285, 44.5501597], [11.8398446, 44.5499428], [11.8399698, 44.5499397], [11.8400999, 44.5500265], [11.8401267, 44.5501925], [11.8412753, 44.5508975], [11.8414142, 44.5511637], [11.841289, 44.5511668], [11.8411024, 44.5510371], [11.8410367, 44.5511371], [11.8415531, 44.5514307], [11.8415703, 44.551754], [11.8416964, 44.5517873], [11.8417136, 44.5521105], [11.8418396, 44.5521438], [11.8418708, 44.5523997], [11.8422935, 44.5525372], [11.8425836, 44.5524776], [11.8426106, 44.5523945], [11.842733, 44.5523916], [11.8427763, 44.5524769], [11.843001, 44.552474], [11.8429763, 44.5522055], [11.8431015, 44.5522024], [11.8434919, 44.5524627], [11.8434559, 44.552717], [11.8435852, 44.552774], [11.8436269, 44.5526394], [11.8437521, 44.5526363], [11.8438822, 44.5527231], [11.8439091, 44.5528891], [11.8446674, 44.5533337], [11.8448063, 44.5535999], [11.8444408, 44.5534881], [11.844439, 44.5535892], [11.8445548, 44.5536066], [11.844568, 44.5538759], [11.8443252, 44.554062], [11.8441023, 44.5540753], [11.843899, 44.5542832], [11.8440869, 44.5543384], [11.8440958, 44.5545158], [11.8438989, 44.5544782], [11.8437858, 44.5545577], [11.8438698, 44.554946], [11.8439922, 44.554973], [11.8438229, 44.5552213], [11.8439384, 44.555287], [11.8441307, 44.5552376], [11.8442609, 44.5553244], [11.8442158, 44.5555691], [11.8443998, 44.555591], [11.8445621, 44.5557592], [11.8449115, 44.5557583], [11.8449548, 44.5558436], [11.8451674, 44.5558419], [11.8454545, 44.5561815], [11.845688, 44.556189], [11.8458181, 44.5562758], [11.8458658, 44.556451], [11.8461761, 44.5564391], [11.8463197, 44.5563253], [11.8463173, 44.5561733], [11.8465402, 44.55616], [11.8465601, 44.5559872], [11.8468066, 44.555891], [11.8469499, 44.5562472], [11.846727, 44.5562605], [11.8467053, 44.5563885], [11.846833, 44.5564305], [11.8468516, 44.5565899], [11.8470976, 44.556694], [11.8471101, 44.5568458], [11.8473623, 44.5569575], [11.8473891, 44.5571235], [11.847627, 44.5572209], [11.8476457, 44.5573803], [11.8478917, 44.5574844], [11.8479103, 44.5576438], [11.8481564, 44.5577479], [11.848175, 44.5579073], [11.8484533, 44.5580928], [11.848677, 44.558095], [11.8486894, 44.5582467], [11.8488115, 44.5582717], [11.8489647, 44.5586077], [11.8492107, 44.5587118], [11.8492376, 44.5588778], [11.8496056, 44.5590621], [11.8496324, 44.5592281], [11.8500004, 44.5594123], [11.8500129, 44.5595641], [11.8502651, 44.5596758], [11.850292, 44.5598418], [11.8506986, 44.5599224], [11.8506349, 44.5596041], [11.8503826, 44.5594924], [11.8503558, 44.5593264], [11.8501179, 44.5592289], [11.8499566, 44.5588862], [11.8497231, 44.5588787], [11.8497062, 44.558637], [11.849454, 44.5585253], [11.8494272, 44.5583593], [11.8491893, 44.5582618], [11.8491706, 44.5581025], [11.8488032, 44.5580914], [11.8485067, 44.5573988], [11.8482607, 44.5572948], [11.8482482, 44.557143], [11.847996, 44.5570313], [11.8479692, 44.5568653], [11.8476012, 44.556681], [11.8475837, 44.5563218], [11.8477089, 44.5563187], [11.8480993, 44.556579], [11.8481118, 44.5567307], [11.8482338, 44.5567557], [11.848387, 44.5570917], [11.8485462, 44.5571944], [11.8487588, 44.5571927], [11.8490191, 44.5573662], [11.8490557, 44.5575376], [11.8492794, 44.5575398], [11.8492919, 44.5576915], [11.8495441, 44.5578033], [11.8495628, 44.5579626], [11.8503294, 44.5584138], [11.8503771, 44.5585891], [11.8505784, 44.5585674], [11.850579, 44.5583624], [11.8504513, 44.5583204], [11.8504164, 44.5576375], [11.85029, 44.5576022], [11.8504033, 44.5573677], [11.8502772, 44.5573344], [11.8501383, 44.5570682], [11.850381, 44.5568821], [11.8505062, 44.556879], [11.8505308, 44.5571726], [11.8507429, 44.5571354], [11.8507583, 44.5568727], [11.8508776, 44.5568417], [11.8508753, 44.5566897], [11.8510005, 44.5566866], [11.8510438, 44.5567719], [11.8513821, 44.5567671], [11.8514254, 44.5568524], [11.851638, 44.5568507], [11.8518115, 44.5570228], [11.8521498, 44.557018], [11.8521932, 44.5571033], [11.8524057, 44.5571016], [11.8525681, 44.5572698], [11.8530477, 44.5573556], [11.853091, 44.5574409], [11.8533036, 44.5574393], [11.8533469, 44.5575246], [11.8535595, 44.5575229], [11.853733, 44.557695], [11.8540714, 44.5576901], [11.8542338, 44.5578583], [11.8547134, 44.5579441], [11.8548435, 44.5580309], [11.8548704, 44.5581969], [11.8551042, 44.5582065], [11.8551082, 44.558294], [11.8548655, 44.5584801], [11.8546426, 44.5584934], [11.8544393, 44.5587014], [11.8547574, 44.5588433], [11.8548051, 44.5590185], [11.8553446, 44.5590076], [11.855505, 44.5588944], [11.8554951, 44.5585008], [11.8552389, 44.5583807], [11.8552344, 44.5582932], [11.8554811, 44.558195], [11.8556546, 44.5583671], [11.8559929, 44.5583622], [11.8560252, 44.5584437], [11.8562489, 44.5584459], [11.8562713, 44.5585219], [11.8565048, 44.5585295], [11.85656, 44.5586171], [11.8570122, 44.5586068], [11.8570445, 44.5586882], [11.8575241, 44.558774], [11.8575674, 44.5588594], [11.85778, 44.5588577], [11.8578233, 44.558943], [11.8580359, 44.5589413], [11.8581983, 44.5591095], [11.8586779, 44.5591953], [11.8588404, 44.5593635], [11.859064, 44.5593656], [11.8590772, 44.559635], [11.8588718, 44.5595966], [11.8588301, 44.5597312], [11.8586034, 44.5597004], [11.858583, 44.5598274], [11.8584637, 44.5598584], [11.858466, 44.5600104], [11.8581436, 44.5599739], [11.8579916, 44.5600301], [11.8578481, 44.5601439], [11.8577985, 44.5603636], [11.8581622, 44.5606014], [11.8586183, 44.5605471], [11.8586227, 44.5606366], [11.858378, 44.560778], [11.8585821, 44.561088], [11.8588458, 44.5610805], [11.8588924, 44.5609904], [11.8591153, 44.560977], [11.8591351, 44.5608043], [11.8595727, 44.5609277], [11.8596382, 44.5607916], [11.8598648, 44.5608224], [11.8598816, 44.5607231], [11.8596293, 44.5606114], [11.8596249, 44.5605219], [11.8598303, 44.5605603], [11.859872, 44.5604257], [11.8599973, 44.5604225], [11.8601274, 44.5605093], [11.8600836, 44.5608384], [11.8602752, 44.5609557], [11.8602796, 44.5610452], [11.8600444, 44.5611614], [11.8600413, 44.5613213], [11.8598184, 44.5613347], [11.8595515, 44.5616036], [11.8593701, 44.5616347], [11.8594478, 44.5620564], [11.8592629, 44.5620955], [11.8593442, 44.5625071], [11.8592247, 44.5625401], [11.8592271, 44.5626921], [11.858757, 44.5628016], [11.8584901, 44.5630706], [11.8582778, 44.5630796], [11.8582402, 44.5631671], [11.857992, 44.5631731], [11.8577316, 44.5629996], [11.8576839, 44.5628244], [11.8572311, 44.5628523], [11.8572449, 44.5632543], [11.8576274, 44.5634527], [11.8577806, 44.5637888], [11.8580267, 44.5638928], [11.8580392, 44.5640446], [11.8581617, 44.5640715], [11.8581789, 44.5644288], [11.8579701, 44.5643911], [11.8576846, 44.5646212], [11.8574524, 44.5646404], [11.8574504, 44.5649511], [11.8577776, 44.5649783], [11.8579455, 44.5647951], [11.8581965, 44.5647888], [11.8582009, 44.5648784], [11.8579612, 44.5649046], [11.8579108, 44.565137], [11.8580603, 44.5651446], [11.8582059, 44.5649686], [11.8584613, 44.5650523], [11.8584745, 44.5653216], [11.8582691, 44.5652832], [11.8582274, 44.5654178], [11.8580306, 44.5653782], [11.8578786, 44.5654344], [11.8578018, 44.5656668], [11.8579935, 44.5657842], [11.8580166, 44.5660335], [11.8582626, 44.5661375], [11.8584097, 44.566466], [11.8585318, 44.5664909], [11.8585443, 44.5666426], [11.8586664, 44.5666676], [11.8586851, 44.566827], [11.859214, 44.5671806], [11.8594019, 44.5672328], [11.8594439, 44.5671342], [11.8593179, 44.567101], [11.859291, 44.566935], [11.8591833, 44.5669243], [11.8591646, 44.5667649], [11.8587883, 44.5665741], [11.8587751, 44.5663048], [11.8591331, 44.5662824], [11.8592083, 44.5661631], [11.8591392, 44.5660256], [11.8597675, 44.5660098], [11.8597862, 44.5661692], [11.8600279, 44.5661833], [11.8601581, 44.5662701], [11.8601706, 44.5664219], [11.8604229, 44.5665335], [11.8604354, 44.5666853], [11.8606876, 44.566797], [11.8607145, 44.566963], [11.860948, 44.5669705], [11.8609667, 44.5671299], [11.8612451, 44.5673154], [11.8614022, 44.5673638], [11.8615945, 44.5673144], [11.8616159, 44.567646], [11.861738, 44.5676709], [11.8617746, 44.5678422], [11.8619983, 44.5678444], [11.8621418, 44.5682005], [11.8616896, 44.5682129], [11.8616431, 44.568303], [11.8614034, 44.5683292], [11.8614003, 44.5684892], [11.8612778, 44.5685287], [11.8612878, 44.5687621], [11.8610395, 44.5688047], [11.8610492, 44.5690021], [11.8611752, 44.5690354], [11.8611878, 44.5691871], [11.8614356, 44.5692089], [11.8615658, 44.5692956], [11.8615783, 44.5694474], [11.8618306, 44.5695591], [11.8618493, 44.5697184], [11.8622256, 44.5699093], [11.8622443, 44.5700686], [11.8624904, 44.5701727], [11.8625091, 44.5703321], [11.8628854, 44.5705229], [11.8630388, 44.5708589], [11.8632849, 44.570963], [11.8632974, 44.5711147], [11.8635497, 44.5712264], [11.8635766, 44.5713924], [11.8638145, 44.5714898], [11.8638332, 44.5716492], [11.8640793, 44.5717533], [11.864098, 44.5719126], [11.8644744, 44.5721034], [11.8645012, 44.5722694], [11.8648694, 44.5724536], [11.8648819, 44.5726054], [11.8651342, 44.572717], [11.8651611, 44.572883], [11.8653991, 44.5729805], [11.8654178, 44.5731398], [11.8656639, 44.5732439], [11.8656826, 44.5734033], [11.8659287, 44.5735073], [11.8659475, 44.5736667], [11.8661936, 44.5737707], [11.8662123, 44.5739301], [11.8667188, 44.5742077], [11.8668722, 44.5745437], [11.8672485, 44.5747345], [11.8672754, 44.5749005], [11.8676436, 44.5750847], [11.867797, 44.5754207], [11.8681733, 44.5756115], [11.868192, 44.5757709], [11.8684382, 44.5758749], [11.8685854, 44.5762033], [11.8687075, 44.5762282], [11.86872, 44.57638], [11.8688421, 44.5764049], [11.8688465, 44.5764944], [11.8684824, 44.5767737], [11.8682701, 44.5767826], [11.8681138, 44.576963], [11.8678816, 44.5769822], [11.8677453, 44.5771523], [11.8675223, 44.5771657], [11.8668912, 44.5777139], [11.8655108, 44.5777487], [11.8654527, 44.577661], [11.8644972, 44.577684], [11.8644649, 44.5776025], [11.8641154, 44.5776035], [11.864072, 44.5775182], [11.8637336, 44.5775231], [11.8637111, 44.577447], [11.8634775, 44.5774395], [11.8634342, 44.5773542], [11.8627139, 44.5772786], [11.8626817, 44.5771972], [11.8622019, 44.5771114], [11.8621586, 44.5770261], [11.8619459, 44.5770278], [11.8619025, 44.5769425], [11.8616899, 44.5769442], [11.8616465, 44.5768589], [11.8614339, 44.5768606], [11.8612812, 44.5766977], [11.8610476, 44.5766902], [11.8608852, 44.576522], [11.8606614, 44.5765199], [11.860401, 44.5763463], [11.8603885, 44.5761946], [11.8602439, 44.5760936], [11.8600104, 44.5760861], [11.8597177, 44.5758311], [11.859494, 44.5758289], [11.8589409, 44.5754004], [11.8587172, 44.5753983], [11.8572625, 44.5743678], [11.8570289, 44.5743602], [11.8555743, 44.5733297], [11.8553408, 44.5733222], [11.8549502, 44.5730619], [11.8549282, 44.5726127], [11.8551144, 44.5725651], [11.8550271, 44.5724432], [11.8548124, 44.5724486], [11.8548019, 44.5726155], [11.8546805, 44.5727086], [11.8544294, 44.5727148], [11.8541466, 44.5724652], [11.8539131, 44.5724577], [11.8531095, 44.571861], [11.852876, 44.5718534], [11.8518345, 44.5711593], [11.8518158, 44.5709999], [11.8515693, 44.5708938], [11.8515609, 44.5707164], [11.8518092, 44.5706738], [11.8518636, 44.5704792], [11.8517864, 44.5702066], [11.8515301, 44.5700866], [11.8513769, 44.5697505], [11.8511308, 44.5696464], [11.8511088, 44.5691973], [11.8513411, 44.5691781], [11.8513336, 44.5690246], [11.8511456, 44.5689724], [11.8511039, 44.569107], [11.8509786, 44.5691101], [11.85096, 44.5689507], [11.8507687, 44.5689364], [11.8507263, 44.5690804], [11.8508523, 44.5691137], [11.8508567, 44.5692032], [11.8504755, 44.5691227], [11.8504322, 44.5690374], [11.8500306, 44.569044], [11.8499718, 44.5691353], [11.8497489, 44.5691486], [11.8497247, 44.5692314], [11.8494737, 44.5692377], [11.8492133, 44.5690642], [11.8491964, 44.5688225], [11.8490743, 44.5687976], [11.8489211, 44.5684615], [11.8485449, 44.5682706], [11.8485262, 44.5681113], [11.8481499, 44.5679204], [11.8481231, 44.5677544], [11.847853, 44.5675755], [11.8476293, 44.5675733], [11.8475926, 44.5674019], [11.847397, 44.5674068], [11.8471375, 44.5676058], [11.8471388, 44.5678556], [11.846762, 44.567865], [11.8462413, 44.5675179], [11.8463502, 44.5672731], [11.8459454, 44.5669985], [11.8457808, 44.5670491], [11.8461018, 44.5672517], [11.8461062, 44.5673412], [11.8458552, 44.5673475], [11.8456928, 44.5671793], [11.8454691, 44.5671771], [11.8452087, 44.5670035], [11.8451819, 44.5668375], [11.8446925, 44.5667463], [11.8440417, 44.5663124], [11.8440148, 44.5661464], [11.8437813, 44.5661388], [11.843521, 44.5659653], [11.8435195, 44.5658755], [11.8436419, 44.5658726], [11.8436971, 44.5659602], [11.843879, 44.5659434], [11.8438899, 44.5658125], [11.8437638, 44.5657792], [11.8437594, 44.5656897], [11.843976, 44.565725], [11.8440029, 44.5656212], [11.8437506, 44.5655094], [11.8437382, 44.5653577], [11.8434859, 44.565246], [11.8434591, 44.56508], [11.8432212, 44.5649825], [11.8432026, 44.5648231], [11.8426738, 44.5644693], [11.8424403, 44.5644618], [11.8423728, 44.5643736], [11.8422124, 44.5643852], [11.8421882, 44.5644681], [11.8418942, 44.564488], [11.8419586, 44.5649239], [11.8418333, 44.564927], [11.841573, 44.5647535], [11.8415562, 44.5645118], [11.841304, 44.5644001], [11.8412996, 44.5643105], [11.8414858, 44.5642629], [11.8413985, 44.564141], [11.8412908, 44.5641303], [11.8412722, 44.5639709], [11.8410261, 44.5638668], [11.8410075, 44.5637074], [11.8406313, 44.5635166], [11.8406127, 44.5633572], [11.8403666, 44.5632531], [11.840348, 44.5630937], [11.8400795, 44.5629135], [11.8395191, 44.5629151], [11.8394725, 44.5630052], [11.8392496, 44.5630186], [11.8392295, 44.5631553], [11.8393555, 44.5631886], [11.8393599, 44.5632781], [11.8391089, 44.5632844], [11.8389788, 44.5631976], [11.8389619, 44.5629559], [11.8388399, 44.562931], [11.8386867, 44.5625949], [11.8385708, 44.5625776], [11.838554, 44.5623359], [11.8384319, 44.5623109], [11.8382788, 44.5619749], [11.8380327, 44.5618707], [11.8380141, 44.5617114], [11.8378982, 44.561694], [11.8379345, 44.5612695], [11.8376248, 44.5612507], [11.8377812, 44.5609894], [11.8376397, 44.5609881], [11.8374941, 44.5611639], [11.8372819, 44.5611728], [11.837247, 44.5612601], [11.8370347, 44.561269], [11.8369998, 44.5613563], [11.8366274, 44.5614556], [11.83661, 44.5610963], [11.8367293, 44.5610653], [11.8367189, 44.5608511], [11.8365214, 44.5608291], [11.8364749, 44.5609192], [11.8362239, 44.5609254], [11.8362067, 44.5606022], [11.8360806, 44.5605689], [11.8360719, 44.5603895], [11.8364487, 44.5603801], [11.836492, 44.5604654], [11.8369217, 44.5605448], [11.8369566, 44.5604575], [11.8371888, 44.5604384], [11.8371994, 44.5602714], [11.8374224, 44.5602581], [11.8376894, 44.5599892], [11.8378146, 44.5599861], [11.8378812, 44.5601192], [11.8380517, 44.5600568], [11.8380667, 44.5599798], [11.8383021, 44.5600048], [11.8383094, 44.5597937], [11.8384159, 44.5597777], [11.8384265, 44.5596107], [11.838549, 44.5595713], [11.8385391, 44.5593379], [11.8389842, 44.5593716], [11.8390378, 44.5592354], [11.8392345, 44.5592751], [11.8395833, 44.5592093], [11.8395277, 44.5589532], [11.8397728, 44.5589191], [11.8397617, 44.5585873], [11.8398831, 44.5584942], [11.8401153, 44.558475], [11.8401258, 44.5583081], [11.8403666, 44.5581841], [11.840347, 44.5577085], [11.8402209, 44.5576752], [11.8401843, 44.5575038], [11.8399607, 44.5575016], [11.8397872, 44.5573295], [11.8394993, 44.5573341], [11.8394527, 44.5574242], [11.8389889, 44.5574394], [11.8388327, 44.5576197], [11.8383733, 44.5577248], [11.8383384, 44.557812], [11.8378932, 44.5577784], [11.8378397, 44.5579145], [11.8375888, 44.5579207], [11.8375565, 44.5578393], [11.8373955, 44.5578357], [11.8373367, 44.557927], [11.8371138, 44.5579403], [11.8366115, 44.5583253], [11.8366084, 44.5584852], [11.8364117, 44.5584455], [11.8360628, 44.5585114], [11.836114, 44.5586776], [11.8358911, 44.5586909], [11.8358713, 44.5588636], [11.8356391, 44.5588828], [11.8356285, 44.5590497], [11.8352518, 44.5590591], [11.8351216, 44.5589723], [11.8350948, 44.5588063], [11.8348614, 44.5587987], [11.8348489, 44.558647], [11.8347269, 44.558622], [11.83471, 44.5583803], [11.834588, 44.5583554], [11.8345712, 44.5581137], [11.8344491, 44.5580888], [11.8344323, 44.5578471], [11.8343103, 44.5578221], [11.8342891, 44.5574905], [11.8341666, 44.5574636], [11.8341583, 44.5572862], [11.8343861, 44.5571771], [11.8344613, 44.5570512], [11.8341452, 44.557016], [11.8341408, 44.5569265], [11.8344895, 44.5569101], [11.8346331, 44.5567963], [11.834631, 44.5566803], [11.834505, 44.556647], [11.8345605, 44.5565064], [11.834482, 44.5563977], [11.834236, 44.5562936], [11.8342174, 44.5561342], [11.8339714, 44.5560301], [11.8340269, 44.5558894], [11.8339502, 44.5556985], [11.8337024, 44.5556766], [11.8336852, 44.5553534], [11.8335592, 44.5553201], [11.8335374, 44.5548709], [11.8339571, 44.5548479], [11.8339018, 44.5546278], [11.8337166, 44.5545514], [11.8333985, 44.5546039], [11.8333941, 44.5545144], [11.8336338, 44.5544882], [11.8336601, 44.5543307], [11.8334241, 44.5543368], [11.8333892, 44.5544241], [11.8330125, 44.5544334], [11.8330081, 44.5543439], [11.8332311, 44.5543306], [11.8333134, 44.5541904], [11.8329994, 44.5541637], [11.8328525, 44.5538352], [11.8327304, 44.5538103], [11.8327136, 44.5535686], [11.8324615, 44.5534568], [11.8324443, 44.5531336], [11.8323183, 44.5531003], [11.8322953, 44.552851], [11.8321794, 44.5528337], [11.8321579, 44.5524205], [11.8320318, 44.5523872], [11.8320147, 44.552064], [11.8318886, 44.5520307], [11.8318718, 44.551789], [11.8317498, 44.551764], [11.8315967, 44.5514279], [11.8314809, 44.5514106], [11.8313205, 44.5507308], [11.8311945, 44.5506975], [11.8311773, 44.5503743], [11.8310513, 44.550341], [11.8310341, 44.5500177], [11.8309081, 44.5499844], [11.8308774, 44.5493574], [11.8309989, 44.5492624], [11.8313369, 44.5492504], [11.8313718, 44.5491631], [11.8317098, 44.5491511], [11.8317447, 44.5490638], [11.8320826, 44.5490518], [11.8321175, 44.5489645], [11.8323497, 44.5489454], [11.8323646, 44.5488684], [11.8328283, 44.5488533], [11.8328632, 44.548766], [11.8333332, 44.5486565], [11.8333575, 44.5485737], [11.8336838, 44.5485645], [11.8337303, 44.5484744], [11.8340789, 44.5484579], [11.8341032, 44.5483751], [11.8344411, 44.5483631], [11.834476, 44.5482758], [11.834814, 44.5482638], [11.8348489, 44.5481765], [11.8351868, 44.5481645], [11.8352217, 44.5480772], [11.8355597, 44.5480652], [11.8355946, 44.547978], [11.8358267, 44.5479588], [11.8358417, 44.5478818], [11.8363054, 44.5478666], [11.8363403, 44.5477794], [11.8368427, 44.5477669], [11.8368638, 44.5480985], [11.8371497, 44.5482482], [11.8372398, 44.5481619], [11.8371122, 44.5481199], [11.8371106, 44.5480301], [11.837233, 44.5480273], [11.837657, 44.5483256], [11.8377415, 44.5482223], [11.837099, 44.5478501], [11.8370804, 44.5476908], [11.8367043, 44.5474999], [11.8366913, 44.5472305], [11.8369417, 44.5472326], [11.8369303, 44.5470721], [11.8367635, 44.5470059], [11.8366863, 44.5471402], [11.8364388, 44.5471298], [11.8364567, 44.547596], [11.8359999, 44.5475639], [11.8359581, 44.5476985], [11.83571, 44.5477048], [11.8355771, 44.5476179], [11.8356254, 44.5473788], [11.8354339, 44.5472614], [11.8354152, 44.547102], [11.8352994, 44.5470846], [11.8352778, 44.5466715], [11.8351518, 44.5466382], [11.8350879, 44.5463708], [11.8349153, 44.5463818], [11.8348911, 44.5464646], [11.8343133, 44.54648], [11.8342639, 44.5465704], [11.8341416, 44.5465733], [11.8340864, 44.5464857], [11.8337479, 44.546494], [11.8337682, 44.5466726], [11.8335172, 44.5466788], [11.8334621, 44.5465912], [11.8326831, 44.5466105], [11.8326365, 44.5467007], [11.8322879, 44.5467171], [11.8322637, 44.5467999], [11.8314345, 44.5468216], [11.8313879, 44.5469117], [11.8308101, 44.5469271], [11.8307636, 44.5470172], [11.8302999, 44.5470323], [11.830265, 44.5471196], [11.8291383, 44.5472376], [11.8291895, 44.547007], [11.8291084, 44.5467261], [11.8289864, 44.5467012], [11.8289634, 44.5464519], [11.8287218, 44.5464377], [11.8287032, 44.5462783], [11.8285404, 44.5462192], [11.8282102, 44.5462703], [11.8282015, 44.5460908], [11.8285668, 44.5460616], [11.8285631, 44.5457666], [11.8284355, 44.5457246], [11.8284788, 44.5454774], [11.8282923, 44.545368], [11.8283435, 44.5451375], [11.8282625, 44.5448566], [11.8281405, 44.5448316], [11.8281146, 44.5443285], [11.8279886, 44.5442952], [11.8279656, 44.5440459], [11.8278494, 44.5440266], [11.8278324, 44.5436693], [11.8279517, 44.5436384], [11.827945, 44.5433965], [11.8281803, 44.5432804], [11.8281834, 44.5431205], [11.8285214, 44.5431085], [11.8286133, 44.5429615], [11.8284218, 44.5428441], [11.8284032, 44.5426847], [11.8281573, 44.5425806], [11.8281305, 44.5424146], [11.8278495, 44.5422317], [11.8275112, 44.5422365], [11.8274988, 44.5420847], [11.8273446, 44.5419783], [11.827121, 44.5419761], [11.8270535, 44.5418879], [11.8268932, 44.5418995], [11.8268689, 44.5419823], [11.826118, 44.5420011], [11.8260719, 44.5419157], [11.8258593, 44.5419173], [11.8257125, 44.5415888], [11.8255905, 44.5415639], [11.8255737, 44.5413222], [11.8254517, 44.5412972], [11.8254249, 44.5411312], [11.8251868, 44.5410317], [11.8253042, 44.5408512], [11.8257635, 44.5407461], [11.8257984, 44.5406589], [11.8260493, 44.5406527], [11.8263095, 44.5408263], [11.8263306, 44.5411579], [11.8265827, 44.5412696], [11.8266094, 44.5414356], [11.8271696, 44.5414341], [11.8272162, 44.541344], [11.8275425, 44.5413348], [11.827589, 44.5412447], [11.8278905, 44.5412182], [11.8278274, 44.5409687], [11.8280681, 44.5408447], [11.828049, 44.5404507], [11.8278837, 44.5403404], [11.8276712, 44.540342], [11.827616, 44.5402544], [11.8264124, 44.5402834], [11.8262326, 44.5401547], [11.8260281, 44.5402027], [11.8260095, 44.5400433], [11.8257412, 44.5398631], [11.8255078, 44.5398555], [11.8253455, 44.5396872], [11.8248661, 44.5396013], [11.8248229, 44.5395159], [11.8245512, 44.5394744], [11.8243589, 44.5395238], [11.8242914, 44.5394356], [11.8239817, 44.5395331], [11.8239385, 44.5394478], [11.8237259, 44.5394494], [11.8235958, 44.5393626], [11.8235691, 44.5391966], [11.8230712, 44.5389255], [11.8230669, 44.538836], [11.8231894, 44.5387965], [11.8231641, 44.5382482], [11.8230364, 44.5382061], [11.8230178, 44.5380468], [11.822902, 44.5380294], [11.8228846, 44.5376701], [11.8229985, 44.5376471], [11.8230036, 44.537532], [11.8228759, 44.5374899], [11.8228588, 44.5371667], [11.822548, 44.5370933], [11.82223, 44.5371458], [11.8220825, 44.5366997], [11.8222077, 44.5366966], [11.8222263, 44.536856], [11.8225634, 44.5369986], [11.8224595, 44.5366924], [11.822579, 44.5366594], [11.8225749, 44.5364988], [11.8220738, 44.5365195], [11.8220695, 44.53643], [11.8221909, 44.5363369], [11.8224137, 44.5363236], [11.8224379, 44.5362408], [11.8229015, 44.5362257], [11.8229364, 44.5361384], [11.8235141, 44.5361231], [11.8235607, 44.536033], [11.8241383, 44.5360176], [11.8241849, 44.5359275], [11.8246485, 44.5359124], [11.8247372, 44.5357599], [11.8239751, 44.5357533], [11.8239285, 44.5358434], [11.8234766, 44.5358557], [11.82343, 44.5359458], [11.8228524, 44.5359611], [11.8228058, 44.5360513], [11.8226835, 44.5360545], [11.8226374, 44.535969], [11.8224249, 44.5359707], [11.8224081, 44.535729], [11.8221239, 44.5355358], [11.8216532, 44.5356296], [11.8215232, 44.5355428], [11.8215663, 44.5353808], [11.8213884, 44.5353641], [11.8215596, 44.5351183], [11.82125, 44.5350995], [11.8212271, 44.5348501], [11.8209855, 44.5348359], [11.8207254, 44.5346623], [11.8207087, 44.5344206], [11.8204566, 44.5343088], [11.8204399, 44.5340672], [11.8203179, 44.5340422], [11.8203011, 44.5338005], [11.8201792, 44.5337756], [11.8201524, 44.5336095], [11.8199147, 44.533512], [11.8198961, 44.5333526], [11.8197803, 44.5333353], [11.8196329, 44.5328892], [11.81993, 44.5327728], [11.8199294, 44.5325559], [11.8193637, 44.5325333], [11.8193554, 44.5323559], [11.8194768, 44.5322629], [11.8197089, 44.5322438], [11.8197158, 44.5321045], [11.8195185, 44.5320825], [11.8194719, 44.5321726], [11.8193496, 44.5321758], [11.8193035, 44.5320903], [11.8189653, 44.5320951], [11.8189523, 44.5318257], [11.8190736, 44.5317327], [11.8195759, 44.5317203], [11.8195988, 44.5319696], [11.8198403, 44.5319838], [11.8199871, 44.5323123], [11.8201091, 44.5323373], [11.8201178, 44.5325167], [11.819933, 44.5325558], [11.8200286, 44.5326916], [11.8202135, 44.5326912], [11.8202484, 44.5326039], [11.820826, 44.5325886], [11.8208726, 44.5324985], [11.8217016, 44.5324769], [11.8217482, 44.5323868], [11.8219803, 44.5323677], [11.8219953, 44.5322907], [11.8223438, 44.5322743], [11.8223681, 44.5321914], [11.82282, 44.5321792], [11.8228665, 44.5320891], [11.8232151, 44.5320727], [11.8232393, 44.5319898], [11.8235772, 44.5319778], [11.8236121, 44.5318906], [11.8239499, 44.5318786], [11.8239805, 44.5317014], [11.8241018, 44.5316084], [11.8244202, 44.5316903], [11.824479, 44.531599], [11.8249532, 44.5315795], [11.8249663, 44.5312717], [11.8248387, 44.5312296], [11.8248088, 44.5307182], [11.8246869, 44.5306933], [11.8246744, 44.5305415], [11.8245301, 44.5304404], [11.8242967, 44.5304328], [11.8242669, 44.5299214], [11.8241449, 44.5298964], [11.8241182, 44.5297304], [11.8238848, 44.5297228], [11.8237548, 44.529636], [11.8237115, 44.5295063], [11.8232863, 44.5295612], [11.8232486, 44.5296487], [11.8228749, 44.5296578], [11.8228197, 44.5295702], [11.8222807, 44.5295861], [11.8222458, 44.5296733], [11.8218973, 44.5296897], [11.8218774, 44.5298625], [11.8216347, 44.5300486], [11.8215123, 44.5300518], [11.8213473, 44.5298834], [11.8211237, 44.5298811], [11.8209937, 44.5297943], [11.8209813, 44.5296426], [11.8208369, 44.5295415], [11.820638, 44.5294923], [11.8206114, 44.5296777], [11.8207378, 44.529713], [11.820688, 44.5299478], [11.8208761, 44.5299777], [11.8209039, 44.5301879], [11.8215133, 44.530142], [11.821522, 44.5303214], [11.821277, 44.5303555], [11.8212877, 44.5306513], [11.8214137, 44.5306846], [11.8214323, 44.530844], [11.8217214, 44.5310335], [11.822512, 44.5310165], [11.8225586, 44.5309264], [11.8230222, 44.5309113], [11.8230571, 44.530824], [11.8236463, 44.5308058], [11.8236812, 44.5307185], [11.8239133, 44.5306994], [11.823924, 44.5305325], [11.8240453, 44.5304395], [11.8241705, 44.5304364], [11.824189, 44.5305957], [11.8244306, 44.53061], [11.8244351, 44.5306975], [11.8242072, 44.5308085], [11.8241965, 44.5309755], [11.8238325, 44.5312545], [11.8236203, 44.5312634], [11.8234641, 44.5314437], [11.8232959, 44.5314605], [11.823347, 44.5316267], [11.8225302, 44.5316471], [11.8224715, 44.5317383], [11.8220196, 44.5317506], [11.821973, 44.5318407], [11.8216244, 44.5318571], [11.8214788, 44.532033], [11.8208509, 44.5320485], [11.8208076, 44.5319631], [11.8205951, 44.5319648], [11.8203346, 44.5317892], [11.8203177, 44.5314319], [11.820553, 44.5314569], [11.8205505, 44.5312659], [11.8202498, 44.5312085], [11.8200576, 44.5312579], [11.8199901, 44.5311697], [11.8196804, 44.5312672], [11.8196677, 44.5310339], [11.8195417, 44.5310005], [11.8195374, 44.530911], [11.8196587, 44.530818], [11.8200073, 44.5308016], [11.8201529, 44.5306257], [11.8203757, 44.5306124], [11.8203956, 44.5304397], [11.8208322, 44.5303773], [11.8205792, 44.5302101], [11.8197584, 44.530275], [11.8199335, 44.5300351], [11.8197454, 44.5300052], [11.8197243, 44.5296736], [11.8194722, 44.5295619], [11.8194555, 44.5293202], [11.8193335, 44.5292952], [11.8193205, 44.5290258], [11.8194344, 44.5290028], [11.8194893, 44.5288603], [11.8189851, 44.5288548], [11.8189385, 44.5289449], [11.8184866, 44.5289571], [11.81844, 44.5290472], [11.818208, 44.5290663], [11.818193, 44.5291433], [11.8178551, 44.5291553], [11.8178202, 44.5292426], [11.8173683, 44.5292548], [11.8173218, 44.5293449], [11.8171966, 44.529348], [11.8170666, 44.5292612], [11.817048, 44.5291018], [11.8166721, 44.5289108], [11.8166492, 44.5286615], [11.8164034, 44.5285573], [11.8163867, 44.5283157], [11.8162647, 44.5282907], [11.816238, 44.5281247], [11.8161303, 44.5281139], [11.8161092, 44.5277824], [11.8159873, 44.5277574], [11.8159606, 44.5275914], [11.8158529, 44.5275806], [11.8158362, 44.527339], [11.8157142, 44.527314], [11.8156875, 44.527148], [11.8155798, 44.5271373], [11.8155631, 44.5268956], [11.8154411, 44.5268706], [11.8154144, 44.5267046], [11.8153068, 44.5266939], [11.81529, 44.5264522], [11.8151681, 44.5264272], [11.8150151, 44.5260911], [11.8148993, 44.5260737]], [[11.850803, 44.5603461], [11.8510593, 44.5604662], [11.8510779, 44.5606255], [11.851324, 44.5607296], [11.8513427, 44.560889], [11.8515887, 44.5609931], [11.8516074, 44.5611524], [11.8518534, 44.5612565], [11.8518721, 44.5614159], [11.8521181, 44.56152], [11.8521368, 44.5616794], [11.8526388, 44.5618671], [11.8526619, 44.5621164], [11.8529079, 44.5622204], [11.8530611, 44.5625565], [11.8534374, 44.5627473], [11.853456, 44.5629067], [11.8537021, 44.5630108], [11.8537208, 44.5631702], [11.854097, 44.563361], [11.8541238, 44.563527], [11.8546221, 44.563798], [11.854639, 44.5640397], [11.8548912, 44.5641514], [11.8549181, 44.5643174], [11.855156, 44.5644148], [11.8553092, 44.5647509], [11.8555553, 44.564855], [11.8555678, 44.5650067], [11.8558201, 44.5651184], [11.8558469, 44.5652844], [11.8564753, 44.5656421], [11.8566286, 44.5659782], [11.8568747, 44.5660823], [11.8569015, 44.5662483], [11.8572696, 44.5664325], [11.8572821, 44.5665842], [11.8575344, 44.5666959], [11.8575531, 44.5668553], [11.8579294, 44.5670461], [11.8579481, 44.5672055], [11.8583468, 44.5674724], [11.8585803, 44.56748], [11.8585932, 44.5677133], [11.8587193, 44.5677465], [11.858738, 44.5679059], [11.8589841, 44.56801], [11.8590109, 44.568176], [11.859379, 44.5683602], [11.8594059, 44.5685262], [11.859774, 44.5687104], [11.8597865, 44.5688621], [11.8600388, 44.5689738], [11.8600657, 44.5691398], [11.8603469, 44.5693226], [11.8606573, 44.5693106], [11.8608008, 44.5691968], [11.8607943, 44.5689909], [11.8605381, 44.5688709], [11.8605211, 44.5686292], [11.8602689, 44.5685175], [11.8602501, 44.5683582], [11.8589401, 44.5674839], [11.8587066, 44.5674764], [11.8587022, 44.5673869], [11.8588819, 44.5672602], [11.8588049, 44.567134], [11.8585588, 44.56703], [11.8585463, 44.5668782], [11.858294, 44.5667665], [11.8582672, 44.5666005], [11.8576387, 44.5662428], [11.8574854, 44.5659067], [11.8568488, 44.5655424], [11.8568319, 44.5653007], [11.8565796, 44.565189], [11.8564326, 44.5648606], [11.8561803, 44.5647489], [11.8561535, 44.5645829], [11.8559155, 44.5644854], [11.8558969, 44.5643261], [11.8553904, 44.5640485], [11.8553718, 44.5638891], [11.8551033, 44.5637089], [11.8548698, 44.5637014], [11.8547396, 44.5636146], [11.8547165, 44.5633653], [11.8544704, 44.5632613], [11.854309, 44.5629186], [11.8538108, 44.5626476], [11.8537983, 44.5624958], [11.8536762, 44.5624709], [11.8536494, 44.5623049], [11.8534115, 44.5622075], [11.8533928, 44.5620481], [11.8531035, 44.5618587], [11.8527651, 44.5618635], [11.8527438, 44.5615319], [11.8526217, 44.561507], [11.8525949, 44.561341], [11.852357, 44.5612435], [11.8523383, 44.5610842], [11.8520923, 44.5609801], [11.851939, 44.560644], [11.8514327, 44.5603664], [11.851414, 44.560207], [11.8511247, 44.5600176], [11.8507922, 44.5600503], [11.850803, 44.5603461]], [[11.8577302, 44.5651914], [11.8578767, 44.5650791], [11.857726, 44.5650837], [11.8577302, 44.5651914]], [[11.8571012, 44.5649885], [11.857323, 44.5649455], [11.8572888, 44.564819], [11.8570764, 44.5648367], [11.8571012, 44.5649885]], [[11.8541524, 44.5600357], [11.8543434, 44.5604539], [11.8548498, 44.5607315], [11.8548623, 44.5608832], [11.8551145, 44.5609949], [11.8551413, 44.5611609], [11.8553792, 44.5612584], [11.8553979, 44.5614178], [11.855644, 44.5615218], [11.8556627, 44.5616812], [11.8559087, 44.5617853], [11.8559274, 44.5619447], [11.8563036, 44.5621355], [11.8563223, 44.5622949], [11.8565684, 44.5623989], [11.8565871, 44.5625583], [11.8568654, 44.5627438], [11.857061, 44.5627389], [11.8570723, 44.5624224], [11.8569462, 44.5623891], [11.8569275, 44.5622297], [11.8566814, 44.5621256], [11.8566546, 44.5619596], [11.8562865, 44.5617754], [11.8562597, 44.5616094], [11.8558916, 44.5614252], [11.8557384, 44.5610892], [11.8553622, 44.5608983], [11.8553497, 44.5607466], [11.8550974, 44.5606349], [11.8550706, 44.5604689], [11.8548327, 44.5603714], [11.854814, 44.560212], [11.854568, 44.560108], [11.8545132, 44.5599758], [11.8541524, 44.5600357]], [[11.8537832, 44.5619905], [11.8539375, 44.5620969], [11.8541527, 44.5621234], [11.8541393, 44.5620226], [11.85381, 44.5618867], [11.8537832, 44.5619905]], [[11.8523437, 44.5707042], [11.8523239, 44.570877], [11.85221, 44.5709], [11.852205, 44.5710152], [11.8523327, 44.5710572], [11.8523595, 44.5712232], [11.8527599, 44.5714889], [11.8529836, 44.571491], [11.8531461, 44.5716593], [11.8533698, 44.5716614], [11.8537926, 44.5720032], [11.8539336, 44.5719948], [11.8538698, 44.5716765], [11.8536175, 44.5715648], [11.853605, 44.5714131], [11.8534829, 44.5713881], [11.8534561, 44.5712222], [11.8532181, 44.5711247], [11.8531913, 44.5709587], [11.8527679, 44.5706869], [11.8523437, 44.5707042]], [[11.851423, 44.5691892], [11.8514265, 44.5693241], [11.8515508, 44.5692288], [11.851423, 44.5691892]], [[11.8514451, 44.5687075], [11.8512986, 44.5688198], [11.8514493, 44.5688153], [11.8514451, 44.5687075]], [[11.8480126, 44.5650155], [11.8481669, 44.5651218], [11.8483751, 44.5651553], [11.8482566, 44.5649473], [11.8484963, 44.5649211], [11.8485637, 44.5648], [11.8484744, 44.5647269], [11.8482759, 44.5647742], [11.8482516, 44.564857], [11.8480194, 44.5648762], [11.8480126, 44.5650155]], [[11.8476622, 44.564921], [11.8475717, 44.5651037], [11.8476584, 44.5652189], [11.8478731, 44.5652136], [11.847948, 44.5650855], [11.8478612, 44.5649702], [11.8476622, 44.564921]], [[11.8460766, 44.5665119], [11.8462247, 44.5666107], [11.8464399, 44.5666372], [11.8464365, 44.5664607], [11.8462711, 44.5663505], [11.8460644, 44.56638], [11.8460766, 44.5665119]], [[11.8460485, 44.5660547], [11.846272, 44.5661136], [11.8462888, 44.5660143], [11.8460754, 44.5659509], [11.8460485, 44.5660547]], [[11.8459139, 44.565878], [11.8461375, 44.5659369], [11.8461542, 44.5658376], [11.8459408, 44.5657742], [11.8459139, 44.565878]], [[11.8447668, 44.5663917], [11.845608, 44.5670706], [11.8457278, 44.56708], [11.8456932, 44.5668316], [11.8454515, 44.5668174], [11.8451912, 44.5666438], [11.8451824, 44.5664644], [11.8454673, 44.56645], [11.8454252, 44.5662783], [11.8455504, 44.5662752], [11.845681, 44.566364], [11.845685, 44.5664515], [11.8455656, 44.5664824], [11.8455779, 44.5666144], [11.8457371, 44.566717], [11.8460368, 44.5667095], [11.8460675, 44.5665684], [11.8459415, 44.5665351], [11.8459325, 44.5663577], [11.8460466, 44.5663326], [11.84605, 44.5662087], [11.8459239, 44.5661754], [11.8458971, 44.5660094], [11.8457092, 44.5659572], [11.8456674, 44.5660918], [11.8454509, 44.5660565], [11.8454203, 44.566188], [11.8451973, 44.5662013], [11.8450517, 44.5663772], [11.8447668, 44.5663917]], [[11.8436476, 44.552971], [11.8438019, 44.5530774], [11.844017, 44.5531039], [11.8440036, 44.5530031], [11.8436745, 44.5528672], [11.8436476, 44.552971]], [[11.841946, 44.556912], [11.8416984, 44.5569017], [11.8417422, 44.5570939], [11.8419267, 44.5570852], [11.8419509, 44.5570023], [11.8422996, 44.5569859], [11.8423008, 44.5566533], [11.8420872, 44.5566462], [11.8419436, 44.55676], [11.841946, 44.556912]], [[11.8416432, 44.5567521], [11.8418003, 44.5568569], [11.841794, 44.5567492], [11.8416432, 44.5567521]], [[11.8400355, 44.5495902], [11.8401926, 44.5496949], [11.8401862, 44.5495872], [11.8400355, 44.5495902]], [[11.839829, 44.5496279], [11.8400176, 44.5496255], [11.8398844, 44.5495366], [11.839829, 44.5496279]], [[11.8392548, 44.5490695], [11.8394119, 44.5491742], [11.8394055, 44.5490665], [11.8392548, 44.5490695]], [[11.83753, 44.5541051], [11.837656, 44.5541384], [11.8376729, 44.5543801], [11.8377949, 44.554405], [11.8378121, 44.5547283], [11.8379382, 44.5547616], [11.8379598, 44.5551747], [11.8380858, 44.555208], [11.8381114, 44.5556295], [11.8382334, 44.5556545], [11.8382564, 44.5559038], [11.8385859, 44.5560487], [11.8387512, 44.5559653], [11.8387329, 44.555588], [11.8386068, 44.5555548], [11.8385838, 44.5553055], [11.838468, 44.5552881], [11.8384424, 44.5548666], [11.8381902, 44.5547549], [11.8381559, 44.5541536], [11.8380338, 44.5541286], [11.8380214, 44.5539769], [11.8378993, 44.5539519], [11.8378825, 44.5537102], [11.837693, 44.5535971], [11.8375065, 44.5536468], [11.83753, 44.5541051]], [[11.838707, 44.5605628], [11.8385605, 44.5606751], [11.8387111, 44.5606706], [11.838707, 44.5605628]], [[11.8379412, 44.5612836], [11.8379504, 44.5614723], [11.8380484, 44.5615495], [11.838132, 44.5615327], [11.8381367, 44.5614184], [11.8382619, 44.5614153], [11.8383052, 44.5615006], [11.8384897, 44.5614919], [11.8385096, 44.5613191], [11.8387503, 44.5611951], [11.8387366, 44.5610189], [11.8384964, 44.561049], [11.8384531, 44.5609637], [11.8382686, 44.5609724], [11.8382487, 44.5611452], [11.838009, 44.5611713], [11.8379412, 44.5612836]], [[11.8383768, 44.5606096], [11.8381838, 44.560858], [11.8383333, 44.5608656], [11.8385264, 44.5606172], [11.8383768, 44.5606096]], [[11.8380083, 44.5607988], [11.8378152, 44.5610473], [11.8379648, 44.5610548], [11.8381579, 44.5608064], [11.8380083, 44.5607988]], [[11.836883, 44.5473606], [11.8368927, 44.5474954], [11.8372477, 44.547749], [11.8374628, 44.5477756], [11.8374495, 44.5476748], [11.836883, 44.5473606]], [[11.8360695, 44.5447789], [11.8363178, 44.5448256], [11.8363089, 44.5445753], [11.8361028, 44.5445005], [11.8360695, 44.5447789]], [[11.8359939, 44.5443906], [11.8361746, 44.5444691], [11.8361353, 44.5443224], [11.8359939, 44.5443906]], [[11.8323184, 44.5334989], [11.8324075, 44.5341931], [11.8324814, 44.5342358], [11.8327187, 44.534134], [11.832625, 44.5335853], [11.832503, 44.5335604], [11.8324483, 44.5334282], [11.8323184, 44.5334989]], [[11.8320924, 44.534246], [11.8321063, 44.5344707], [11.8324203, 44.5344631], [11.8324755, 44.5345507], [11.8326114, 44.5345053], [11.8323843, 44.5342913], [11.8320924, 44.534246]], [[11.8322729, 44.5332553], [11.8323054, 44.5333854], [11.8324593, 44.5334225], [11.8324862, 44.5333187], [11.8322729, 44.5332553]], [[11.8320945, 44.5329043], [11.8323377, 44.5329588], [11.8323383, 44.5327907], [11.8321322, 44.5327158], [11.8320945, 44.5329043]], [[11.8319513, 44.5325478], [11.8321945, 44.5326023], [11.8321951, 44.5324341], [11.831989, 44.5323593], [11.8319513, 44.5325478]], [[11.8316638, 44.5343294], [11.8317336, 44.5345699], [11.831978, 44.5345376], [11.8318704, 44.5342999], [11.8316638, 44.5343294]], [[11.8316906, 44.5410652], [11.8318476, 44.5411699], [11.8318413, 44.5410622], [11.8316906, 44.5410652]], [[11.8313706, 44.5399356], [11.8312436, 44.540033], [11.8313221, 44.5401417], [11.8315394, 44.5401929], [11.8315456, 44.5399961], [11.8313706, 44.5399356]], [[11.8300972, 44.5350641], [11.8300149, 44.5352239], [11.8301537, 44.5352359], [11.8302424, 44.5350833], [11.8300972, 44.5350641]], [[11.8286458, 44.5353791], [11.8287141, 44.5358689], [11.8288401, 44.5359022], [11.8288631, 44.5361515], [11.8289789, 44.5361689], [11.8290047, 44.5366719], [11.8291307, 44.5367053], [11.829295, 44.5373934], [11.8294603, 44.5375037], [11.8297598, 44.5374963], [11.8297732, 44.5369954], [11.8296472, 44.5369621], [11.8296242, 44.5367128], [11.8295084, 44.5366955], [11.8294869, 44.5362823], [11.8293609, 44.536249], [11.8293441, 44.5360074], [11.8292221, 44.5359824], [11.8291923, 44.535471], [11.8290703, 44.535446], [11.8289984, 44.5352679], [11.8286458, 44.5353791]], [[11.8286889, 44.5404693], [11.8288109, 44.5404942], [11.828828, 44.5408175], [11.828954, 44.5408508], [11.8289799, 44.5413538], [11.8291059, 44.5413872], [11.8291289, 44.5416365], [11.8292447, 44.5416538], [11.8292662, 44.5420669], [11.8293922, 44.5421002], [11.8294134, 44.5424318], [11.8295354, 44.5424568], [11.8295525, 44.54278], [11.8298164, 44.5428089], [11.8297746, 44.5422168], [11.8296486, 44.5421835], [11.8296256, 44.5419342], [11.8295098, 44.5419169], [11.8294882, 44.5415037], [11.8293619, 44.5414684], [11.8294134, 44.5412399], [11.8293364, 44.5409673], [11.8292104, 44.540934], [11.8291849, 44.5405125], [11.8290629, 44.5404876], [11.829106, 44.5403255], [11.8287013, 44.54028], [11.8286889, 44.5404693]], [[11.8271405, 44.5352743], [11.8270308, 44.5354035], [11.8272358, 44.5353754], [11.8271405, 44.5352743]], [[11.8265977, 44.5353283], [11.8265215, 44.5355022], [11.8267565, 44.5355027], [11.8268612, 44.5353552], [11.8265977, 44.5353283]], [[11.8254633, 44.535539], [11.8254211, 44.5357158], [11.8258853, 44.5357043], [11.8259318, 44.5356142], [11.8263954, 44.5355991], [11.8264884, 44.5354545], [11.8259735, 44.5354338], [11.8259269, 44.5355239], [11.8254633, 44.535539]], [[11.8250262, 44.5360089], [11.8252031, 44.5361724], [11.8252217, 44.5363318], [11.8253375, 44.5363491], [11.8253547, 44.5366723], [11.8254806, 44.5367057], [11.8254978, 44.5370289], [11.8256238, 44.5370622], [11.8256409, 44.5373855], [11.8257669, 44.5374188], [11.8257884, 44.5378319], [11.8259144, 44.5378652], [11.8259311, 44.5381069], [11.8262659, 44.538123], [11.8264201, 44.5380048], [11.8264137, 44.5377989], [11.8262877, 44.5377656], [11.8262662, 44.5373524], [11.8261402, 44.5373191], [11.8261191, 44.5369875], [11.8259971, 44.5369625], [11.8259756, 44.5365494], [11.8258496, 44.5365161], [11.8258267, 44.5362668], [11.8257105, 44.5362474], [11.8257022, 44.53607], [11.8258085, 44.536054], [11.8258773, 44.5359117], [11.8253667, 44.5358989], [11.8253201, 44.535989], [11.8250262, 44.5360089]], [[11.8245646, 44.5174038], [11.824711, 44.5172916], [11.8245605, 44.5172961], [11.8245646, 44.5174038]], [[11.8248508, 44.5356416], [11.8247969, 44.5358213], [11.825261, 44.5358098], [11.8253678, 44.5356708], [11.8248508, 44.5356416]], [[11.8248565, 44.5360041], [11.8247741, 44.5361639], [11.824913, 44.5361759], [11.8250017, 44.5360234], [11.8248565, 44.5360041]], [[11.8230162, 44.5188106], [11.8230487, 44.5189407], [11.8232025, 44.5189778], [11.8232294, 44.518874], [11.8230162, 44.5188106]], [[11.8227868, 44.5277419], [11.822952, 44.5278522], [11.8231457, 44.5278376], [11.8232206, 44.5277095], [11.8231339, 44.5275942], [11.8227937, 44.5276026], [11.8227868, 44.5277419]], [[11.8228045, 44.5281831], [11.8229305, 44.5282164], [11.8229491, 44.5283758], [11.8231663, 44.5284271], [11.8231743, 44.5281479], [11.8228422, 44.5279946], [11.8228045, 44.5281831]], [[11.8221005, 44.5351758], [11.8222096, 44.5353008], [11.8223615, 44.5352446], [11.8223744, 44.5351376], [11.8221005, 44.5351758]], [[11.8221681, 44.5349745], [11.8220111, 44.5348697], [11.8220174, 44.5349775], [11.8221681, 44.5349745]], [[11.8210209, 44.5197354], [11.8212496, 44.5196854], [11.8212867, 44.5195316], [11.8210126, 44.5195512], [11.8210209, 44.5197354]], [[11.8217765, 44.5350042], [11.8216952, 44.5351467], [11.8218036, 44.5352191], [11.8220022, 44.5351433], [11.821961, 44.5349955], [11.8217765, 44.5350042]], [[11.8204949, 44.5291358], [11.8205274, 44.5292659], [11.8206813, 44.529303], [11.8207082, 44.5291992], [11.8204949, 44.5291358]], [[11.8198247, 44.5286663], [11.8197801, 44.5288271], [11.8201955, 44.5289142], [11.8203577, 44.5290825], [11.8205728, 44.529109], [11.8204022, 44.5285564], [11.8200917, 44.5285599], [11.8200568, 44.5286472], [11.8198247, 44.5286663]]]}}, {"type": "Feature", "properties": {"flooded": true, "source": "satellite", "area_m2": 58305.6}, "geometry": {"type": "Polygon", "coordinates": [[[11.862043, 44.5636117], [11.8620342, 44.5634323], [11.8621556, 44.5633392], [11.8631225, 44.5633114], [11.8631573, 44.5632241], [11.8633895, 44.5632049], [11.8633956, 44.562948], [11.8635208, 44.5629449], [11.8635396, 44.5631043], [11.8637856, 44.5632083], [11.8638026, 44.56345], [11.8639246, 44.5634749], [11.864078, 44.563811], [11.8641938, 44.5638282], [11.8642064, 44.56398], [11.8643284, 44.5640049], [11.864341, 44.5641567], [11.864463, 44.5641816], [11.86448, 44.5644233], [11.8647278, 44.564445], [11.8647411, 44.5647144], [11.8646178, 44.5647627], [11.8646371, 44.5651311], [11.8647635, 44.5651663], [11.8647095, 44.5653112], [11.8648978, 44.565341], [11.8651581, 44.5655145], [11.8651711, 44.5657478], [11.8652972, 44.5657811], [11.8653203, 44.5660304], [11.8654362, 44.5660477], [11.8654531, 44.5662893], [11.8655752, 44.5663143], [11.8656021, 44.5664802], [11.8657098, 44.5664909], [11.8657231, 44.5667603], [11.865385, 44.5667724], [11.8653502, 44.5668597], [11.864898, 44.5668721], [11.8648515, 44.5669622], [11.8644747, 44.5669717], [11.8643445, 44.5668849], [11.8643258, 44.5667255], [11.8640573, 44.5665454], [11.8638237, 44.5665379], [11.8636936, 44.5664511], [11.863681, 44.5662994], [11.8635589, 44.5662744], [11.8635367, 44.5658273], [11.8636562, 44.5657943], [11.8636538, 44.5656423], [11.8638661, 44.5656333], [11.863901, 44.5655461], [11.8643648, 44.5655308], [11.864521, 44.5653505], [11.864703, 44.565286], [11.8646101, 44.5651756], [11.864449, 44.565172], [11.8643902, 44.5652633], [11.8641673, 44.5652767], [11.8641431, 44.5653595], [11.863389, 44.5653785], [11.8633457, 44.5652932], [11.8628815, 44.5653012], [11.8628382, 44.5652159], [11.8624998, 44.5652207], [11.8623696, 44.565134], [11.8623652, 44.5650444], [11.8624877, 44.5650049], [11.8624752, 44.5647264], [11.8623475, 44.5646844], [11.8623288, 44.564525], [11.8622126, 44.5645057], [11.8622041, 44.5643283], [11.8623266, 44.5642888], [11.8622993, 44.5637318], [11.862043, 44.5636117]], [[11.8639063, 44.5653067], [11.8640528, 44.5651944], [11.8639021, 44.5651989], [11.8639063, 44.5653067]]]}}, {"type": "Feature", "properties": {"flooded": true, "source": "satellite", "area_m2": 10034.5}, "geometry": {"type": "Polygon", "coordinates": [[[11.8627226, 44.5620643], [11.8627182, 44.5619748], [11.8629449, 44.5620055], [11.8630867, 44.5617855], [11.8639665, 44.5617634], [11.8640967, 44.5618502], [11.8641198, 44.5620994], [11.8643615, 44.5621136], [11.8643703, 44.562293], [11.8640632, 44.5623272], [11.8641456, 44.5624657], [11.8647564, 44.5624638], [11.8648117, 44.5625513], [11.8653897, 44.5625379], [11.8653941, 44.5626274], [11.8645143, 44.5626495], [11.8644467, 44.5625614], [11.8631264, 44.5625943], [11.8629962, 44.5625075], [11.8629775, 44.5623482], [11.8628616, 44.5623309], [11.8628487, 44.5620975], [11.8627226, 44.5620643]], [[11.8631714, 44.5622333], [11.8631749, 44.5623682], [11.8632992, 44.5622729], [11.8631714, 44.5622333]]]}}, {"type": "Feature", "properties": {"flooded": true, "source": "satellite", "area_m2": 6284.8}, "geometry": {"type": "Polygon", "coordinates": [[[11.8601436, 44.4965909], [11.8601349, 44.4964115], [11.8603771, 44.4964295], [11.8603729, 44.4961355], [11.8604941, 44.4960424], [11.8608249, 44.4960776], [11.8608666, 44.495943], [11.8609889, 44.4959398], [11.8610239, 44.4960213], [11.8612231, 44.4960606], [11.8612336, 44.4959536], [11.8611178, 44.4959363], [11.8611047, 44.495667], [11.8612239, 44.495636], [11.8612215, 44.495484], [11.8614766, 44.4955676], [11.8616235, 44.4958961], [11.8617454, 44.495921], [11.8617542, 44.4961004], [11.861633, 44.4961935], [11.861307, 44.4962027], [11.8612605, 44.4962929], [11.8610485, 44.4963018], [11.8608924, 44.4964821], [11.8605548, 44.4964942], [11.8603987, 44.4966746], [11.8601436, 44.4965909]]]}}, {"type": "Feature", "properties": {"flooded": true, "source": "satellite", "area_m2": 188340.0}, "geometry": {"type": "Polygon", "coordinates": [[[11.8542507, 44.4943978], [11.8542288, 44.4939486], [11.85435, 44.4938556], [11.8545727, 44.4938422], [11.8547181, 44.4936663], [11.85495, 44.4936471], [11.8552, 44.493454], [11.855203, 44.4932941], [11.8553242, 44.493201], [11.8555363, 44.4931921], [11.8555711, 44.4931048], [11.8560343, 44.4930896], [11.8560692, 44.4930023], [11.8564068, 44.4929903], [11.8564416, 44.492903], [11.8569111, 44.4927934], [11.8571757, 44.4925865], [11.8571653, 44.4923723], [11.8570433, 44.4923474], [11.8570165, 44.4921814], [11.8569089, 44.4921707], [11.8568965, 44.4920189], [11.8566445, 44.4919072], [11.8564915, 44.4915712], [11.8562457, 44.4914671], [11.8560988, 44.4911387], [11.8559769, 44.4911137], [11.8559644, 44.490962], [11.8558425, 44.490937], [11.8558301, 44.4907853], [11.8557081, 44.4907603], [11.855695, 44.490491], [11.8558162, 44.4903979], [11.8560389, 44.4903846], [11.856063, 44.4903017], [11.8562857, 44.4902884], [11.8564311, 44.4901125], [11.8566537, 44.4900991], [11.8569129, 44.4899002], [11.8569179, 44.489785], [11.8567903, 44.489743], [11.8567717, 44.4895836], [11.8566559, 44.4895663], [11.8566373, 44.4894069], [11.8563915, 44.4893028], [11.8562447, 44.4889744], [11.8561227, 44.4889495], [11.8561103, 44.4887977], [11.8559884, 44.4887728], [11.8559759, 44.488621], [11.855854, 44.4885961], [11.8558415, 44.4884443], [11.8557196, 44.4884194], [11.8557071, 44.4882676], [11.8555852, 44.4882427], [11.8555727, 44.488091], [11.8554508, 44.488066], [11.8554375, 44.4877987], [11.8558095, 44.4876973], [11.855837, 44.4880366], [11.8561149, 44.4882221], [11.8562996, 44.4882216], [11.856578, 44.4880018], [11.8565644, 44.4877961], [11.8564425, 44.4877711], [11.8564249, 44.4874119], [11.8566674, 44.4872257], [11.8568794, 44.4872168], [11.8569142, 44.4871295], [11.8571262, 44.4871206], [11.857161, 44.4870333], [11.8575329, 44.486934], [11.8575761, 44.4870193], [11.8577885, 44.4870176], [11.8578053, 44.4872593], [11.8579273, 44.4872842], [11.8579397, 44.487436], [11.8580617, 44.4874609], [11.8580662, 44.4875484], [11.857854, 44.4875594], [11.8576969, 44.4876861], [11.8577123, 44.4878096], [11.857828, 44.4878269], [11.8578497, 44.48824], [11.8579756, 44.4882733], [11.8579845, 44.4884507], [11.8578706, 44.4884758], [11.8578675, 44.4886357], [11.8577452, 44.4886752], [11.8577606, 44.4887986], [11.8578764, 44.4888159], [11.8578939, 44.4891752], [11.8577876, 44.4891912], [11.8577771, 44.4893582], [11.8576579, 44.4893891], [11.8576691, 44.489721], [11.8575499, 44.4897519], [11.8575603, 44.4899662], [11.8576823, 44.4899911], [11.8576947, 44.4901429], [11.8578391, 44.4902439], [11.8581437, 44.4902942], [11.8583197, 44.4901552], [11.8585516, 44.490136], [11.8586857, 44.490028], [11.8586833, 44.489876], [11.8588084, 44.4898729], [11.8588208, 44.4900246], [11.8589428, 44.4900496], [11.8590958, 44.4903856], [11.8593416, 44.4904897], [11.8593541, 44.4906415], [11.859606, 44.4907532], [11.8596247, 44.4909125], [11.8598704, 44.4910166], [11.8600235, 44.4913527], [11.8604658, 44.4913607], [11.8605122, 44.4912706], [11.8606373, 44.4912675], [11.8610273, 44.4915278], [11.8610405, 44.4917971], [11.8608285, 44.4918061], [11.8607937, 44.4918933], [11.8605774, 44.491858], [11.8605469, 44.4919895], [11.8603348, 44.4919985], [11.8601937, 44.4921018], [11.860192, 44.4924486], [11.8598358, 44.4926577], [11.8597681, 44.4927701], [11.8598371, 44.4929076], [11.8594796, 44.4929299], [11.8594779, 44.4932767], [11.8592552, 44.49329], [11.8588823, 44.4935751], [11.8588718, 44.493742], [11.8585298, 44.4937098], [11.8585037, 44.4939313], [11.8581661, 44.4939433], [11.85801, 44.4941237], [11.857684, 44.4941329], [11.8576375, 44.494223], [11.8574149, 44.4942364], [11.8572695, 44.4944123], [11.8570575, 44.4944212], [11.8569014, 44.4946016], [11.8566695, 44.4946207], [11.8565333, 44.4947908], [11.8563106, 44.4948042], [11.8559228, 44.4951662], [11.8557108, 44.4951751], [11.8556759, 44.4952624], [11.8554252, 44.4952687], [11.855263, 44.4951005], [11.8550396, 44.4950983], [11.8550209, 44.4949389], [11.8547752, 44.4948348], [11.8547627, 44.4946831], [11.8546408, 44.4946581], [11.8546177, 44.4944088], [11.8542507, 44.4943978]]]}}, {"type": "Feature", "properties": {"flooded": true, "source": "satellite", "area_m2": 60967.9}, "geometry": {"type": "Polygon", "coordinates": [[[11.854971, 44.4962703], [11.8549667, 44.4961808], [11.855089, 44.4961413], [11.8550747, 44.495818], [11.8552974, 44.4958046], [11.856049, 44.4951634], [11.856261, 44.4951545], [11.8562958, 44.4950672], [11.8565465, 44.495061], [11.8565766, 44.4955724], [11.8566985, 44.4955973], [11.8567351, 44.4957687], [11.8569398, 44.4957579], [11.8569506, 44.495627], [11.8568246, 44.4955938], [11.8568203, 44.4955042], [11.8571622, 44.4955364], [11.8571903, 44.4953597], [11.8570627, 44.4953177], [11.8570441, 44.4951583], [11.8569283, 44.495141], [11.8569096, 44.4949817], [11.8567939, 44.4949644], [11.8567851, 44.4947849], [11.8570078, 44.4947716], [11.8571532, 44.4945957], [11.8573652, 44.4945867], [11.8574001, 44.4944994], [11.8575251, 44.4944963], [11.8575803, 44.4945839], [11.8579064, 44.4945768], [11.8579332, 44.4947428], [11.858203, 44.4949217], [11.8584264, 44.4949239], [11.8584697, 44.4950092], [11.8588947, 44.4949985], [11.8589251, 44.4948214], [11.8590502, 44.4948182], [11.8590688, 44.4949776], [11.859383, 44.4951247], [11.8594367, 44.4950246], [11.8593107, 44.4949913], [11.8593064, 44.4949018], [11.8596254, 44.4949386], [11.8596788, 44.4948025], [11.8600207, 44.4948346], [11.8600513, 44.4947031], [11.8604088, 44.4946808], [11.860415, 44.4944239], [11.86054, 44.4944208], [11.8606869, 44.4947492], [11.8608089, 44.4947741], [11.8608214, 44.4949259], [11.8609433, 44.4949508], [11.8609558, 44.4951026], [11.8610777, 44.4951275], [11.8610865, 44.4953069], [11.8609614, 44.4953101], [11.8609137, 44.4951348], [11.8605005, 44.4951426], [11.860454, 44.4952328], [11.8602221, 44.495252], [11.8602071, 44.495329], [11.8599845, 44.4953423], [11.8599603, 44.4954252], [11.8597376, 44.4954386], [11.8595922, 44.4956145], [11.8593603, 44.4956337], [11.8592241, 44.4958037], [11.8590015, 44.4958171], [11.8588561, 44.495993], [11.8586334, 44.4960064], [11.858488, 44.4961823], [11.8580184, 44.4962919], [11.8579987, 44.4964646], [11.8577593, 44.4964908], [11.8577562, 44.4966507], [11.8570417, 44.4966723], [11.8568856, 44.4968526], [11.8566736, 44.4968615], [11.856636, 44.4969491], [11.856388, 44.4969551], [11.8564374, 44.4968002], [11.8562923, 44.496781], [11.8561972, 44.4969106], [11.8562663, 44.4970481], [11.8561412, 44.4970513], [11.8561948, 44.4969044], [11.8560693, 44.4968732], [11.8560106, 44.4969645], [11.8553874, 44.4970701], [11.8553699, 44.4967109], [11.8554891, 44.4966799], [11.8554867, 44.4965279], [11.8556714, 44.4964887], [11.8555994, 44.496291], [11.8552988, 44.4961297], [11.8552217, 44.496264], [11.854971, 44.4962703]], [[11.8566047, 44.4960296], [11.8567205, 44.4960469], [11.8567638, 44.4961766], [11.856905, 44.4961083], [11.856799, 44.4958681], [11.8565925, 44.4958976], [11.8566047, 44.4960296]], [[11.8566604, 44.4965918], [11.8565782, 44.4967516], [11.8567169, 44.4967636], [11.8568055, 44.496611], [11.8566604, 44.4965918]]]}}, {"type": "Feature", "properties": {"flooded": true, "source": "satellite", "area_m2": 7195.7}, "geometry": {"type": "Polygon", "coordinates": [[[11.8545342, 44.4770158], [11.8543911, 44.4766597], [11.8546185, 44.4765506], [11.8546291, 44.4763837], [11.854864, 44.4762676], [11.8548671, 44.4761077], [11.8549894, 44.4760682], [11.8549751, 44.4757449], [11.8551001, 44.4757417], [11.8552305, 44.4758305], [11.8553047, 44.4773567], [11.8551797, 44.4773598], [11.8551425, 44.4771442], [11.8547941, 44.4771894], [11.8545342, 44.4770158]]]}}, {"type": "Feature", "properties": {"flooded": true, "source": "satellite", "area_m2": 14010.4}, "geometry": {"type": "Polygon", "coordinates": [[[11.8568278, 44.5779663], [11.8568146, 44.5776969], [11.856936, 44.5776038], [11.8574358, 44.5775911], [11.8574939, 44.5776788], [11.858072, 44.5776654], [11.8581273, 44.577753], [11.8585797, 44.5777427], [11.8586119, 44.5778242], [11.8588357, 44.5778263], [11.8588909, 44.5779139], [11.8592175, 44.5779068], [11.8592399, 44.5779829], [11.8594735, 44.5779904], [11.8595168, 44.5780757], [11.8598553, 44.5780709], [11.8598986, 44.5781562], [11.8601113, 44.5781545], [11.8601157, 44.578244], [11.8599943, 44.5783371], [11.8597713, 44.5783504], [11.8597443, 44.5784335], [11.8587441, 44.5784586], [11.858686, 44.5783709], [11.8581078, 44.5783843], [11.8580854, 44.5783082], [11.8578518, 44.5783007], [11.8578085, 44.5782154], [11.8575958, 44.5782171], [11.8575481, 44.5780419], [11.856958, 44.578053], [11.8568278, 44.5779663]]]}}, {"type": "Feature", "properties": {"flooded": true, "source": "satellite", "area_m2": 38952.7}, "geometry": {"type": "Polygon", "coordinates": [[[11.8504515, 44.5016048], [11.8504428, 44.5014253], [11.8506935, 44.5014191], [11.8507257, 44.5015005], [11.8509105, 44.5015], [11.8509366, 44.5012329], [11.8510616, 44.5012298], [11.8515817, 44.5015769], [11.8516085, 44.5017429], [11.8517914, 44.5017507], [11.8518336, 44.5015706], [11.8520809, 44.501581], [11.8520717, 44.5012946], [11.8521948, 44.5012463], [11.8520585, 44.5010248], [11.8521777, 44.5009939], [11.852171, 44.500752], [11.852673, 44.5007394], [11.8527162, 44.5008247], [11.853373, 44.5009018], [11.8534317, 44.5008105], [11.8536637, 44.5007913], [11.8536742, 44.5006244], [11.8537993, 44.5006212], [11.8539726, 44.5007933], [11.8543106, 44.5007885], [11.8543275, 44.5010302], [11.8544494, 44.5010551], [11.8544755, 44.5015582], [11.8546018, 44.5015934], [11.8544887, 44.5018279], [11.8546146, 44.5018612], [11.8546191, 44.5019487], [11.8544138, 44.5019123], [11.8543702, 44.5020021], [11.8546278, 44.5021309], [11.8546365, 44.5023104], [11.8541345, 44.5023229], [11.853722, 44.5019865], [11.8535274, 44.5019816], [11.853515, 44.5021454], [11.8537483, 44.5021529], [11.8537614, 44.5024223], [11.8535189, 44.5026084], [11.8533939, 44.5026115], [11.8533895, 44.502522], [11.8536299, 44.502398], [11.8536096, 44.5022594], [11.853301, 44.5022548], [11.8532545, 44.5023449], [11.8530425, 44.5023539], [11.8530201, 44.5025933], [11.8532677, 44.5026151], [11.8532722, 44.5027026], [11.8530213, 44.5027109], [11.8528913, 44.5026241], [11.8528436, 44.5024489], [11.8524303, 44.5024566], [11.8523838, 44.5025467], [11.8522587, 44.5025499], [11.8517386, 44.5022028], [11.85172, 44.5020434], [11.8511917, 44.5016897], [11.851025, 44.5016359], [11.8505816, 44.5016915], [11.8504515, 44.5016048]], [[11.8518542, 44.5019022], [11.8520775, 44.5019611], [11.8520943, 44.5018618], [11.8518811, 44.5017984], [11.8518542, 44.5019022]]]}}, {"type": "Feature", "properties": {"flooded": true, "source": "satellite", "area_m2": 16448.3}, "geometry": {"type": "Polygon", "coordinates": [[[11.8519967, 44.4920235], [11.8519792, 44.4916642], [11.8521004, 44.4915712], [11.8524264, 44.4915619], [11.8524729, 44.4914718], [11.8525951, 44.4914686], [11.852858, 44.4916422], [11.8530048, 44.4919707], [11.8531267, 44.4919956], [11.8531392, 44.4921474], [11.8533911, 44.4922591], [11.853538, 44.4925875], [11.8536599, 44.4926125], [11.8536724, 44.4927642], [11.8537943, 44.4927892], [11.8538068, 44.4929409], [11.8539287, 44.4929659], [11.8539419, 44.4932352], [11.8538206, 44.4933283], [11.8536086, 44.4933372], [11.8535738, 44.4934245], [11.8531975, 44.4934339], [11.8531788, 44.4932745], [11.8529331, 44.4931704], [11.8529063, 44.4930044], [11.8526687, 44.4929069], [11.8525218, 44.4925785], [11.8523999, 44.4925536], [11.8523874, 44.4924018], [11.8522655, 44.4923769], [11.852253, 44.4922251], [11.8521311, 44.4922002], [11.8521187, 44.4920484], [11.8519967, 44.4920235]]]}}, {"type": "Feature", "properties": {"flooded": true, "source": "satellite", "area_m2": 15049.8}, "geometry": {"type": "Polygon", "coordinates": [[[11.8536237, 44.5742654], [11.8534803, 44.5739093], [11.8536056, 44.5739062], [11.8555585, 44.5752077], [11.8555761, 44.5755669], [11.8554509, 44.5755701], [11.8546374, 44.574968], [11.8544137, 44.5749658], [11.8543584, 44.5748783], [11.8541238, 44.5748904], [11.8541785, 44.5752142], [11.8543006, 44.5752391], [11.8542469, 44.575386], [11.8544352, 44.5754158], [11.8544664, 44.5756717], [11.8547366, 44.5758506], [11.8549604, 44.5758528], [11.8551625, 44.5761176], [11.8553229, 44.576106], [11.8554685, 44.5759301], [11.8557008, 44.5759109], [11.855776, 44.5757916], [11.8557069, 44.5756541], [11.8558321, 44.5756509], [11.8560925, 44.5758245], [11.8560969, 44.575914], [11.8558915, 44.5758756], [11.8558478, 44.5759654], [11.8561058, 44.5760942], [11.8561244, 44.5762536], [11.8566177, 44.5762614], [11.8566265, 44.5764409], [11.8559937, 44.5763667], [11.855975, 44.5762073], [11.8556819, 44.5760615], [11.8553902, 44.5761153], [11.8553774, 44.5766522], [11.8552541, 44.5767005], [11.8553906, 44.5769219], [11.8547621, 44.5769377], [11.8548148, 44.5767884], [11.8546231, 44.5766711], [11.8546188, 44.5765815], [11.8548417, 44.5765682], [11.8550938, 44.5763762], [11.8551002, 44.5761554], [11.8549308, 44.5760368], [11.8547181, 44.5760385], [11.8546748, 44.5759532], [11.8544621, 44.5759549], [11.8542017, 44.5757814], [11.854244, 44.575371], [11.8540495, 44.575245], [11.8540273, 44.5747979], [11.8542673, 44.5747696], [11.8542662, 44.5745558], [11.8538475, 44.5742676], [11.8536237, 44.5742654]]]}}, {"type": "Feature", "properties": {"flooded": true, "source": "satellite", "area_m2": 159750.4}, "geometry": {"type": "Polygon", "coordinates": [[[11.807183, 44.5749671], [11.8071787, 44.5748776], [11.8080587, 44.5748559], [11.808102, 44.5749413], [11.8085662, 44.5749335], [11.8086214, 44.5750211], [11.8097028, 44.5749955], [11.809746, 44.5750808], [11.8102103, 44.575073], [11.8102655, 44.5751606], [11.811221, 44.5751382], [11.8112643, 44.5752235], [11.8118544, 44.5752126], [11.8119095, 44.5753002], [11.8127393, 44.5752808], [11.8127945, 44.5753684], [11.8134956, 44.575352], [11.8135536, 44.5754397], [11.8141318, 44.5754265], [11.814187, 44.5755141], [11.8160231, 44.5754699], [11.8160783, 44.5755575], [11.8167823, 44.5755412], [11.8168375, 44.5756288], [11.8172898, 44.5756187], [11.817345, 44.5757063], [11.8182432, 44.5757299], [11.8182924, 44.5755039], [11.8184157, 44.5754556], [11.8184014, 44.5752587], [11.8182794, 44.5752338], [11.8182663, 44.5749644], [11.8184786, 44.5749555], [11.8185136, 44.5748683], [11.8186388, 44.5748652], [11.818694, 44.5749528], [11.8192722, 44.5749396], [11.8193154, 44.5750249], [11.8195913, 44.5750215], [11.8196501, 44.5749302], [11.8210965, 44.5748943], [11.8211553, 44.574803], [11.8219096, 44.5747843], [11.8219529, 44.5748697], [11.8222913, 44.5748649], [11.8222957, 44.5749545], [11.8221731, 44.5749939], [11.8222294, 44.5751355], [11.8240627, 44.575091], [11.8241331, 44.5751793], [11.8248482, 44.5751583], [11.8248066, 44.5750026], [11.8246907, 44.5749852], [11.824682, 44.5748058], [11.8251847, 44.5747933], [11.825228, 44.5748787], [11.8254406, 44.574877], [11.825445, 44.5749665], [11.8250962, 44.574983], [11.8250531, 44.5751533], [11.8254537, 44.5751468], [11.8255089, 44.5752344], [11.8263386, 44.5752149], [11.8263709, 44.5752963], [11.8265946, 44.5752986], [11.826757, 44.5754668], [11.8272367, 44.5755527], [11.82728, 44.5756381], [11.82787, 44.5756271], [11.8279133, 44.5757124], [11.8283776, 44.5757045], [11.8284328, 44.5757921], [11.8290109, 44.5757788], [11.8290662, 44.5758664], [11.8307809, 44.575915], [11.8308242, 44.5760003], [11.8314142, 44.5759893], [11.8314694, 44.5760769], [11.8322992, 44.5760574], [11.8323425, 44.5761427], [11.8329326, 44.5761317], [11.8329878, 44.5762193], [11.8338175, 44.5761997], [11.8338727, 44.5762873], [11.8345739, 44.5762708], [11.8346319, 44.5763585], [11.8352101, 44.5763452], [11.8352534, 44.5764305], [11.8357176, 44.5764226], [11.8357729, 44.5765102], [11.8364768, 44.5764938], [11.8365443, 44.5765819], [11.8373618, 44.5765618], [11.8374051, 44.5766471], [11.838121, 44.5766329], [11.8381762, 44.5767205], [11.8388801, 44.5767041], [11.8389354, 44.5767917], [11.8396393, 44.5767752], [11.8396945, 44.5768628], [11.8405243, 44.5768432], [11.8405795, 44.5769308], [11.8412835, 44.5769143], [11.8413157, 44.5769958], [11.8416653, 44.5769949], [11.8417205, 44.5770824], [11.8426732, 44.5770596], [11.8427313, 44.5771473], [11.8433097, 44.5771337], [11.8433012, 44.5769541], [11.8435523, 44.5769478], [11.8435566, 44.5770374], [11.8433717, 44.5770765], [11.8434786, 44.5772161], [11.8443202, 44.5771988], [11.8443635, 44.5772841], [11.844887, 44.5773193], [11.8450794, 44.5772699], [11.8451227, 44.5773552], [11.8457128, 44.5773441], [11.8457681, 44.5774317], [11.8463583, 44.577417], [11.8464062, 44.5773653], [11.8463199, 44.5772519], [11.8460864, 44.5772444], [11.846043, 44.5771591], [11.845453, 44.5771701], [11.8454486, 44.5770806], [11.8467226, 44.5771379], [11.8466743, 44.5769674], [11.8460732, 44.5769746], [11.8460688, 44.5768851], [11.8473263, 44.5768537], [11.8473306, 44.5769433], [11.8470952, 44.5769183], [11.8470253, 44.5770968], [11.8472136, 44.5771266], [11.847257, 44.577212], [11.8474696, 44.5772103], [11.8474784, 44.5773897], [11.8472273, 44.577396], [11.8471721, 44.5773084], [11.846456, 44.5773262], [11.8464944, 44.5774913], [11.8472312, 44.5774863], [11.8472745, 44.5775716], [11.8478646, 44.5775605], [11.8479198, 44.5776481], [11.8486238, 44.5776316], [11.8486671, 44.5777169], [11.8492572, 44.5777058], [11.8492894, 44.5777872], [11.8495724, 44.5778325], [11.8501394, 44.5777736], [11.8502098, 44.5778619], [11.8521566, 44.5778132], [11.8522147, 44.5779009], [11.8531702, 44.5778781], [11.8532255, 44.5779657], [11.8540552, 44.577946], [11.8541228, 44.5780341], [11.8558209, 44.5779919], [11.8558642, 44.5780772], [11.8560769, 44.5780755], [11.8562115, 44.5782518], [11.8547052, 44.5782896], [11.8546348, 44.5782014], [11.852059, 44.5782658], [11.8520009, 44.5781781], [11.8509224, 44.5782042], [11.8508643, 44.5781164], [11.8499115, 44.5781394], [11.8498535, 44.5780517], [11.8490237, 44.5780713], [11.8489804, 44.577986], [11.8482645, 44.5780003], [11.8482093, 44.5779127], [11.8475053, 44.5779292], [11.8474501, 44.5778416], [11.8466203, 44.5778612], [11.846577, 44.5777759], [11.8458611, 44.5777901], [11.8458059, 44.5777026], [11.8451019, 44.577719], [11.8450467, 44.5776315], [11.8443427, 44.5776479], [11.8442994, 44.5775626], [11.8437093, 44.5775737], [11.8436541, 44.5774861], [11.8429501, 44.5775026], [11.8428949, 44.577415], [11.8420651, 44.5774346], [11.8420218, 44.5773493], [11.8416833, 44.5773541], [11.8416281, 44.5772665], [11.8410499, 44.5772798], [11.8409947, 44.5771923], [11.8395316, 44.5771376], [11.8394763, 44.57705], [11.8387724, 44.5770665], [11.8387171, 44.5769789], [11.8380132, 44.5769953], [11.8379699, 44.57691], [11.8373798, 44.576921], [11.8373246, 44.5768335], [11.8358615, 44.5767787], [11.8358062, 44.5766911], [11.8349765, 44.5767107], [11.8349332, 44.5766254], [11.8343431, 44.5766364], [11.8342879, 44.5765488], [11.8334581, 44.5765684], [11.8334148, 44.576483], [11.8328248, 44.5764941], [11.8327695, 44.5764065], [11.8319398, 44.576426], [11.8318965, 44.5763407], [11.8313064, 44.5763517], [11.8312512, 44.5762641], [11.8304215, 44.5762836], [11.8303782, 44.5761983], [11.8297881, 44.5762093], [11.8297329, 44.5761217], [11.8282698, 44.5760669], [11.8282146, 44.5759793], [11.8275106, 44.5759957], [11.8274554, 44.5759081], [11.8267514, 44.5759245], [11.8266962, 44.5758369], [11.8259923, 44.5758532], [11.8259371, 44.5757656], [11.8252331, 44.575782], [11.8251779, 44.5756944], [11.824474, 44.5757108], [11.8244188, 44.5756232], [11.8237148, 44.5756395], [11.8236596, 44.5755519], [11.8228299, 44.5755714], [11.8227747, 44.5754838], [11.8219953, 44.5755031], [11.8219487, 44.5755932], [11.8215907, 44.5756154], [11.8213939, 44.5758278], [11.821481, 44.5759519], [11.8215891, 44.5759646], [11.8216061, 44.5763219], [11.8214819, 44.5764152], [11.8208559, 44.5764284], [11.8208519, 44.5763409], [11.8214616, 44.5763125], [11.8215365, 44.5761843], [11.8214126, 44.5759676], [11.8207087, 44.575984], [11.8206654, 44.5758986], [11.8202011, 44.5759065], [11.8201459, 44.5758189], [11.819442, 44.5758352], [11.8193868, 44.5757476], [11.8182339, 44.5757304], [11.8180651, 44.5757994], [11.8179977, 44.5759205], [11.8181053, 44.576045], [11.8185695, 44.5760372], [11.8186128, 44.5761225], [11.8189513, 44.5761178], [11.8190065, 44.5762054], [11.8194588, 44.5761953], [11.819514, 44.5762829], [11.8200922, 44.5762697], [11.8200965, 44.5763592], [11.8196443, 44.5763714], [11.8195977, 44.5764615], [11.8194724, 44.5764646], [11.81945, 44.5763885], [11.8192165, 44.5763809], [11.8191613, 44.5762933], [11.8188391, 44.5763902], [11.818842, 44.5762111], [11.8187234, 44.5762264], [11.8187084, 44.5763035], [11.8183898, 44.5762215], [11.818331, 44.5763128], [11.8179541, 44.5763221], [11.8179065, 44.5761025], [11.8176938, 44.5761485], [11.8176505, 44.5760631], [11.8173121, 44.5760679], [11.8172688, 44.5759825], [11.8169303, 44.5759873], [11.8168981, 44.5759058], [11.8165486, 44.5759067], [11.8164934, 44.5758191], [11.8155378, 44.5758416], [11.8154945, 44.5757562], [11.8150303, 44.5757641], [11.8149751, 44.5756765], [11.8143969, 44.5756897], [11.8143417, 44.5756021], [11.8138894, 44.5756122], [11.8138342, 44.5755246], [11.8135464, 44.5755342], [11.8135114, 44.5756215], [11.8130088, 44.5756339], [11.8129655, 44.5755485], [11.812627, 44.5755533], [11.8125718, 44.5754656], [11.8121195, 44.5754757], [11.8120643, 44.5753881], [11.8112346, 44.5754075], [11.8111913, 44.5753222], [11.8106012, 44.5753331], [11.810569, 44.5752516], [11.8102195, 44.5752525], [11.8101643, 44.5751649], [11.8092088, 44.5751873], [11.8091655, 44.575102], [11.8085754, 44.5751129], [11.8085202, 44.5750253], [11.8079421, 44.5750384], [11.8078869, 44.5749508], [11.807183, 44.5749671]], [[11.8185911, 44.5756729], [11.8189276, 44.5756231], [11.8188825, 44.5754926], [11.8185499, 44.5755251], [11.8185911, 44.5756729]], [[11.8176425, 44.575797], [11.8177354, 44.5759667], [11.8179959, 44.5759268], [11.8178772, 44.5757849], [11.8176425, 44.575797]]]}}, {"type": "Feature", "properties": {"flooded": true, "source": "satellite", "area_m2": 6110.6}, "geometry": {"type": "Polygon", "coordinates": [[[11.8503213, 44.4860336], [11.850165, 44.4854078], [11.8502901, 44.4854046], [11.8503267, 44.485576], [11.8508056, 44.4856618], [11.8508489, 44.4857472], [11.8511203, 44.4857886], [11.8515636, 44.4857329], [11.8515768, 44.4860023], [11.8513343, 44.4861884], [11.85059, 44.486387], [11.8504432, 44.4860586], [11.8503213, 44.4860336]]]}}, {"type": "Feature", "properties": {"flooded": true, "source": "satellite", "area_m2": 19437.3}, "geometry": {"type": "Polygon", "coordinates": [[[11.8497357, 44.4998221], [11.8497138, 44.4993729], [11.8503126, 44.4989777], [11.8503156, 44.4988178], [11.8505432, 44.4987087], [11.8505537, 44.4985417], [11.8507942, 44.4984177], [11.8509087, 44.4980827], [11.851285, 44.4980733], [11.8514151, 44.4981601], [11.8514337, 44.4983195], [11.8516795, 44.4984236], [11.8516919, 44.4985753], [11.8518139, 44.4986003], [11.8519527, 44.4988665], [11.8517406, 44.4988754], [11.8515845, 44.4990557], [11.8513526, 44.4990749], [11.851342, 44.4992419], [11.8509803, 44.4994589], [11.8509871, 44.4997008], [11.8506233, 44.49998], [11.8501257, 44.5000825], [11.8497357, 44.4998221]]]}}, {"type": "Feature", "properties": {"flooded": true, "source": "satellite", "area_m2": 10272.9}, "geometry": {"type": "Polygon", "coordinates": [[[11.8511258, 44.5205832], [11.8511171, 44.5204037], [11.8513447, 44.5202947], [11.8513552, 44.5201277], [11.8515958, 44.5200037], [11.8515853, 44.5197895], [11.8514633, 44.5197645], [11.851437, 44.5192254], [11.8516796, 44.5190393], [11.8518047, 44.5190362], [11.8518172, 44.5191879], [11.8519392, 44.5192129], [11.851956, 44.5194545], [11.852078, 44.5194795], [11.8521037, 44.519901], [11.8522256, 44.5199259], [11.8522487, 44.5201752], [11.8523645, 44.5201925], [11.852382, 44.5205518], [11.8522579, 44.5206451], [11.8521356, 44.520648], [11.8520804, 44.5205604], [11.8515415, 44.5205764], [11.8513874, 44.5206947], [11.8513942, 44.5209366], [11.851269, 44.5209397], [11.8512518, 44.5206165], [11.8511258, 44.5205832]]]}}, {"type": "Feature", "properties": {"flooded": true, "source": "satellite", "area_m2": 125272.2}, "geometry": {"type": "Polygon", "coordinates": [[[11.8451984, 44.4970545], [11.8451941, 44.496965], [11.8454363, 44.4969831], [11.8454311, 44.4968889], [11.8453153, 44.4968716], [11.8453066, 44.4966921], [11.8454129, 44.4966761], [11.8454235, 44.4965092], [11.8455427, 44.4964782], [11.8455403, 44.4963262], [11.8458966, 44.4961171], [11.8458997, 44.4959571], [11.846021, 44.4958641], [11.846233, 44.4958552], [11.8462678, 44.4957679], [11.8463929, 44.4957648], [11.8464115, 44.4959242], [11.8466573, 44.4960283], [11.8468282, 44.4963763], [11.8474286, 44.4963691], [11.8475908, 44.4965373], [11.8478029, 44.4965196], [11.8478658, 44.4963086], [11.8476442, 44.4958434], [11.8474028, 44.4958292], [11.8473508, 44.4955641], [11.8470793, 44.4955226], [11.8467616, 44.4955751], [11.8467385, 44.4953258], [11.8464972, 44.4953117], [11.8464803, 44.49507], [11.8462284, 44.4949583], [11.8462054, 44.494709], [11.8459597, 44.4946049], [11.8458067, 44.4942688], [11.8455605, 44.4941627], [11.8455478, 44.4938953], [11.8456729, 44.4938922], [11.8456959, 44.4941415], [11.8459372, 44.4941557], [11.8460038, 44.4942888], [11.8461741, 44.4942264], [11.8463103, 44.4940564], [11.8470204, 44.493945], [11.8470553, 44.4938577], [11.8475572, 44.4938452], [11.8476872, 44.493932], [11.8477058, 44.4940914], [11.8478216, 44.4941087], [11.8478402, 44.4942681], [11.848086, 44.4943722], [11.8481032, 44.4946954], [11.8482295, 44.4947307], [11.8481905, 44.4949807], [11.8484935, 44.4949922], [11.8484505, 44.4951542], [11.8486279, 44.4951689], [11.8486465, 44.4953283], [11.8490223, 44.4955191], [11.8491691, 44.4958476], [11.849421, 44.4959593], [11.8494335, 44.4961111], [11.8495778, 44.4962121], [11.8504436, 44.4962939], [11.8505904, 44.4966223], [11.8507124, 44.4966473], [11.8507248, 44.496799], [11.8508468, 44.4968239], [11.8508592, 44.4969757], [11.8509812, 44.4970006], [11.8509936, 44.4971524], [11.8511156, 44.4971773], [11.8511284, 44.4974107], [11.8512543, 44.4974439], [11.8512587, 44.4975335], [11.8504249, 44.4981078], [11.8504144, 44.4982747], [11.8502903, 44.4983681], [11.8501681, 44.4983709], [11.8501413, 44.4982049], [11.849908, 44.4981974], [11.849518, 44.497937], [11.8495055, 44.4977853], [11.8493836, 44.4977603], [11.8492306, 44.4974243], [11.8487996, 44.4971458], [11.8485122, 44.4971555], [11.8484774, 44.4972428], [11.8482611, 44.4972075], [11.8482305, 44.497339], [11.847988, 44.4975251], [11.8476503, 44.4975372], [11.8474942, 44.4977175], [11.8472623, 44.4977366], [11.8471261, 44.4979067], [11.8469034, 44.49792], [11.84676, 44.4980339], [11.8467623, 44.4981859], [11.8465201, 44.4981678], [11.8465196, 44.4983359], [11.8467755, 44.498456], [11.846788, 44.4986078], [11.8469421, 44.4987141], [11.847099, 44.4987626], [11.8472912, 44.4987132], [11.8472999, 44.4988926], [11.8470947, 44.4988542], [11.8470528, 44.4989528], [11.8473087, 44.4990729], [11.8473215, 44.4993062], [11.8474475, 44.4993395], [11.8474661, 44.4994989], [11.8477119, 44.499603], [11.8477206, 44.4997824], [11.8475955, 44.4997855], [11.8475523, 44.4997002], [11.8473399, 44.4997019], [11.8470366, 44.499443], [11.8467029, 44.4995377], [11.8466843, 44.4993783], [11.8464429, 44.4993642], [11.8464161, 44.4991982], [11.8461829, 44.4991906], [11.8460529, 44.4991038], [11.8460266, 44.4985647], [11.846133, 44.4985487], [11.8462049, 44.498412], [11.8460844, 44.4983382], [11.8458922, 44.4983876], [11.8455022, 44.4981273], [11.8454935, 44.4979478], [11.8458038, 44.4979055], [11.8457231, 44.497528], [11.8455972, 44.4974947], [11.8455655, 44.4970656], [11.8453906, 44.4970051], [11.8451984, 44.4970545]], [[11.846882, 44.4954461], [11.847118, 44.4955075], [11.8471877, 44.495329], [11.8469196, 44.4952576], [11.846882, 44.4954461]]]}}, {"type": "Feature", "properties": {"flooded": true, "source": "satellite", "area_m2": 11435.7}, "geometry": {"type": "Polygon", "coordinates": [[[11.8483888, 44.500576], [11.8483756, 44.5003066], [11.8484969, 44.5002136], [11.8489989, 44.500201], [11.8493889, 44.5004614], [11.8494076, 44.5006207], [11.8499134, 44.5008984], [11.8500602, 44.5012268], [11.8501822, 44.5012518], [11.8501866, 44.5013413], [11.849944, 44.5015274], [11.8494464, 44.5016299], [11.8494278, 44.5014705], [11.849052, 44.5012796], [11.8490395, 44.5011278], [11.8487876, 44.5010161], [11.8487689, 44.5008567], [11.8485232, 44.5007526], [11.8485107, 44.5006009], [11.8483888, 44.500576]]]}}, {"type": "Feature", "properties": {"flooded": true, "source": "satellite", "area_m2": 12781.8}, "geometry": {"type": "Polygon", "coordinates": [[[11.8478539, 44.5128327], [11.8478364, 44.5124734], [11.8479576, 44.5123804], [11.8481804, 44.512367], [11.8482046, 44.5122842], [11.8487067, 44.5122717], [11.8488367, 44.5123584], [11.8488554, 44.5125178], [11.8491012, 44.5126219], [11.8491136, 44.5127737], [11.8492356, 44.5127986], [11.8492525, 44.5130403], [11.8493744, 44.5130652], [11.8493919, 44.5134245], [11.8492707, 44.5135175], [11.8490586, 44.5135265], [11.8490237, 44.5136137], [11.8485244, 44.5136264], [11.8483916, 44.5135395], [11.8482447, 44.513211], [11.8481227, 44.5131861], [11.8481103, 44.5130343], [11.8479883, 44.5130094], [11.8479758, 44.5128576], [11.8478539, 44.5128327]]]}}, {"type": "Feature", "properties": {"flooded": true, "source": "satellite", "area_m2": 506412.0}, "geometry": {"type": "Polygon", "coordinates": [[[11.8320821, 44.5015219], [11.8321991, 44.5013394], [11.8323956, 44.5013791], [11.8326624, 44.5013243], [11.8326973, 44.501237], [11.8331993, 44.5012245], [11.8332315, 44.501306], [11.833648, 44.5013932], [11.8337067, 44.501302], [11.8339294, 44.5012886], [11.8339537, 44.5012058], [11.8346566, 44.5011873], [11.8347059, 44.5010969], [11.8357077, 44.5010722], [11.8357201, 44.501224], [11.835842, 44.5012489], [11.8358679, 44.501752], [11.8360162, 44.5018614], [11.8362495, 44.501869], [11.8365647, 44.5021301], [11.8367624, 44.5020899], [11.836627, 44.5018596], [11.8367521, 44.5018565], [11.8369385, 44.5019862], [11.8370039, 44.5018502], [11.837259, 44.5019339], [11.8371508, 44.5022963], [11.8369243, 44.5022655], [11.8369063, 44.5024376], [11.8370343, 44.5024816], [11.8370019, 44.5029941], [11.8371857, 44.503016], [11.8373201, 44.5031923], [11.8367311, 44.5032106], [11.8367105, 44.5033677], [11.8374544, 44.5033694], [11.8377709, 44.503586], [11.8378326, 44.5034776], [11.8377106, 44.5034527], [11.8376982, 44.5033009], [11.8375763, 44.503276], [11.8374233, 44.5029399], [11.8373075, 44.5029226], [11.8372988, 44.5027431], [11.8374239, 44.50274], [11.8374425, 44.5028994], [11.8376883, 44.5030035], [11.8378413, 44.5033396], [11.8380483, 44.5033954], [11.8380701, 44.5030841], [11.8383182, 44.5030415], [11.8382952, 44.5025383], [11.8387542, 44.5024332], [11.838789, 44.502346], [11.8391267, 44.5023339], [11.8392829, 44.5021536], [11.8396205, 44.5021416], [11.8397767, 44.5019613], [11.840125, 44.5019448], [11.8403281, 44.501737], [11.8401405, 44.5016818], [11.8402574, 44.5014992], [11.8406338, 44.5014898], [11.8408189, 44.5016642], [11.841522, 44.5016478], [11.841652, 44.5017346], [11.8416706, 44.501894], [11.8417863, 44.5019113], [11.841805, 44.5020707], [11.8419207, 44.502088], [11.8419394, 44.5022474], [11.8421851, 44.5023515], [11.8422442, 44.5025736], [11.8425708, 44.5025219], [11.842603, 44.5026034], [11.8427761, 44.5026058], [11.8428183, 44.5024257], [11.8431404, 44.5024623], [11.8433956, 44.5024103], [11.8434421, 44.5023202], [11.843674, 44.502301], [11.843689, 44.502224], [11.8439117, 44.5022106], [11.8439359, 44.5021278], [11.8443122, 44.5021184], [11.8447023, 44.5023788], [11.8447209, 44.5025382], [11.8448367, 44.5025555], [11.8448454, 44.5027349], [11.8447242, 44.502828], [11.8445014, 44.5028413], [11.8444196, 44.5029561], [11.8446073, 44.5030113], [11.8446116, 44.5031008], [11.8443691, 44.5032869], [11.844244, 44.5032901], [11.844404, 44.502945], [11.8440076, 44.5030337], [11.8438622, 44.5032095], [11.8436302, 44.5032287], [11.843494, 44.5033988], [11.8430151, 44.5035141], [11.8430232, 44.5038408], [11.843269, 44.5039449], [11.8432876, 44.5041043], [11.8435334, 44.5042084], [11.8435458, 44.5043602], [11.8436902, 44.5044612], [11.8439865, 44.504467], [11.8440453, 44.5043757], [11.8442772, 44.5043565], [11.8445347, 44.5040934], [11.8449937, 44.5039883], [11.8450285, 44.5039011], [11.8452406, 44.5038922], [11.8452754, 44.5038049], [11.8454875, 44.503796], [11.8455223, 44.5037087], [11.8457731, 44.5037025], [11.8459031, 44.5037892], [11.8459217, 44.5039486], [11.8460375, 44.5039659], [11.8460561, 44.5041253], [11.8461719, 44.5041426], [11.8461905, 44.504302], [11.8463063, 44.5043193], [11.8463231, 44.504561], [11.8465751, 44.5046727], [11.846722, 44.5050012], [11.8468439, 44.5050261], [11.8468669, 44.5052754], [11.8473093, 44.5052835], [11.8473558, 44.5051934], [11.8474809, 44.5051903], [11.8475021, 44.5055219], [11.8477541, 44.5056336], [11.8476416, 44.5059061], [11.8470296, 44.5060316], [11.8470495, 44.5064412], [11.8476175, 44.5064462], [11.847664, 44.506356], [11.8477863, 44.5063528], [11.8480961, 44.5065682], [11.8488031, 44.5065077], [11.8489331, 44.5065944], [11.8489594, 44.5071335], [11.8486174, 44.5071014], [11.8485868, 44.5072329], [11.8483748, 44.5072418], [11.8482186, 44.5074221], [11.8479959, 44.5074354], [11.8477922, 44.5076449], [11.8478592, 44.5077912], [11.8477341, 44.5077943], [11.847769, 44.507626], [11.8476277, 44.5076247], [11.847424, 44.5078342], [11.847491, 44.5079804], [11.8473659, 44.5079835], [11.8473688, 44.5078044], [11.8471446, 44.5078126], [11.8471097, 44.5078999], [11.8466076, 44.5079124], [11.8464546, 44.5075763], [11.8461751, 44.5074343], [11.8460866, 44.5074588], [11.8460914, 44.5076552], [11.845715, 44.5076646], [11.8455849, 44.5075778], [11.8455681, 44.5073362], [11.8453161, 44.5072244], [11.8451693, 44.506896], [11.8450473, 44.506871], [11.8450243, 44.5066217], [11.8446873, 44.5064792], [11.8446648, 44.5066729], [11.8447867, 44.5066979], [11.8447992, 44.5068496], [11.8449211, 44.5068746], [11.8449336, 44.5070263], [11.8450555, 44.5070513], [11.845068, 44.507203], [11.8451899, 44.507228], [11.845343, 44.5075641], [11.8454587, 44.5075814], [11.8454719, 44.5078507], [11.8453506, 44.5079438], [11.8450998, 44.50795], [11.8448398, 44.5077765], [11.8448229, 44.5075348], [11.844701, 44.5075098], [11.8446742, 44.5073438], [11.8445666, 44.5073331], [11.8445479, 44.507047], [11.8443022, 44.5070697], [11.8442545, 44.5068944], [11.8438295, 44.506905], [11.8437946, 44.5069923], [11.8435552, 44.5070185], [11.8435521, 44.5071784], [11.84334, 44.5071873], [11.8433052, 44.5072746], [11.8430571, 44.5073172], [11.8432069, 44.5076173], [11.8433227, 44.5076346], [11.8433395, 44.5078763], [11.8434615, 44.5079012], [11.8434739, 44.508053], [11.8435959, 44.5080779], [11.8436083, 44.5082297], [11.8437303, 44.5082546], [11.8438833, 44.5085907], [11.8439991, 44.508608], [11.8440159, 44.5088497], [11.8441378, 44.5088747], [11.8441646, 44.5090407], [11.8442723, 44.5090514], [11.8442854, 44.5093207], [11.8441603, 44.5093238], [11.8441416, 44.5091644], [11.8439575, 44.5091041], [11.8439128, 44.50942], [11.843662, 44.5094263], [11.8436434, 44.5092669], [11.8434712, 44.5092066], [11.8434058, 44.5093426], [11.8432807, 44.5093457], [11.8431506, 44.509259], [11.8431239, 44.509093], [11.8428906, 44.5090854], [11.8427437, 44.5087569], [11.8426218, 44.508732], [11.842605, 44.5084903], [11.842483, 44.5084654], [11.8424706, 44.5083136], [11.8423486, 44.5082887], [11.8421956, 44.5079526], [11.8420084, 44.5078924], [11.8418933, 44.5079807], [11.8419704, 44.5081805], [11.8420924, 44.5082054], [11.8422454, 44.5085415], [11.8423612, 44.5085588], [11.8423842, 44.5088081], [11.84263, 44.5089122], [11.8425172, 44.5091487], [11.8427732, 44.5092688], [11.8427821, 44.5094462], [11.8426568, 44.5094513], [11.8426344, 44.5093752], [11.8424584, 44.5093215], [11.8424093, 44.5095475], [11.8420285, 44.509467], [11.8420117, 44.5092253], [11.8417597, 44.5091135], [11.8417466, 44.5088442], [11.8420886, 44.5088764], [11.8421151, 44.508691], [11.8418591, 44.5085709], [11.8418423, 44.5083292], [11.8415903, 44.5082175], [11.8415592, 44.5079616], [11.8412389, 44.5079598], [11.8410828, 44.5081401], [11.8406238, 44.5082452], [11.8405889, 44.5083325], [11.8403382, 44.5083387], [11.8403338, 44.5082492], [11.8405733, 44.508223], [11.8405485, 44.5080712], [11.8403637, 44.5080716], [11.8403289, 44.5081589], [11.8399525, 44.5081683], [11.8399174, 44.5074513], [11.8400399, 44.5074098], [11.8400158, 44.5071066], [11.8395474, 44.5070616], [11.83954, 44.5074583], [11.8394149, 44.5074614], [11.8393934, 44.5070483], [11.8392674, 44.507015], [11.8392631, 44.5069255], [11.8393882, 44.5069223], [11.8395746, 44.5070521], [11.8396419, 44.5069608], [11.8395144, 44.5069188], [11.8394972, 44.5065956], [11.8393712, 44.5065623], [11.8393669, 44.5064728], [11.8394882, 44.5063797], [11.8397109, 44.5063664], [11.8397351, 44.5062835], [11.8400611, 44.5062744], [11.8401077, 44.5061842], [11.8403304, 44.5061709], [11.8404149, 44.5060458], [11.8403415, 44.5058183], [11.8405535, 44.5058094], [11.8407116, 44.5056739], [11.8406829, 44.5054627], [11.8404496, 44.5054551], [11.8400592, 44.5051928], [11.8400552, 44.5051052], [11.8402957, 44.5049813], [11.8402934, 44.5048292], [11.8405371, 44.5046967], [11.8405042, 44.5040869], [11.8402581, 44.5041075], [11.8402541, 44.50402], [11.8404963, 44.5040381], [11.8404929, 44.5038616], [11.8401819, 44.5037067], [11.8396127, 44.5037655], [11.839604, 44.503586], [11.8397859, 44.5035217], [11.839682, 44.5034073], [11.8394065, 44.5034107], [11.8393478, 44.503502], [11.8386448, 44.5035206], [11.8385983, 44.5036107], [11.8383664, 44.5036298], [11.8383514, 44.5037068], [11.8381011, 44.5037047], [11.8381126, 44.5038652], [11.8382345, 44.5038902], [11.8382513, 44.5041319], [11.8384202, 44.5041985], [11.8388371, 44.5041417], [11.838872, 44.5040544], [11.839104, 44.5040352], [11.8391189, 44.5039582], [11.8397466, 44.5039426], [11.8397684, 44.5043918], [11.8396433, 44.5043949], [11.8395649, 44.5042625], [11.8394525, 44.5043504], [11.8395215, 44.504488], [11.8393964, 44.5044911], [11.8393874, 44.5043114], [11.8391552, 44.5043304], [11.8391446, 44.5044973], [11.8388972, 44.504487], [11.838902, 44.5046834], [11.8387788, 44.5047317], [11.8387979, 44.5051001], [11.8389239, 44.5051334], [11.8389326, 44.5053128], [11.8386818, 44.5053191], [11.8386607, 44.5049875], [11.8385387, 44.5049625], [11.838512, 44.5047965], [11.838336, 44.5047428], [11.8382866, 44.5049328], [11.8384125, 44.5049661], [11.8384169, 44.5050556], [11.8382048, 44.5050645], [11.83817, 44.5051518], [11.8375423, 44.5051674], [11.837499, 44.505082], [11.8372113, 44.5050866], [11.8371648, 44.5051767], [11.8369296, 44.5051518], [11.8369222, 44.5053628], [11.8367102, 44.5053717], [11.8366753, 44.505459], [11.8362236, 44.5054713], [11.8361771, 44.5055614], [11.835851, 44.5055706], [11.8358045, 44.5056607], [11.8355924, 44.5056696], [11.8354383, 44.5057878], [11.8354468, 44.5060384], [11.8356963, 44.5060239], [11.8357007, 44.5061134], [11.8355041, 44.5060737], [11.8353301, 44.5061506], [11.8352809, 44.5065247], [11.8353543, 44.5067522], [11.835235, 44.5067831], [11.8352417, 44.507025], [11.8351204, 44.5071181], [11.8347827, 44.5071301], [11.8347478, 44.5072174], [11.8344296, 44.5071354], [11.8343709, 44.5072267], [11.8342486, 44.50723], [11.8341157, 44.507143], [11.8341507, 44.5069747], [11.8338944, 44.5069721], [11.8338595, 44.5070594], [11.8336115, 44.507102], [11.8336254, 44.5073892], [11.8337513, 44.5074226], [11.8337557, 44.5075121], [11.8336344, 44.5076051], [11.833258, 44.5076145], [11.8332456, 44.5074627], [11.8331236, 44.5074377], [11.8331791, 44.5072971], [11.8331025, 44.5071061], [11.8329805, 44.5070812], [11.8329634, 44.5067579], [11.8328374, 44.5067246], [11.8328244, 44.5064553], [11.8330564, 44.5064361], [11.833067, 44.5062692], [11.8334234, 44.5063868], [11.8334402, 44.5062875], [11.8333183, 44.5062626], [11.8333137, 44.5061751], [11.8334352, 44.50608], [11.8341642, 44.5060984], [11.8341804, 44.5058815], [11.8343619, 44.5057461], [11.8342705, 44.5055321], [11.8340369, 44.5055225], [11.8340155, 44.5050753], [11.8342665, 44.5050689], [11.8342409, 44.5045656], [11.8341146, 44.5045303], [11.8340673, 44.5035797], [11.8339413, 44.5035464], [11.8339111, 44.5029534], [11.8337852, 44.5029201], [11.8337593, 44.502417], [11.8336334, 44.5023837], [11.8336148, 44.5022243], [11.8334316, 44.5021188], [11.8327912, 44.5021356], [11.8327446, 44.5022257], [11.8323683, 44.502235], [11.8323515, 44.5019934], [11.8322296, 44.5019684], [11.8322081, 44.5015552], [11.8320821, 44.5015219]], [[11.8473347, 44.5056563], [11.8474916, 44.505761], [11.8474853, 44.5056533], [11.8473347, 44.5056563]], [[11.8472989, 44.5057224], [11.8471419, 44.5056176], [11.8471483, 44.5057254], [11.8472989, 44.5057224]], [[11.8465107, 44.5059343], [11.8463876, 44.5059826], [11.8464217, 44.5061092], [11.8467465, 44.5061453], [11.8467633, 44.506046], [11.8466413, 44.5060211], [11.846637, 44.5059315], [11.846849, 44.5059226], [11.8469902, 44.5058193], [11.8469893, 44.5056282], [11.8467775, 44.5056653], [11.8467533, 44.5057482], [11.8465306, 44.5057615], [11.8465107, 44.5059343]], [[11.846025, 44.5061889], [11.8464424, 44.506426], [11.8465872, 44.5063589], [11.8463555, 44.5061218], [11.8460519, 44.5060851], [11.846025, 44.5061889]], [[11.8462162, 44.5067396], [11.8460593, 44.5066349], [11.8460656, 44.5067426], [11.8462162, 44.5067396]], [[11.8458263, 44.5072741], [11.8460496, 44.507333], [11.8460663, 44.5072337], [11.8458531, 44.5071703], [11.8458263, 44.5072741]], [[11.8457889, 44.5074953], [11.8459458, 44.5076001], [11.8459395, 44.5074923], [11.8457889, 44.5074953]], [[11.8455618, 44.5070107], [11.8457851, 44.5070695], [11.8458019, 44.5069702], [11.8455887, 44.5069068], [11.8455618, 44.5070107]], [[11.845423, 44.5067441], [11.8456464, 44.5068029], [11.8456631, 44.5067036], [11.8454499, 44.5066402], [11.845423, 44.5067441]], [[11.8452886, 44.5065674], [11.8455119, 44.5066262], [11.8455287, 44.5065269], [11.8453155, 44.5064635], [11.8452886, 44.5065674]], [[11.8451542, 44.5063907], [11.8453775, 44.5064495], [11.8453943, 44.5063502], [11.8451811, 44.5062868], [11.8451542, 44.5063907]], [[11.843812, 44.5065453], [11.8437297, 44.5067052], [11.8438685, 44.5067171], [11.8439571, 44.5065646], [11.843812, 44.5065453]], [[11.8435049, 44.508764], [11.8436631, 44.5088787], [11.843878, 44.5089052], [11.8437384, 44.5086343], [11.8435425, 44.5085755], [11.8435049, 44.508764]], [[11.8435651, 44.5066415], [11.8434828, 44.5068013], [11.8436216, 44.5068133], [11.8437102, 44.5066608], [11.8435651, 44.5066415]], [[11.8433701, 44.5085057], [11.8435934, 44.5085646], [11.8436102, 44.5084653], [11.843397, 44.5084019], [11.8433701, 44.5085057]], [[11.8433075, 44.5067421], [11.8431146, 44.5069906], [11.843264, 44.5069981], [11.8434569, 44.5067497], [11.8433075, 44.5067421]], [[11.843302, 44.5090344], [11.8433345, 44.5091645], [11.8434883, 44.5092016], [11.8435152, 44.5090978], [11.843302, 44.5090344]], [[11.8431017, 44.5082339], [11.8432598, 44.5083486], [11.8434748, 44.5083751], [11.8433352, 44.5081042], [11.8431393, 44.5080454], [11.8431017, 44.5082339]], [[11.8424647, 44.5080697], [11.8425906, 44.508103], [11.8427375, 44.5084314], [11.8428594, 44.5084564], [11.8428719, 44.5086081], [11.8429938, 44.5086331], [11.8430168, 44.5088824], [11.8433539, 44.5090249], [11.843242, 44.5086545], [11.84312, 44.5086295], [11.842967, 44.5082935], [11.8428512, 44.5082761], [11.8428344, 44.5080345], [11.8425023, 44.5078812], [11.8424647, 44.5080697]], [[11.8429669, 44.5079756], [11.8431902, 44.5080345], [11.843207, 44.5079352], [11.8429938, 44.5078718], [11.8429669, 44.5079756]], [[11.8429499, 44.5069269], [11.8428677, 44.5070867], [11.8430064, 44.5070987], [11.843095, 44.5069462], [11.8429499, 44.5069269]], [[11.8428325, 44.5077989], [11.8430558, 44.5078578], [11.8430726, 44.5077585], [11.8428594, 44.5076951], [11.8428325, 44.5077989]], [[11.8426981, 44.5076222], [11.8429214, 44.5076811], [11.8429382, 44.5075818], [11.842725, 44.5075184], [11.8426981, 44.5076222]], [[11.8421959, 44.5077163], [11.842354, 44.507831], [11.842569, 44.5078576], [11.8424294, 44.5075866], [11.8422335, 44.5075278], [11.8421959, 44.5077163]], [[11.8421398, 44.5090765], [11.8423632, 44.5091354], [11.8423799, 44.5090361], [11.8421667, 44.5089727], [11.8421398, 44.5090765]], [[11.8418303, 44.5074091], [11.8416374, 44.5076575], [11.8417868, 44.5076651], [11.8419797, 44.5074167], [11.8418303, 44.5074091]], [[11.8410071, 44.5039648], [11.841133, 44.5039981], [11.8411542, 44.5043297], [11.8414018, 44.5043515], [11.8414176, 44.5044653], [11.8415025, 44.5044779], [11.8415894, 44.5043786], [11.841398, 44.5042612], [11.8413936, 44.5041717], [11.8416968, 44.5040143], [11.841577, 44.5039421], [11.8413849, 44.5039915], [11.8412548, 44.5039047], [11.8412318, 44.5036554], [11.8410477, 44.503595], [11.8410071, 44.5039648]], [[11.8406939, 44.5032018], [11.8407398, 44.5034476], [11.8410869, 44.5035856], [11.8409587, 44.503212], [11.8406939, 44.5032018]], [[11.8409299, 44.507933], [11.8407835, 44.5080453], [11.840934, 44.5080408], [11.8409299, 44.507933]], [[11.8395504, 44.5023891], [11.8400624, 44.5026744], [11.8400891, 44.5028404], [11.8404889, 44.5031061], [11.8406297, 44.5030978], [11.8405661, 44.5027795], [11.8404442, 44.5027545], [11.8404968, 44.5026053], [11.8403054, 44.5024879], [11.8402868, 44.5023285], [11.8401711, 44.5023112], [11.840206, 44.5021429], [11.8398357, 44.5021405], [11.8397892, 44.5022307], [11.8395665, 44.502244], [11.8395504, 44.5023891]], [[11.8405824, 44.5059611], [11.840436, 44.5060734], [11.8405866, 44.5060689], [11.8405824, 44.5059611]], [[11.8381475, 44.5045846], [11.8383708, 44.5046434], [11.8383875, 44.5045441], [11.8381744, 44.5044807], [11.8381475, 44.5045846]], [[11.8380091, 44.5043995], [11.8382522, 44.504454], [11.8382528, 44.5042859], [11.8380468, 44.504211], [11.8380091, 44.5043995]], [[11.8379963, 44.5034049], [11.8380288, 44.503535], [11.8381826, 44.5035721], [11.8382095, 44.5034683], [11.8379963, 44.5034049]], [[11.8378744, 44.5041412], [11.8380977, 44.5042001], [11.8381144, 44.5041008], [11.8379012, 44.5040374], [11.8378744, 44.5041412]], [[11.8377316, 44.5038663], [11.8379747, 44.5039208], [11.8379753, 44.5037526], [11.8377693, 44.5036778], [11.8377316, 44.5038663]], [[11.8358641, 44.5041912], [11.8361116, 44.504213], [11.8361438, 44.5042945], [11.8364264, 44.5043398], [11.8367162, 44.5042803], [11.8367174, 44.5039477], [11.8361035, 44.5040328], [11.8360991, 44.5039433], [11.8363413, 44.5039614], [11.8363318, 44.5037773], [11.8358671, 44.5037764], [11.8358641, 44.5041912]]]}}, {"type": "Feature", "properties": {"flooded": true, "source": "satellite", "area_m2": 5971.3}, "geometry": {"type": "Polygon", "coordinates": [[[11.8475573, 44.5557819], [11.8475529, 44.5556924], [11.8478039, 44.5556861], [11.8479773, 44.5558582], [11.8483157, 44.5558534], [11.8483381, 44.5559295], [11.8485716, 44.555937], [11.8486149, 44.5560223], [11.8488275, 44.5560207], [11.8490009, 44.5561928], [11.8493393, 44.5561879], [11.849348, 44.5563674], [11.8488887, 44.5564725], [11.8488538, 44.5565598], [11.8484771, 44.5565692], [11.8480867, 44.5563088], [11.848068, 44.5561495], [11.847822, 44.5560454], [11.8478095, 44.5558936], [11.8475573, 44.5557819]]]}}, {"type": "Feature", "properties": {"flooded": true, "source": "satellite", "area_m2": 29236.2}, "geometry": {"type": "Polygon", "coordinates": [[[11.8423542, 44.5109893], [11.8423411, 44.5107199], [11.8425884, 44.5107303], [11.842458, 44.510537], [11.8430857, 44.5105213], [11.8432387, 44.5108574], [11.8434802, 44.5108716], [11.8436102, 44.5109584], [11.8437714, 44.5113011], [11.8440047, 44.5113086], [11.8440215, 44.5115503], [11.8441439, 44.5115773], [11.8441478, 44.5116648], [11.8440286, 44.5116957], [11.8440408, 44.5118277], [11.8442823, 44.5118419], [11.8444556, 44.512014], [11.844869, 44.5120062], [11.8449114, 44.5118622], [11.8447854, 44.5118289], [11.8447811, 44.5117394], [11.8448874, 44.5117234], [11.8449625, 44.5115975], [11.8447723, 44.5115592], [11.844768, 44.5114697], [11.844953, 44.5114135], [11.8448301, 44.5113331], [11.8446379, 44.5113825], [11.8446334, 44.511295], [11.8448388, 44.5113314], [11.8448807, 44.5112328], [11.8446957, 44.5111564], [11.8445031, 44.5112038], [11.8444991, 44.5111163], [11.8446957, 44.511156], [11.8449985, 44.5110674], [11.8449849, 44.5108617], [11.8448629, 44.5108367], [11.8447099, 44.5105006], [11.8445941, 44.5104833], [11.8445854, 44.5103039], [11.8447105, 44.5103008], [11.8448574, 44.5106292], [11.8449793, 44.5106542], [11.8449918, 44.5108059], [11.8451137, 44.5108309], [11.8451262, 44.5109826], [11.8452481, 44.5110076], [11.8452606, 44.5111593], [11.8453826, 44.5111843], [11.8453913, 44.5113637], [11.845285, 44.5113797], [11.8452163, 44.5115221], [11.845647, 44.5114478], [11.8456595, 44.5115995], [11.8457814, 44.5116245], [11.8457945, 44.5118938], [11.8454307, 44.512173], [11.8447204, 44.5122843], [11.8446855, 44.5123716], [11.8444535, 44.5123907], [11.8444386, 44.5124678], [11.8443134, 44.5124709], [11.844301, 44.5123191], [11.844179, 44.5122942], [11.8441195, 44.5121167], [11.8437, 44.5122239], [11.8436758, 44.5123067], [11.8434637, 44.5123156], [11.8434333, 44.5124928], [11.8432517, 44.5126282], [11.8433388, 44.5127523], [11.8434464, 44.512763], [11.8434508, 44.5128525], [11.8430787, 44.5129518], [11.8429483, 44.512863], [11.8430615, 44.5126285], [11.8429355, 44.5125952], [11.8429143, 44.5122636], [11.842792, 44.5122367], [11.8427793, 44.5119694], [11.8428856, 44.5119533], [11.8428987, 44.5118676], [11.8426488, 44.5118802], [11.8426449, 44.5117926], [11.8428922, 44.511803], [11.8428812, 44.511508], [11.8426317, 44.5115225], [11.8426101, 44.5111093], [11.8423542, 44.5109893]], [[11.8450579, 44.5114657], [11.8449757, 44.5116255], [11.8451144, 44.5116375], [11.845203, 44.5114849], [11.8450579, 44.5114657]], [[11.8429769, 44.511084], [11.842736, 44.5110615], [11.8428147, 44.5114731], [11.8431268, 44.5113841], [11.8429769, 44.511084]], [[11.8425284, 44.5107601], [11.842538, 44.5108949], [11.8427643, 44.5110183], [11.8428529, 44.5109938], [11.8428344, 44.5109007], [11.8425284, 44.5107601]]]}}, {"type": "Feature", "properties": {"flooded": true, "source": "satellite", "area_m2": 85080.6}, "geometry": {"type": "Polygon", "coordinates": [[[11.8372333, 44.501394], [11.8372072, 44.5008549], [11.8375635, 44.5006458], [11.8375666, 44.5004858], [11.8376879, 44.5003928], [11.8378999, 44.5003839], [11.8379348, 44.5002966], [11.8381468, 44.5002877], [11.838288, 44.5001844], [11.8383632, 44.5000651], [11.8382942, 44.4999276], [11.8384193, 44.4999245], [11.8384164, 44.5001036], [11.8386406, 44.5000954], [11.8386755, 44.5000081], [11.8390208, 44.5000391], [11.8392949, 44.4998127], [11.8395269, 44.4997935], [11.8396631, 44.4996235], [11.840142, 44.4995081], [11.8402172, 44.4993888], [11.8401482, 44.4992513], [11.8403602, 44.4992424], [11.8403951, 44.4991551], [11.8407327, 44.4991431], [11.8407704, 44.4990556], [11.8412739, 44.4991333], [11.8414591, 44.4993076], [11.8416316, 44.4992966], [11.8416558, 44.4992138], [11.8425346, 44.4991919], [11.8425471, 44.4993436], [11.842669, 44.4993686], [11.8426958, 44.4995346], [11.8429334, 44.4996321], [11.842952, 44.4997915], [11.8431934, 44.4998057], [11.8431682, 44.499979], [11.8434534, 44.4999792], [11.8434846, 44.5002351], [11.8437182, 44.5002447], [11.8436184, 44.5007849], [11.8433759, 44.500971], [11.8431252, 44.5009773], [11.8425686, 44.5004588], [11.8422698, 44.5004595], [11.8422233, 44.5005496], [11.841875, 44.5005661], [11.8417295, 44.500742], [11.8415175, 44.5007509], [11.8414826, 44.5008381], [11.8411343, 44.5008546], [11.8408675, 44.5011235], [11.8405192, 44.50114], [11.8404994, 44.5013127], [11.8402873, 44.5013216], [11.8402524, 44.5014089], [11.8397504, 44.5014214], [11.8397183, 44.50134], [11.8395451, 44.5013376], [11.8394986, 44.5014277], [11.8392667, 44.5014468], [11.8392517, 44.5015238], [11.8385415, 44.5016352], [11.8385066, 44.5017224], [11.8380433, 44.5017376], [11.8380084, 44.5018248], [11.8377765, 44.501844], [11.8377587, 44.5019213], [11.8373851, 44.5019304], [11.8374406, 44.5017897], [11.8373553, 44.5014189], [11.8372333, 44.501394]]]}}, {"type": "Feature", "properties": {"flooded": true, "source": "satellite", "area_m2": 29450.7}, "geometry": {"type": "Polygon", "coordinates": [[[11.8389395, 44.5106241], [11.8389221, 44.5102649], [11.8390434, 44.5101718], [11.8392661, 44.5101585], [11.8392903, 44.5100757], [11.8396387, 44.5100592], [11.8397842, 44.5098833], [11.8400069, 44.50987], [11.8402588, 44.5096781], [11.8402694, 44.5095111], [11.8403918, 44.5094717], [11.8403775, 44.5091484], [11.8405026, 44.5091452], [11.8406846, 44.5094972], [11.8408783, 44.5094826], [11.8408889, 44.5093157], [11.841241, 44.5093434], [11.8412516, 44.5092364], [11.8410058, 44.5091323], [11.8411227, 44.5089498], [11.8413735, 44.5089435], [11.8413903, 44.5091852], [11.8415122, 44.5092101], [11.841539, 44.5093761], [11.8417767, 44.5094736], [11.8418034, 44.5096396], [11.8419702, 44.5096934], [11.8421624, 44.5096441], [11.8421886, 44.5101832], [11.8419765, 44.5101921], [11.8419417, 44.5102793], [11.8416039, 44.5102914], [11.8415691, 44.5103786], [11.8412313, 44.5103907], [11.8411965, 44.5104779], [11.8409645, 44.5104971], [11.8409495, 44.5105741], [11.8406118, 44.5105862], [11.8405769, 44.5106734], [11.8403449, 44.5106926], [11.8400874, 44.5109557], [11.8398646, 44.510969], [11.8398404, 44.5110518], [11.8393384, 44.5110643], [11.8392083, 44.5109775], [11.8390615, 44.5106491], [11.8389395, 44.5106241]]]}}, {"type": "Feature", "properties": {"flooded": true, "source": "satellite", "area_m2": 6944.6}, "geometry": {"type": "Polygon", "coordinates": [[[11.8367413, 44.5068077], [11.836607, 44.5066314], [11.8367262, 44.5066005], [11.8367195, 44.5063585], [11.8369621, 44.5061725], [11.8377198, 44.5062436], [11.8377366, 44.5064853], [11.8378585, 44.5065103], [11.8378803, 44.5069595], [11.8374286, 44.5069717], [11.8373821, 44.5070619], [11.837257, 44.507065], [11.837127, 44.5069782], [11.8371002, 44.5068122], [11.8367413, 44.5068077]]]}}, {"type": "Feature", "properties": {"flooded": true, "source": "satellite", "area_m2": 8020.1}, "geometry": {"type": "Polygon", "coordinates": [[[11.8374739, 44.5736778], [11.8374695, 44.5735883], [11.8376818, 44.5735794], [11.8378361, 44.5734612], [11.8378297, 44.5732553], [11.8377036, 44.573222], [11.8376992, 44.5731325], [11.8378245, 44.5731294], [11.8378797, 44.5732169], [11.8382694, 44.5732081], [11.8383282, 44.5731168], [11.8392713, 44.5730932], [11.8393302, 44.5730019], [11.8400844, 44.5729831], [11.8400887, 44.5730726], [11.8396248, 44.5730878], [11.8395899, 44.5731751], [11.8393577, 44.5731942], [11.8393427, 44.5732712], [11.8385904, 44.5733352], [11.8386066, 44.5734498], [11.839113, 44.5737275], [11.8391317, 44.5738869], [11.8393778, 44.573991], [11.8394008, 44.5742403], [11.83956, 44.5743429], [11.8397727, 44.5743412], [11.8398093, 44.5745126], [11.840033, 44.5745148], [11.8400418, 44.5746942], [11.8397951, 44.5747904], [11.8397629, 44.574709], [11.8395391, 44.5747067], [11.839409, 44.57462], [11.8395179, 44.5743752], [11.8392656, 44.5742634], [11.8391124, 44.5739274], [11.8388439, 44.5737472], [11.8384846, 44.5737427], [11.8383544, 44.5736559], [11.8383501, 44.5735664], [11.8384726, 44.5735269], [11.8384392, 44.5733915], [11.8380027, 44.5733982], [11.8377249, 44.5736716], [11.8374739, 44.5736778]]]}}, {"type": "Feature", "properties": {"flooded": true, "source": "satellite", "area_m2": 180924.2}, "geometry": {"type": "Polygon", "coordinates": [[[11.8282133, 44.4787515], [11.8280659, 44.4783054], [11.8281872, 44.4782124], [11.8284098, 44.478199], [11.8287903, 44.4779071], [11.8287847, 44.4775674], [11.828891, 44.4775513], [11.8289016, 44.4773844], [11.8290208, 44.4773535], [11.8290185, 44.4772015], [11.8292535, 44.4770854], [11.8292566, 44.4769255], [11.8294841, 44.4768164], [11.8294947, 44.4766495], [11.8296139, 44.4766186], [11.8295974, 44.4763967], [11.8292218, 44.4762058], [11.8292094, 44.476054], [11.8290875, 44.476029], [11.8290702, 44.4756698], [11.8291893, 44.4756388], [11.829187, 44.4754868], [11.8295433, 44.4752777], [11.8295464, 44.4751178], [11.8297583, 44.4751089], [11.8299144, 44.4749286], [11.8301463, 44.4749095], [11.8301569, 44.4747426], [11.831161, 44.4747177], [11.8311834, 44.4747937], [11.8314165, 44.4748013], [11.8314597, 44.4748867], [11.831672, 44.474885], [11.8316844, 44.4750368], [11.8318614, 44.4751493], [11.8322807, 44.4750422], [11.8323049, 44.4749593], [11.8325168, 44.4749505], [11.8325517, 44.4748632], [11.8327743, 44.4748499], [11.8329197, 44.474674], [11.8332959, 44.4746647], [11.8336857, 44.4749251], [11.8337025, 44.4751667], [11.8338244, 44.4751917], [11.8338368, 44.4753435], [11.8339586, 44.4753684], [11.8341115, 44.4757045], [11.8342272, 44.4757218], [11.8343827, 44.4762302], [11.8345045, 44.4762551], [11.8345313, 44.4764211], [11.8346388, 44.4764318], [11.8346556, 44.4766735], [11.8347775, 44.4766985], [11.834799, 44.4771116], [11.8349249, 44.4771449], [11.8349292, 44.4772344], [11.8346867, 44.4774205], [11.8344549, 44.4774397], [11.8335913, 44.4781679], [11.8333687, 44.4781812], [11.833102, 44.4784502], [11.8326233, 44.4785654], [11.8326127, 44.4787324], [11.832249, 44.4790115], [11.8317472, 44.4790239], [11.8316921, 44.4789363], [11.831303, 44.4789451], [11.8312443, 44.4790364], [11.8311192, 44.4790395], [11.8311729, 44.4788927], [11.8309849, 44.4788628], [11.8310386, 44.478716], [11.8308507, 44.4786861], [11.8308136, 44.4784705], [11.8301387, 44.4785247], [11.8300922, 44.4786149], [11.829744, 44.4786313], [11.8294762, 44.4788466], [11.8294941, 44.4791423], [11.8297459, 44.479254], [11.8297633, 44.4796133], [11.8295198, 44.4797096], [11.8294619, 44.4796218], [11.8288847, 44.4796351], [11.828876, 44.4794556], [11.8290922, 44.479491], [11.8291191, 44.4793872], [11.8289972, 44.4793622], [11.8289787, 44.4792028], [11.8288183, 44.4791442], [11.8287411, 44.4792785], [11.8286161, 44.4792816], [11.8285975, 44.4791222], [11.8283519, 44.4790181], [11.8283391, 44.4787848], [11.8282133, 44.4787515]], [[11.8342253, 44.4768472], [11.8340391, 44.4769244], [11.8340455, 44.4771303], [11.8342427, 44.4772065], [11.8344038, 44.4771445], [11.8344785, 44.4770164], [11.8343822, 44.4768957], [11.8342253, 44.4768472]]]}}, {"type": "Feature", "properties": {"flooded": true, "source": "satellite", "area_m2": 447713.0}, "geometry": {"type": "Polygon", "coordinates": [[[11.8293266, 44.5199554], [11.8292961, 44.5193264], [11.8301681, 44.5192145], [11.8301934, 44.5192907], [11.8303811, 44.519343], [11.8304185, 44.5191185], [11.8305436, 44.5191154], [11.8305567, 44.5193847], [11.8303215, 44.5193597], [11.8301327, 44.5197042], [11.8303228, 44.519751], [11.8303457, 44.5200003], [11.8306385, 44.5201462], [11.8308429, 44.5200982], [11.8308981, 44.5201858], [11.8314253, 44.5201727], [11.8314719, 44.5200826], [11.831597, 44.5200795], [11.8316101, 44.5203489], [11.8314887, 44.5204419], [11.8312438, 44.520476], [11.8312673, 44.52096], [11.8313892, 44.5209849], [11.831416, 44.5211509], [11.8316537, 44.5212484], [11.8316752, 44.5216616], [11.8318011, 44.5216949], [11.8318197, 44.5218543], [11.8319788, 44.5219569], [11.8321913, 44.5219553], [11.8321357, 44.5220959], [11.8322186, 44.5222945], [11.8324601, 44.5223087], [11.8325148, 44.5224409], [11.8327158, 44.5223924], [11.8329759, 44.522566], [11.8329927, 44.5228077], [11.8331147, 44.5228326], [11.8330652, 44.5229874], [11.8332491, 44.5230093], [11.8332534, 44.5230989], [11.8331341, 44.5231298], [11.8331464, 44.5232618], [11.8334043, 44.5233646], [11.833384, 44.523186], [11.8335092, 44.5231829], [11.8334565, 44.5233321], [11.8336479, 44.5234496], [11.8336647, 44.5236912], [11.8337867, 44.5237162], [11.8338035, 44.5239579], [11.8339259, 44.5239848], [11.8339386, 44.5242522], [11.8337158, 44.5242655], [11.8335119, 44.524475], [11.8335918, 44.5248549], [11.8338599, 44.5249737], [11.8338396, 44.5247952], [11.8339647, 44.5247921], [11.8339394, 44.5249654], [11.8343505, 44.5249625], [11.834295, 44.5251032], [11.8343804, 44.525474], [11.8345024, 44.5254989], [11.834537, 44.5261818], [11.834663, 44.5262151], [11.8346898, 44.5263811], [11.8347974, 44.5263918], [11.8347612, 44.5268983], [11.8349493, 44.5269282], [11.8349723, 44.5271775], [11.8353482, 44.5273684], [11.8352337, 44.5275961], [11.8353613, 44.5276382], [11.8353858, 44.5279318], [11.8356258, 44.5279017], [11.8356382, 44.5280534], [11.8357602, 44.5280784], [11.8357646, 44.5281679], [11.8354124, 44.5281402], [11.8353919, 44.5282672], [11.8351567, 44.5283833], [11.835162, 44.528687], [11.8354728, 44.5287603], [11.8357908, 44.5287078], [11.8357951, 44.5287973], [11.8356132, 44.5288617], [11.835733, 44.5289339], [11.8359252, 44.5288845], [11.8360808, 44.5293928], [11.8362028, 44.5294178], [11.8362244, 44.5298309], [11.8363504, 44.5298642], [11.8363678, 44.5302235], [11.8361712, 44.5301838], [11.8358936, 44.5302431], [11.8358694, 44.5303259], [11.8356466, 44.5303392], [11.8355621, 44.5304644], [11.8356283, 44.5306022], [11.8353802, 44.5306081], [11.8353591, 44.5302765], [11.835107, 44.5301648], [11.8350475, 44.5299873], [11.8342687, 44.5300066], [11.8342222, 44.5300967], [11.8340999, 44.5301], [11.8340419, 44.5300123], [11.8331496, 44.5300335], [11.8330909, 44.5301248], [11.832717, 44.5301705], [11.832731, 44.5304578], [11.8328569, 44.5304911], [11.8328799, 44.5307404], [11.8329957, 44.5307578], [11.8330125, 44.5309994], [11.8331345, 44.5310244], [11.8331798, 44.5313756], [11.8336305, 44.5314086], [11.833709, 44.5312243], [11.8335209, 44.5311945], [11.8335165, 44.5311049], [11.8337646, 44.5310986], [11.8337421, 44.5312721], [11.8342789, 44.5312661], [11.8343013, 44.5313421], [11.8344211, 44.5313515], [11.8343965, 44.5310831], [11.8345188, 44.5310798], [11.8346517, 44.5311668], [11.8345962, 44.5313074], [11.8346958, 44.5313852], [11.8351129, 44.5313343], [11.8352787, 44.5312132], [11.835272, 44.5309713], [11.8354948, 44.530958], [11.8355147, 44.5307852], [11.8356398, 44.5307821], [11.8356523, 44.5309339], [11.8357743, 44.5309588], [11.835749, 44.5311322], [11.8364115, 44.531123], [11.836394, 44.531651], [11.8366226, 44.5317025], [11.8368148, 44.5316532], [11.8368192, 44.5317427], [11.8366027, 44.5317073], [11.8365721, 44.5318389], [11.8364583, 44.5318619], [11.8364595, 44.5321117], [11.8363457, 44.5321348], [11.8363423, 44.5322587], [11.8369755, 44.5323694], [11.8369842, 44.5325488], [11.8367489, 44.5325238], [11.8367459, 44.5328248], [11.8365032, 44.5330109], [11.8363066, 44.5329712], [11.8361286, 44.5330654], [11.8361447, 44.53318], [11.8362606, 44.5331974], [11.8362817, 44.533529], [11.8365338, 44.5336407], [11.8365606, 44.5338067], [11.8367553, 44.5338116], [11.8367901, 44.5337243], [11.8371667, 44.533715], [11.8371711, 44.5338045], [11.8370486, 44.533844], [11.8370566, 44.5340326], [11.8371846, 44.5340767], [11.8372366, 44.5351532], [11.8371227, 44.5351763], [11.8371196, 44.5353362], [11.8368186, 44.5355559], [11.8369163, 44.5363315], [11.8366698, 44.5364277], [11.8366573, 44.5362759], [11.8365353, 44.536251], [11.836508, 44.5359118], [11.836312, 44.5358529], [11.8362702, 44.5359875], [11.8361451, 44.5359906], [11.8361264, 44.5358312], [11.8359659, 44.5357726], [11.8357694, 44.5359379], [11.8357718, 44.5360899], [11.8353952, 44.5360993], [11.8353405, 44.5359671], [11.8350137, 44.5360187], [11.8350093, 44.5359292], [11.8356029, 44.5359552], [11.8356936, 44.5357833], [11.8350579, 44.5357028], [11.834883, 44.5359319], [11.8347579, 44.535935], [11.8346983, 44.5357575], [11.8345257, 44.5357685], [11.8344438, 44.5358834], [11.8346316, 44.5359386], [11.8346444, 44.5361719], [11.8347704, 44.5362052], [11.8347748, 44.5362947], [11.8343938, 44.5362142], [11.8343153, 44.5360817], [11.8341493, 44.5361504], [11.8340879, 44.5363439], [11.834173, 44.5364767], [11.8342807, 44.5364874], [11.8342979, 44.5368107], [11.8344238, 44.536844], [11.8344473, 44.5369643], [11.8346796, 44.5369277], [11.8347344, 44.5370599], [11.8349354, 44.5370113], [11.8349398, 44.5371008], [11.8346933, 44.537197], [11.8344625, 44.5369838], [11.8343723, 44.5370657], [11.8344593, 44.5371898], [11.8347404, 44.5373726], [11.8352043, 44.5373647], [11.8352211, 44.5376064], [11.8353432, 44.5376314], [11.8353179, 44.5378047], [11.8356787, 44.537802], [11.8357252, 44.5377119], [11.8359761, 44.5377057], [11.8359805, 44.5377952], [11.8357683, 44.5378041], [11.8357334, 44.5378914], [11.8352814, 44.5379036], [11.8352349, 44.5379938], [11.8347326, 44.5380062], [11.8346893, 44.5379209], [11.8343511, 44.5379257], [11.8343324, 44.5377663], [11.8340865, 44.5376622], [11.8339262, 44.5369824], [11.8338002, 44.5369491], [11.8337827, 44.5365898], [11.833902, 44.5365589], [11.8338954, 44.536317], [11.8340092, 44.5362939], [11.8340126, 44.53617], [11.8338433, 44.5360514], [11.8336308, 44.5360531], [11.8336136, 44.5357298], [11.8334876, 44.5356965], [11.8334617, 44.5351934], [11.8333354, 44.5351581], [11.833305, 44.5345331], [11.8334116, 44.5345151], [11.8334836, 44.5343784], [11.8333789, 44.5342181], [11.8330403, 44.5342652], [11.8330233, 44.5339079], [11.8331484, 44.5339048], [11.8331796, 44.5341608], [11.8334044, 44.5341927], [11.8333919, 44.5337548], [11.8332659, 44.5337215], [11.8332531, 44.5334881], [11.8331271, 44.5334548], [11.8331037, 44.5333346], [11.8328714, 44.5333712], [11.8328539, 44.5330119], [11.8329603, 44.5329959], [11.8329734, 44.5329102], [11.8327238, 44.5329247], [11.8327108, 44.5326554], [11.8328246, 44.5326323], [11.832828, 44.5325084], [11.832702, 44.5324751], [11.8326834, 44.5323157], [11.8325672, 44.5322964], [11.8325502, 44.5319391], [11.832773, 44.5319258], [11.8327931, 44.5317891], [11.8325918, 44.5317587], [11.8325452, 44.5318488], [11.8324201, 44.531852], [11.8324029, 44.5315287], [11.8322769, 44.5314954], [11.8322554, 44.5310822], [11.8321294, 44.5310489], [11.8320992, 44.5304559], [11.8319732, 44.5304226], [11.831943, 44.5298297], [11.8318166, 44.5297943], [11.8317865, 44.5291673], [11.8319681, 44.529032], [11.8318906, 44.5287507], [11.8317055, 44.5286742], [11.8315129, 44.5287216], [11.8315002, 44.5284542], [11.8317506, 44.5284563], [11.8317392, 44.5282958], [11.8316172, 44.5282709], [11.8315997, 44.5279116], [11.8318349, 44.5277956], [11.8318381, 44.5276356], [11.8320657, 44.5275266], [11.8321388, 44.5273922], [11.8319506, 44.5273624], [11.8319382, 44.5272106], [11.8318162, 44.5271856], [11.831855, 44.5269337], [11.8315518, 44.5269221], [11.8314217, 44.5268353], [11.8314031, 44.526676], [11.8311572, 44.5265718], [11.8311299, 44.5262326], [11.830955, 44.5261721], [11.8307627, 44.5262215], [11.8307584, 44.526132], [11.8309937, 44.526157], [11.8311227, 44.5258889], [11.8309967, 44.5258556], [11.8309752, 44.5254424], [11.8308492, 44.5254091], [11.8308324, 44.5251675], [11.8307104, 44.5251425], [11.8306818, 44.5245583], [11.8305542, 44.5245162], [11.8305284, 44.5240131], [11.8303592, 44.5238945], [11.8301467, 44.5238961], [11.8301422, 44.5238086], [11.8305942, 44.5237944], [11.8307471, 44.5236882], [11.8308662, 44.5231945], [11.8307403, 44.5231612], [11.8307278, 44.5230095], [11.8305737, 44.5229031], [11.8304328, 44.5229114], [11.830484, 44.5230776], [11.8303588, 44.5230807], [11.8304019, 44.5229186], [11.8300944, 44.5228171], [11.8300729, 44.522404], [11.8299466, 44.5223687], [11.8299124, 44.5216878], [11.8297864, 44.5216545], [11.8297605, 44.5211514], [11.8296342, 44.5211161], [11.8296172, 44.5207588], [11.829731, 44.5207358], [11.8297344, 44.5206119], [11.8296084, 44.5205786], [11.829583, 44.5201571], [11.829461, 44.5201321], [11.8294342, 44.5199661], [11.8293266, 44.5199554]], [[11.8357003, 44.5311281], [11.8355433, 44.5310234], [11.8355496, 44.5311311], [11.8357003, 44.5311281]], [[11.8342736, 44.5359783], [11.83442, 44.535866], [11.8342694, 44.5358705], [11.8342736, 44.5359783]], [[11.8336406, 44.5314307], [11.8334941, 44.531543], [11.8336447, 44.5315385], [11.8336406, 44.5314307]], [[11.8331956, 44.5314762], [11.8331132, 44.531636], [11.8332521, 44.531648], [11.8333407, 44.5314955], [11.8331956, 44.5314762]], [[11.8322089, 44.5271451], [11.8321622, 44.5274349], [11.8323128, 44.5274304], [11.832447, 44.5273225], [11.8324267, 44.5271839], [11.8322089, 44.5271451]], [[11.8319997, 44.5268401], [11.8320862, 44.5269915], [11.8323012, 44.5270181], [11.832148, 44.5268251], [11.8319997, 44.5268401]], [[11.8304477, 44.521279], [11.8301574, 44.5215016], [11.8301784, 44.52196], [11.830306, 44.5220021], [11.8303246, 44.5221615], [11.8304404, 44.5221788], [11.8304616, 44.5225104], [11.8306387, 44.5226229], [11.8311776, 44.522607], [11.8313318, 44.5224888], [11.8314483, 44.5221986], [11.8313207, 44.5221566], [11.8313021, 44.5219972], [11.8311863, 44.5219798], [11.8311648, 44.5215667], [11.8310389, 44.5215334], [11.8310264, 44.5213816], [11.8308493, 44.5212691], [11.8304477, 44.521279]]]}}, {"type": "Feature", "properties": {"flooded": true, "source": "satellite", "area_m2": 9231.6}, "geometry": {"type": "Polygon", "coordinates": [[[11.8360202, 44.5722736], [11.8360158, 44.5721841], [11.8361384, 44.5721446], [11.8361154, 44.5716414], [11.8362347, 44.5716105], [11.8362324, 44.5714585], [11.836735, 44.571446], [11.836799, 44.5717134], [11.8369717, 44.5717024], [11.8371173, 44.5715265], [11.8377457, 44.5715109], [11.837789, 44.5715962], [11.8379903, 44.5715746], [11.8379803, 44.571145], [11.8382243, 44.5710124], [11.8382056, 44.5705992], [11.8383271, 44.5705062], [11.83855, 44.5704928], [11.8386968, 44.5703705], [11.8386657, 44.5698051], [11.8385436, 44.5697802], [11.8385311, 44.5696284], [11.8383866, 44.5695274], [11.8381527, 44.5695178], [11.8381488, 44.5694303], [11.8385256, 44.5694209], [11.8386725, 44.5697494], [11.8387946, 44.5697743], [11.8388253, 44.5704033], [11.8384631, 44.5706204], [11.8384051, 44.5708147], [11.8384742, 44.5709522], [11.8383548, 44.5709832], [11.8383571, 44.5711352], [11.8381163, 44.5712592], [11.8381274, 44.571591], [11.8380081, 44.571622], [11.8380104, 44.571774], [11.8377637, 44.5718701], [11.8377513, 44.5717184], [11.8376068, 44.5716173], [11.8372979, 44.5716127], [11.8372513, 44.5717028], [11.837039, 44.5717117], [11.8368901, 44.571822], [11.83677, 44.5721649], [11.8364319, 44.5721769], [11.8363942, 44.5722645], [11.8360202, 44.5722736]], [[11.836247, 44.5716658], [11.8363125, 44.5718164], [11.8364951, 44.5717841], [11.8364538, 44.5715919], [11.836247, 44.5716658]]]}}, {"type": "Feature", "properties": {"flooded": true, "source": "satellite", "area_m2": 44467.0}, "geometry": {"type": "Polygon", "coordinates": [[[11.834269, 44.538828], [11.8342646, 44.5387385], [11.834507, 44.5387566], [11.8344986, 44.5383725], [11.83462, 44.5382795], [11.8349579, 44.5382675], [11.8349928, 44.5381802], [11.8357437, 44.5381614], [11.8358365, 44.5382916], [11.8359374, 44.538206], [11.8358684, 44.5380684], [11.836332, 44.5380533], [11.8363625, 44.5378761], [11.8368605, 44.5377737], [11.8369909, 44.5378625], [11.8370255, 44.5385794], [11.8369023, 44.5386277], [11.836941, 44.5394005], [11.8371906, 44.5393859], [11.8371951, 44.5394735], [11.8369785, 44.5394401], [11.8369479, 44.5395716], [11.8368286, 44.5396026], [11.8368484, 44.5401143], [11.8362707, 44.5401297], [11.8362213, 44.5402201], [11.8348991, 44.540208], [11.8348455, 44.5403441], [11.8347204, 44.5403472], [11.8346901, 44.5397542], [11.8345641, 44.5397209], [11.8345425, 44.5393077], [11.8344162, 44.5392724], [11.8343991, 44.5389152], [11.8346044, 44.5389536], [11.8346464, 44.538855], [11.8344613, 44.5387786], [11.834269, 44.538828]], [[11.8363609, 44.538205], [11.8362144, 44.5383173], [11.836365, 44.5383128], [11.8363609, 44.538205]]]}}, {"type": "Feature", "properties": {"flooded": true, "source": "satellite", "area_m2": 14277.9}, "geometry": {"type": "Polygon", "coordinates": [[[11.8307275, 44.5073171], [11.8307145, 44.5070478], [11.8308396, 44.5070447], [11.8308947, 44.5071323], [11.8310839, 44.5071084], [11.8310786, 44.5068047], [11.8309527, 44.5067714], [11.830944, 44.506592], [11.8311904, 44.5064958], [11.8312336, 44.5065812], [11.831446, 44.5065795], [11.8314585, 44.5067313], [11.8315804, 44.5067562], [11.8315928, 44.506908], [11.831747, 44.5070144], [11.8320961, 44.5070135], [11.8321147, 44.5071729], [11.8323561, 44.5071871], [11.8323994, 44.5073168], [11.8326118, 44.5072708], [11.8326161, 44.5073603], [11.8323688, 44.5073499], [11.8323909, 44.5079061], [11.8322717, 44.507937], [11.832274, 44.508089], [11.8320513, 44.5081023], [11.8319058, 44.5082782], [11.8316507, 44.5081945], [11.8316382, 44.5080427], [11.8313863, 44.507931], [11.8313595, 44.507765], [11.8311219, 44.5076675], [11.8311033, 44.5075081], [11.8307275, 44.5073171]]]}}, {"type": "Feature", "properties": {"flooded": true, "source": "satellite", "area_m2": 92296.0}, "geometry": {"type": "Polygon", "coordinates": [[[11.8260928, 44.5597364], [11.8260798, 44.559467], [11.8264221, 44.559545], [11.8265785, 44.5593647], [11.8268139, 44.5593897], [11.8268213, 44.5591786], [11.8270335, 44.5591697], [11.8270685, 44.5590825], [11.8275322, 44.5590673], [11.8276886, 44.558887], [11.8279115, 44.5588737], [11.8279314, 44.558701], [11.8284339, 44.5586885], [11.8284886, 44.5588207], [11.8288155, 44.5587691], [11.8288242, 44.5589485], [11.828699, 44.5589516], [11.8285097, 44.5588217], [11.8283842, 44.5589015], [11.8286131, 44.5595641], [11.8288547, 44.5595783], [11.8290171, 44.5597466], [11.8292408, 44.5597488], [11.829273, 44.5598303], [11.8294966, 44.5598325], [11.8295191, 44.5599086], [11.8297103, 44.5599601], [11.829867, 44.5598931], [11.8298658, 44.5596433], [11.8301011, 44.5595272], [11.8301042, 44.5593673], [11.8302256, 44.5592743], [11.8306777, 44.559262], [11.8308382, 44.5591488], [11.8308314, 44.559009], [11.8305898, 44.5589948], [11.8305855, 44.5589052], [11.8309434, 44.558883], [11.830954, 44.5587161], [11.8311948, 44.5585921], [11.8311924, 44.5584401], [11.8314047, 44.5584312], [11.8315535, 44.5583209], [11.8315566, 44.558161], [11.831812, 44.5582446], [11.8318306, 44.558404], [11.8320766, 44.5585082], [11.8320934, 44.5587498], [11.8323456, 44.5588616], [11.832358, 44.5590133], [11.8324801, 44.5590383], [11.832552, 44.5592164], [11.8329806, 44.5591857], [11.8329837, 44.5590258], [11.8331062, 44.5589863], [11.833092, 44.558663], [11.8332145, 44.5586235], [11.8331959, 44.5582103], [11.8333211, 44.5582072], [11.8333423, 44.5585388], [11.8334643, 44.5585637], [11.8334911, 44.5587297], [11.8335988, 44.5587404], [11.8336218, 44.5589897], [11.8337377, 44.5590071], [11.8337664, 44.5595913], [11.833894, 44.5596334], [11.8339159, 44.5600825], [11.8337933, 44.560122], [11.8337385, 44.5603078], [11.8338076, 44.5604453], [11.8335953, 44.5604542], [11.833439, 44.5606345], [11.8332161, 44.5606478], [11.8330704, 44.5608237], [11.8327324, 44.5608357], [11.8326975, 44.560923], [11.8324653, 44.5609422], [11.8324503, 44.5610192], [11.8316963, 44.5610379], [11.831653, 44.5609526], [11.8313146, 44.5609573], [11.8312594, 44.5608697], [11.8308072, 44.5608799], [11.8307848, 44.5608038], [11.8305513, 44.5607962], [11.830508, 44.5607109], [11.8302954, 44.5607125], [11.8302768, 44.5605532], [11.8300084, 44.5603729], [11.829519, 44.5602817], [11.8294757, 44.5601963], [11.8283827, 44.5602198], [11.8283505, 44.5601384], [11.8280011, 44.5601392], [11.8279459, 44.5600516], [11.8274937, 44.5600618], [11.8274504, 44.5599765], [11.827112, 44.5599812], [11.8270687, 44.5598959], [11.8268561, 44.5598975], [11.8268014, 44.5597653], [11.8262229, 44.5598232], [11.8260928, 44.5597364]]]}}, {"type": "Feature", "properties": {"flooded": true, "source": "satellite", "area_m2": 1490327.1}, "geometry": {"type": "Polygon", "coordinates": [[[11.8089594, 44.5464757], [11.8089334, 44.5459366], [11.8094191, 44.5455645], [11.8095443, 44.5455614], [11.8095994, 44.545649], [11.8099889, 44.5456403], [11.8100478, 44.545549], [11.8104998, 44.5455368], [11.8105464, 44.5454467], [11.8107586, 44.5454379], [11.8107892, 44.5452607], [11.811032, 44.5450747], [11.8111572, 44.5450716], [11.8111795, 44.5451477], [11.8113587, 44.5452012], [11.8116364, 44.545142], [11.8116607, 44.5450592], [11.8122384, 44.5450439], [11.812285, 44.5449538], [11.8126229, 44.5449418], [11.8126579, 44.5448546], [11.8129763, 44.5449365], [11.8130351, 44.5448453], [11.8137386, 44.5448268], [11.8139065, 44.5446437], [11.81461, 44.5446253], [11.8146566, 44.5445352], [11.8149829, 44.5445261], [11.8150295, 44.544436], [11.8151518, 44.5444328], [11.8151979, 44.5445182], [11.8154105, 44.5445166], [11.8154228, 44.5446684], [11.8155449, 44.5446933], [11.8155663, 44.5451065], [11.8156923, 44.5451398], [11.8157094, 44.5454631], [11.8158354, 44.5454964], [11.8158568, 44.5459096], [11.8159828, 44.5459429], [11.8160014, 44.5461023], [11.8161724, 44.5462072], [11.816876, 44.5461909], [11.8170612, 44.5463653], [11.8173489, 44.5463557], [11.8173838, 44.5462684], [11.8179616, 44.5462531], [11.8180082, 44.546163], [11.8185859, 44.5461476], [11.8186325, 44.5460575], [11.8188646, 44.5460384], [11.8188796, 44.5459614], [11.8200064, 44.5458435], [11.820015, 44.546023], [11.81977, 44.546057], [11.8197747, 44.5462542], [11.8199023, 44.5462962], [11.8199209, 44.5464556], [11.8200368, 44.5464729], [11.8200635, 44.546639], [11.8204862, 44.5467765], [11.8210557, 44.5467178], [11.8210879, 44.5467993], [11.8213115, 44.5468015], [11.8215007, 44.5469315], [11.822519, 44.5469063], [11.8227967, 44.5468471], [11.8228209, 44.5467642], [11.8230263, 44.5468027], [11.8230681, 44.5466681], [11.8235424, 44.5466486], [11.8235623, 44.5464758], [11.8246906, 44.5464477], [11.8247366, 44.5465331], [11.8250123, 44.5465297], [11.8250711, 44.5464385], [11.8255707, 44.5464259], [11.8256287, 44.5465136], [11.8266469, 44.5464893], [11.8267014, 44.5463081], [11.8269136, 44.5462992], [11.8269485, 44.5462119], [11.8278324, 44.54628], [11.8278368, 44.5463696], [11.8273774, 44.5464746], [11.8273425, 44.5465619], [11.8270046, 44.5465739], [11.8269697, 44.5466611], [11.8263696, 44.5466838], [11.8263497, 44.5468565], [11.8259844, 44.547082], [11.8261343, 44.5473822], [11.8266404, 44.5476599], [11.8266528, 44.5478117], [11.8267972, 44.5479127], [11.8270307, 44.5479203], [11.8270493, 44.5480797], [11.8272952, 44.5481839], [11.8273076, 44.5483356], [11.8274297, 44.5483606], [11.8274512, 44.5487737], [11.8275772, 44.5488071], [11.8275987, 44.5492202], [11.8277251, 44.5492555], [11.8277421, 44.5496128], [11.8276357, 44.5496288], [11.8276226, 44.5497145], [11.8278723, 44.5497], [11.8278766, 44.5497895], [11.8276799, 44.5497498], [11.8274022, 44.549809], [11.8273823, 44.5499818], [11.8268987, 44.5500072], [11.8268234, 44.5501265], [11.8269049, 44.5504162], [11.8271526, 44.550438], [11.8274561, 44.5506969], [11.8277318, 44.5506935], [11.82791, 44.5505713], [11.8279033, 44.5503294], [11.8280247, 44.5502364], [11.8282476, 44.5502231], [11.8282718, 44.5501402], [11.8292772, 44.5501153], [11.8295966, 44.550332], [11.8298904, 44.5503166], [11.8299109, 44.5501896], [11.8301662, 44.5502733], [11.8303131, 44.5506018], [11.8304351, 44.5506267], [11.8305994, 44.5513149], [11.8307215, 44.5513398], [11.8307517, 44.5519328], [11.8308778, 44.5519661], [11.8309045, 44.5521321], [11.8310122, 44.5521428], [11.8310352, 44.5523921], [11.8311511, 44.5524095], [11.8311726, 44.5528226], [11.8312986, 44.5528559], [11.8313158, 44.5531792], [11.8314418, 44.5532125], [11.8316062, 44.5539006], [11.8317282, 44.5539256], [11.8317498, 44.5543387], [11.8320059, 44.5544588], [11.8319627, 44.554706], [11.8322793, 44.5549021], [11.8322979, 44.5550615], [11.8324137, 44.5550789], [11.8324309, 44.5554021], [11.832557, 44.5554354], [11.83258, 44.5556847], [11.8326958, 44.555702], [11.832713, 44.5560253], [11.832839, 44.5560586], [11.832862, 44.5563079], [11.8329779, 44.5563252], [11.8329994, 44.5567384], [11.8331255, 44.5567717], [11.8331387, 44.557039], [11.8329569, 44.557183], [11.8331473, 44.5572212], [11.8331517, 44.5573108], [11.8326492, 44.5573232], [11.8326448, 44.5572337], [11.8328269, 44.5571693], [11.8326361, 44.5570535], [11.8326131, 44.5568042], [11.8324972, 44.5567869], [11.83248, 44.5564636], [11.832354, 44.5564303], [11.8323372, 44.5561886], [11.832085, 44.5560769], [11.8320722, 44.5558436], [11.8319462, 44.5558103], [11.831929, 44.555487], [11.831803, 44.5554537], [11.8317862, 44.555212], [11.8316641, 44.5551871], [11.8316373, 44.5550211], [11.8315296, 44.5550104], [11.8315684, 44.5547584], [11.8305731, 44.5547642], [11.8305143, 44.5548555], [11.8300506, 44.5548706], [11.8300157, 44.5549579], [11.8294378, 44.5549733], [11.8293913, 44.5550634], [11.8289275, 44.5550785], [11.8288926, 44.5551658], [11.8284225, 44.5552753], [11.8283983, 44.5553581], [11.8280496, 44.5553745], [11.8280254, 44.5554574], [11.8273218, 44.5554759], [11.8272752, 44.555566], [11.8268231, 44.5555782], [11.8267765, 44.5556684], [11.8263245, 44.5556806], [11.8262779, 44.5557707], [11.8253155, 44.5558882], [11.8252917, 44.5562005], [11.8254194, 44.5562425], [11.8254457, 44.5567796], [11.8253241, 44.5568746], [11.824854, 44.5569841], [11.8247083, 44.55716], [11.8241188, 44.5571782], [11.8240883, 44.5573554], [11.8234987, 44.5573736], [11.8234638, 44.5574608], [11.8229937, 44.5575703], [11.8228481, 44.5577461], [11.82251, 44.5577581], [11.8224751, 44.5578454], [11.8215953, 44.5578671], [11.8214652, 44.5577803], [11.8214485, 44.5575387], [11.8213264, 44.5575137], [11.821301, 44.5570922], [11.8211789, 44.5570672], [11.8211703, 44.5568878], [11.8212842, 44.5568648], [11.8212876, 44.5567409], [11.8210314, 44.5566207], [11.8210143, 44.5562975], [11.8208883, 44.5562642], [11.8208668, 44.555851], [11.8207408, 44.5558177], [11.8207178, 44.5555684], [11.820602, 44.5555511], [11.8205735, 44.5549668], [11.8204458, 44.5549247], [11.8204243, 44.5545116], [11.8202983, 44.5544783], [11.8202812, 44.554155], [11.8201552, 44.5541217], [11.8201284, 44.5539557], [11.8200207, 44.553945], [11.8199993, 44.5535318], [11.8198733, 44.5534985], [11.8198503, 44.5532492], [11.8197341, 44.5532299], [11.8197242, 44.5529622], [11.8200981, 44.5529532], [11.8202506, 44.5531161], [11.8204598, 44.5531608], [11.820476, 44.5529439], [11.8206726, 44.5529836], [11.8208414, 44.5529146], [11.820843, 44.5526645], [11.8209654, 44.5526617], [11.8212256, 44.5528353], [11.8212566, 44.5530912], [11.8216073, 44.5531201], [11.8216036, 44.552862], [11.8214776, 44.5528287], [11.8214687, 44.5526513], [11.8217172, 44.5526067], [11.8216902, 44.5520496], [11.8215642, 44.5520163], [11.8215597, 44.5519288], [11.8216824, 44.5518873], [11.8216598, 44.5514202], [11.821408, 44.55139], [11.8212228, 44.5512156], [11.820821, 44.5512255], [11.8207744, 44.5513156], [11.8200708, 44.5513341], [11.8200242, 44.5514242], [11.8193207, 44.5514427], [11.8192741, 44.5515328], [11.8190419, 44.5515519], [11.819027, 44.5516289], [11.8188303, 44.5515892], [11.818653, 44.5516746], [11.8186683, 44.551798], [11.8189143, 44.5519022], [11.8189188, 44.5519897], [11.8186789, 44.5520178], [11.8186842, 44.5523215], [11.8189403, 44.5524417], [11.8189705, 44.5530347], [11.8190965, 44.553068], [11.8191194, 44.5533173], [11.8192353, 44.5533346], [11.8192567, 44.5537478], [11.8193827, 44.5537811], [11.8194057, 44.5540304], [11.8196516, 44.5541345], [11.8196603, 44.554314], [11.8194751, 44.5543701], [11.8195575, 44.5545668], [11.8196734, 44.5545841], [11.8198376, 44.5552723], [11.8199596, 44.5552973], [11.8199864, 44.5554633], [11.8200941, 44.555474], [11.8201152, 44.5558056], [11.8202372, 44.5558305], [11.8202416, 44.5559201], [11.820119, 44.5559595], [11.8201286, 44.5561569], [11.8202546, 44.5561902], [11.8202674, 44.5564235], [11.8203934, 44.5564569], [11.820412, 44.5566162], [11.820658, 44.5567204], [11.8206666, 44.5568998], [11.820336, 44.556819], [11.8202894, 44.5569092], [11.8199407, 44.5569256], [11.8199164, 44.5570084], [11.8189153, 44.5571232], [11.8187851, 44.5570363], [11.8187666, 44.556877], [11.8186507, 44.5568596], [11.8186336, 44.5565364], [11.8185076, 44.5565031], [11.8184908, 44.5562614], [11.8183004, 44.5561933], [11.8182536, 44.5564645], [11.8183813, 44.5565066], [11.8183986, 44.5568658], [11.8182734, 44.5568689], [11.8182139, 44.5566914], [11.8172587, 44.5567139], [11.8172265, 44.5566325], [11.8170654, 44.5566289], [11.8170109, 44.5568101], [11.8167643, 44.5569062], [11.8167519, 44.5567544], [11.8166299, 44.5567295], [11.8166131, 44.5564878], [11.8164911, 44.5564628], [11.8163381, 44.5561267], [11.8162222, 44.5561093], [11.8161993, 44.55586], [11.8160834, 44.5558427], [11.8160623, 44.5555111], [11.8159403, 44.5554861], [11.8159273, 44.5552168], [11.8160466, 44.5551858], [11.8160633, 44.5549464], [11.8155874, 44.5549558], [11.8155408, 44.5550459], [11.8151921, 44.5550623], [11.8151679, 44.5551451], [11.81459, 44.5551604], [11.8145434, 44.5552505], [11.8141947, 44.5552669], [11.8141705, 44.5553497], [11.8137067, 44.5553648], [11.8136718, 44.5554521], [11.8130436, 44.5554675], [11.8130392, 44.555378], [11.8133772, 44.5553661], [11.8134122, 44.5552788], [11.81399, 44.5552635], [11.8140366, 44.5551734], [11.814473, 44.5551281], [11.8143871, 44.5549977], [11.8142794, 44.554987], [11.8142609, 44.5548276], [11.814145, 44.5548102], [11.8141264, 44.5546508], [11.8140106, 44.5546335], [11.8139935, 44.5543102], [11.8138675, 44.5542769], [11.8138446, 44.5540276], [11.8137287, 44.5540103], [11.813712, 44.5537686], [11.81359, 44.5537436], [11.8135689, 44.553412], [11.8134469, 44.553387], [11.8134345, 44.5532353], [11.8133124, 44.5532103], [11.8132957, 44.5529686], [11.8131185, 44.5528561], [11.812705, 44.5528688], [11.8126701, 44.5529561], [11.8124379, 44.5529752], [11.8124201, 44.5530524], [11.8122977, 44.5530553], [11.8122426, 44.5529677], [11.811219, 44.5529471], [11.8111654, 44.5530832], [11.8110402, 44.5530862], [11.8110316, 44.5529068], [11.8112369, 44.5529453], [11.811279, 44.5528467], [11.811153, 44.5528134], [11.8111263, 44.5526474], [11.8110186, 44.5526367], [11.811, 44.5524773], [11.8108842, 44.5524599], [11.8108631, 44.5521283], [11.8107411, 44.5521033], [11.8107144, 44.5519373], [11.8106067, 44.5519266], [11.8105809, 44.5514235], [11.8104549, 44.5513902], [11.8104282, 44.5512242], [11.8103205, 44.5512135], [11.8104352, 44.5509858], [11.8103075, 44.5509437], [11.8102857, 44.5504965], [11.8104073, 44.5504015], [11.8106302, 44.5503882], [11.8106545, 44.5503054], [11.8111065, 44.5502932], [11.8111531, 44.5502031], [11.8115018, 44.5501867], [11.811526, 44.5501039], [11.8121038, 44.5500886], [11.8121504, 44.5499985], [11.8122756, 44.5499954], [11.8124057, 44.5500822], [11.8124228, 44.5504054], [11.8125488, 44.5504388], [11.8125702, 44.5508519], [11.8126962, 44.5508853], [11.8127191, 44.5511346], [11.8128349, 44.5511519], [11.812852, 44.5514752], [11.812978, 44.5515085], [11.8129951, 44.5518317], [11.8131211, 44.5518651], [11.8131382, 44.5521883], [11.8132642, 44.5522216], [11.8132809, 44.5524633], [11.8136158, 44.5524794], [11.8136293, 44.5519786], [11.8135032, 44.5519453], [11.8134862, 44.551622], [11.8133601, 44.5515887], [11.813196, 44.5509005], [11.813074, 44.5508755], [11.8130526, 44.5504624], [11.8129266, 44.5504291], [11.8129055, 44.5500975], [11.8127835, 44.5500725], [11.8128329, 44.5498357], [11.8122043, 44.5498169], [11.8121455, 44.5499082], [11.8117688, 44.5499174], [11.8117323, 44.5497461], [11.8113198, 44.5497487], [11.811261, 44.5498399], [11.8106832, 44.5498552], [11.8106366, 44.5499453], [11.8100588, 44.5499606], [11.8100122, 44.5500507], [11.809887, 44.5500538], [11.81, 44.5498174], [11.8097482, 44.5497872], [11.8095881, 44.5491073], [11.8094621, 44.549074], [11.8094407, 44.5486608], [11.8093147, 44.5486275], [11.8092919, 44.5483782], [11.809176, 44.5483609], [11.809155, 44.5480293], [11.809033, 44.5480043], [11.80902, 44.5477349], [11.8092639, 44.5476025], [11.8092344, 44.5469642], [11.8091068, 44.5469222], [11.8090814, 44.5465006], [11.8089594, 44.5464757]], [[11.8136349, 44.5493593], [11.8136461, 44.5496913], [11.8142242, 44.5496762], [11.8142708, 44.5495861], [11.8145217, 44.5495799], [11.8145341, 44.5497317], [11.8146561, 44.5497566], [11.8146772, 44.5500882], [11.8147992, 44.5501132], [11.8148163, 44.5504365], [11.8149423, 44.5504698], [11.8149594, 44.550793], [11.8150854, 44.5508263], [11.8151025, 44.5511496], [11.8152285, 44.5511829], [11.8152456, 44.5515062], [11.8153716, 44.5515395], [11.8153927, 44.5518711], [11.8155579, 44.5519814], [11.8157201, 44.5519799], [11.8158861, 44.5518589], [11.8158797, 44.551653], [11.8157537, 44.5516197], [11.815727, 44.5514537], [11.8156193, 44.5514429], [11.8155935, 44.5509399], [11.8154675, 44.5509065], [11.8154446, 44.5506572], [11.8153287, 44.5506399], [11.8153073, 44.5502267], [11.8151813, 44.5501934], [11.8151646, 44.5499517], [11.8150425, 44.5499268], [11.8150209, 44.5494776], [11.8157317, 44.5493664], [11.8157667, 44.5492791], [11.8162304, 44.5492641], [11.8162653, 44.5491768], [11.8166139, 44.5491604], [11.8166382, 44.5490776], [11.8170149, 44.5490683], [11.8171449, 44.5491551], [11.8171664, 44.5495682], [11.8172924, 44.5496016], [11.8173095, 44.5499248], [11.8174355, 44.5499581], [11.8174526, 44.5502814], [11.8175786, 44.5503147], [11.8176001, 44.5507279], [11.8177261, 44.5507612], [11.817749, 44.5510105], [11.8178648, 44.5510278], [11.8178816, 44.5512695], [11.8180036, 44.5512945], [11.8180512, 44.5514697], [11.8187164, 44.5514559], [11.8187459, 44.5510421], [11.8186199, 44.5510088], [11.8186028, 44.5506855], [11.8184767, 44.5506522], [11.8184596, 44.550329], [11.8183336, 44.5502957], [11.8181694, 44.5496075], [11.8180474, 44.5495825], [11.818026, 44.5491694], [11.8177699, 44.5490492], [11.8177655, 44.5489597], [11.8178869, 44.5488667], [11.8181098, 44.5488534], [11.8181341, 44.5487706], [11.818472, 44.5487586], [11.818507, 44.5486713], [11.8192105, 44.5486529], [11.8192571, 44.5485628], [11.8196057, 44.5485464], [11.8196299, 44.5484635], [11.8203451, 44.5484422], [11.8203801, 44.548355], [11.8206122, 44.5483359], [11.8206272, 44.5482588], [11.8215068, 44.5482371], [11.8215283, 44.5486503], [11.8216543, 44.5486836], [11.8216772, 44.5489329], [11.8217931, 44.5489502], [11.8218189, 44.5494533], [11.8219449, 44.5494866], [11.821962, 44.5498099], [11.8220881, 44.5498432], [11.8221048, 44.5500848], [11.8222268, 44.5501098], [11.8222479, 44.5504414], [11.82237, 44.5504664], [11.8224176, 44.5506416], [11.822957, 44.5506308], [11.8229821, 44.5501272], [11.8228561, 44.5500939], [11.8228332, 44.5498446], [11.8227173, 44.5498272], [11.822557, 44.5491474], [11.822431, 44.5491141], [11.8224143, 44.5488724], [11.8222922, 44.5488475], [11.8222751, 44.5485242], [11.8221491, 44.5484909], [11.8221363, 44.5482576], [11.8220103, 44.5482243], [11.822006, 44.5481347], [11.8222488, 44.5479487], [11.8228265, 44.5479333], [11.8228731, 44.5478432], [11.8233251, 44.547831], [11.8233717, 44.5477409], [11.8237097, 44.5477289], [11.8237446, 44.5476416], [11.8243224, 44.5476262], [11.8243689, 44.5475361], [11.8248326, 44.547521], [11.8248675, 44.5474338], [11.825457, 44.5474155], [11.8254919, 44.5473283], [11.8257315, 44.5473021], [11.8257306, 44.5470883], [11.8254745, 44.5469682], [11.8254477, 44.5468022], [11.8252769, 44.5467933], [11.8252181, 44.5468845], [11.8249952, 44.5468978], [11.8249709, 44.5469807], [11.8243932, 44.5469961], [11.8243466, 44.5470862], [11.823998, 44.5471026], [11.8239737, 44.5471854], [11.8235101, 44.5472005], [11.8234751, 44.5472878], [11.8227716, 44.5473062], [11.8227251, 44.5473964], [11.8224929, 44.5474155], [11.8224779, 44.5474925], [11.8220142, 44.5475076], [11.8219793, 44.5475948], [11.8217472, 44.547614], [11.8217322, 44.547691], [11.8211544, 44.5477063], [11.8211078, 44.5477964], [11.8207592, 44.5478128], [11.820735, 44.5478957], [11.8202829, 44.5479079], [11.8202364, 44.547998], [11.8198984, 44.54801], [11.8198635, 44.5480973], [11.8192857, 44.5481126], [11.8192391, 44.5482027], [11.8188905, 44.5482191], [11.8188662, 44.548302], [11.8184142, 44.5483142], [11.8183676, 44.5484043], [11.8179156, 44.5484165], [11.817869, 44.5485066], [11.817531, 44.5485186], [11.8175091, 44.5488756], [11.817261, 44.5488819], [11.8172458, 44.5487301], [11.8170563, 44.5486169], [11.816896, 44.5486285], [11.8168717, 44.5487113], [11.8165338, 44.5487233], [11.8164989, 44.5488105], [11.815745, 44.5488291], [11.8157192, 44.5483261], [11.8155932, 44.5482927], [11.8155721, 44.5479611], [11.8154501, 44.5479362], [11.8154287, 44.547523], [11.8153027, 44.5474897], [11.8152899, 44.5472563], [11.8151639, 44.547223], [11.8151512, 44.5469897], [11.8150252, 44.5469564], [11.8150066, 44.546797], [11.8148154, 44.5467826], [11.8146549, 44.5468957], [11.8146515, 44.5470196], [11.8147775, 44.5470529], [11.8149416, 44.5477411], [11.8150637, 44.547766], [11.8150851, 44.5481792], [11.8152111, 44.5482125], [11.8152325, 44.5486257], [11.8153585, 44.548659], [11.8153715, 44.5489284], [11.8151593, 44.5489372], [11.8151244, 44.5490245], [11.8147864, 44.5490365], [11.8147515, 44.5491237], [11.8142878, 44.5491388], [11.8142528, 44.549226], [11.8137891, 44.5492411], [11.8136349, 44.5493593]], [[11.820783, 44.5531937], [11.8206259, 44.553089], [11.8206322, 44.5531967], [11.820783, 44.5531937]], [[11.8175239, 44.5546378], [11.8175721, 44.5548083], [11.8177453, 44.5548107], [11.81785, 44.5546633], [11.8175239, 44.5546378]], [[11.8170926, 44.5480396], [11.8173358, 44.5480942], [11.8173365, 44.547926], [11.8171303, 44.5478512], [11.8170926, 44.5480396]], [[11.8166617, 44.5469612], [11.8167893, 44.5470033], [11.816806, 44.5472449], [11.8169281, 44.5472699], [11.8169535, 44.5476914], [11.8171556, 44.547758], [11.817182, 44.5473085], [11.8170543, 44.5472664], [11.8170329, 44.5468532], [11.8169069, 44.5468199], [11.816884, 44.5465706], [11.8166997, 44.5465102], [11.8166617, 44.5469612]], [[11.8123385, 44.5472481], [11.8121488, 44.5473338], [11.812167, 44.547711], [11.812293, 44.5477443], [11.8123101, 44.5480676], [11.8124361, 44.5481009], [11.8126002, 44.5487891], [11.8127223, 44.548814], [11.8127437, 44.5492272], [11.8129018, 44.549342], [11.8130751, 44.5493444], [11.813241, 44.5492234], [11.8132347, 44.5490175], [11.8131087, 44.5489842], [11.8130916, 44.5486609], [11.8129656, 44.5486276], [11.8129485, 44.5483044], [11.8128225, 44.548271], [11.8128055, 44.5479478], [11.8126795, 44.5479145], [11.8126624, 44.5475912], [11.8125364, 44.5475579], [11.8125197, 44.5473162], [11.8123385, 44.5472481]], [[11.8129306, 44.5497124], [11.8128482, 44.5498722], [11.812987, 44.5498842], [11.8130758, 44.5497316], [11.8129306, 44.5497124]]]}}, {"type": "Feature", "properties": {"flooded": true, "source": "satellite", "area_m2": 586352.2}, "geometry": {"type": "Polygon", "coordinates": [[[11.818734, 44.5664001], [11.8185908, 44.566044], [11.8187134, 44.5660045], [11.818686, 44.5654135], [11.8188087, 44.565372], [11.8187946, 44.5650487], [11.8189763, 44.5649134], [11.8188899, 44.5644162], [11.8190125, 44.5643767], [11.8189853, 44.5637836], [11.8191078, 44.5637442], [11.819085, 44.563241], [11.8192043, 44.5632101], [11.8191977, 44.5629682], [11.8193191, 44.5628751], [11.8199087, 44.5628569], [11.8199393, 44.5626798], [11.8205563, 44.5626443], [11.8205595, 44.5624844], [11.820682, 44.5624449], [11.8206722, 44.5622115], [11.8207947, 44.5621721], [11.8207806, 44.5618488], [11.8209031, 44.5618093], [11.8208759, 44.5612162], [11.8209984, 44.5611768], [11.8209799, 44.5607635], [11.8210993, 44.5607326], [11.821097, 44.5605806], [11.8222284, 44.5605526], [11.8222716, 44.5606379], [11.8227358, 44.5606301], [11.822791, 44.5607177], [11.823369, 44.5607045], [11.8234365, 44.5607926], [11.8241279, 44.5607757], [11.8241831, 44.5608633], [11.8246353, 44.5608532], [11.8246905, 44.5609408], [11.8252685, 44.5609275], [11.8253007, 44.561009], [11.8256502, 44.5610081], [11.8256935, 44.5610934], [11.8260319, 44.5610887], [11.826162, 44.5611755], [11.8261794, 44.5615347], [11.8260569, 44.5615742], [11.8260754, 44.5619874], [11.825956, 44.5620184], [11.8259714, 44.5624401], [11.8258481, 44.5624884], [11.8258624, 44.5626853], [11.8260315, 44.562752], [11.8262173, 44.5626911], [11.8262279, 44.5625242], [11.8263504, 44.5624847], [11.8263319, 44.5620715], [11.8264552, 44.5620232], [11.8264228, 44.5613491], [11.8265442, 44.561256], [11.8270467, 44.5612436], [11.8270691, 44.5613197], [11.8273026, 44.5613273], [11.8273459, 44.5614126], [11.8280659, 44.5614884], [11.8281092, 44.5615737], [11.8285734, 44.5615658], [11.8286056, 44.5616473], [11.8288293, 44.5616495], [11.8288615, 44.561731], [11.8290852, 44.5617332], [11.8292153, 44.56182], [11.8292414, 44.5623591], [11.8291181, 44.5624074], [11.8291549, 44.5631715], [11.8290356, 44.5632024], [11.8290466, 44.5635343], [11.8289241, 44.5635737], [11.8289514, 44.5641668], [11.828832, 44.5641977], [11.8288474, 44.5646195], [11.8287249, 44.564659], [11.8287521, 44.565252], [11.8286296, 44.5652915], [11.8286438, 44.5656148], [11.8285224, 44.5657078], [11.8281569, 44.5657371], [11.8281538, 44.565897], [11.8280312, 44.5659365], [11.8280454, 44.5662598], [11.8279229, 44.5662993], [11.8279633, 44.5671621], [11.8278493, 44.5671851], [11.8278506, 44.5674349], [11.827728, 44.5674744], [11.8277729, 44.5684251], [11.8276502, 44.5684666], [11.8276731, 44.5689698], [11.8275479, 44.5689729], [11.8275118, 44.5684538], [11.8268884, 44.568359], [11.8267583, 44.5682722], [11.826731, 44.567933], [11.8263194, 44.5677035], [11.8261032, 44.5677483], [11.826071, 44.5676669], [11.8259099, 44.5676633], [11.8258511, 44.5677545], [11.824974, 44.5677765], [11.824916, 44.5676887], [11.8240189, 44.5676201], [11.8239041, 44.5678435], [11.8239912, 44.5679677], [11.8240993, 44.5679804], [11.8241119, 44.5682477], [11.8239886, 44.568296], [11.8240077, 44.5686644], [11.8241341, 44.5686997], [11.8241424, 44.5688771], [11.8240199, 44.5689166], [11.8240382, 44.5692938], [11.8244245, 44.5695007], [11.8244369, 44.5696525], [11.8246891, 44.5697642], [11.8247159, 44.5699302], [11.8255157, 44.5699236], [11.8255746, 44.5698324], [11.8259514, 44.569823], [11.8261039, 44.5699859], [11.8263374, 44.5699935], [11.8263807, 44.5700788], [11.826712, 44.569984], [11.8267581, 44.5700695], [11.827168, 44.5701076], [11.8273422, 44.5700307], [11.8273312, 44.5696988], [11.8274564, 44.5696957], [11.8274782, 44.5701449], [11.8273568, 44.5702379], [11.8268542, 44.5702504], [11.8268109, 44.5701651], [11.8263467, 44.5701729], [11.8262915, 44.5700853], [11.8249587, 44.5701173], [11.8249035, 44.5700297], [11.8244512, 44.5700398], [11.8244079, 44.5699545], [11.8240694, 44.5699592], [11.824047, 44.5698831], [11.8238135, 44.5698755], [11.8237583, 44.5697879], [11.8228057, 44.5698107], [11.8227477, 44.5697229], [11.8222954, 44.569733], [11.8219918, 44.5694741], [11.8218072, 44.5694828], [11.821783, 44.5695657], [11.8215319, 44.5695719], [11.821468, 44.5693044], [11.8212732, 44.5693362], [11.8212842, 44.569668], [11.8206558, 44.5696836], [11.8206125, 44.5695982], [11.8201483, 44.5696061], [11.8200182, 44.5695193], [11.8200095, 44.5693398], [11.8202503, 44.5692159], [11.820235, 44.5687941], [11.8203564, 44.5687011], [11.8204816, 44.568698], [11.8204289, 44.5688472], [11.820657, 44.569136], [11.8209561, 44.5691353], [11.8210027, 44.5690452], [11.821128, 44.5690421], [11.8213172, 44.5691721], [11.8216074, 44.5691125], [11.8216316, 44.5690297], [11.8219804, 44.5690133], [11.8220003, 44.5688405], [11.8222233, 44.5688272], [11.8223056, 44.568687], [11.8221174, 44.5686572], [11.8220741, 44.5685718], [11.8217357, 44.5685766], [11.8215464, 44.5684466], [11.8213727, 44.5685089], [11.8213578, 44.5685859], [11.821009, 44.5686023], [11.8209847, 44.5686852], [11.8206079, 44.5686945], [11.8204778, 44.5686077], [11.8204424, 44.5682618], [11.8200831, 44.5682573], [11.8200398, 44.568172], [11.8197014, 44.5681767], [11.8196581, 44.5680914], [11.8194455, 44.568093], [11.8192832, 44.5677061], [11.8189249, 44.5677458], [11.8189163, 44.5675664], [11.8191591, 44.5673803], [11.8195359, 44.567371], [11.8195487, 44.5676043], [11.8196971, 44.5677137], [11.819864, 44.5677676], [11.8201822, 44.5677151], [11.8204692, 44.5680547], [11.820684, 44.5680494], [11.8208183, 44.5679415], [11.8208123, 44.5678172], [11.820647, 44.5677069], [11.8204343, 44.5677085], [11.8204129, 44.5672953], [11.8202868, 44.567262], [11.8202601, 44.567096], [11.8201523, 44.5670853], [11.8201337, 44.5669259], [11.8196948, 44.566872], [11.8195185, 44.5670109], [11.8187672, 44.5670297], [11.8187601, 44.56694], [11.8189723, 44.5669312], [11.8190101, 44.5668436], [11.820639, 44.5668034], [11.8206851, 44.5668889], [11.8211493, 44.566881], [11.8212045, 44.5669686], [11.8216568, 44.5669585], [11.821712, 44.5670461], [11.8225136, 44.5670195], [11.8225335, 44.5668468], [11.822656, 44.5668073], [11.8226375, 44.5663941], [11.82276, 44.5663546], [11.8227372, 44.5658515], [11.8228565, 44.5658205], [11.8228455, 44.5654887], [11.822952, 44.5654727], [11.8229626, 44.5653057], [11.823082, 44.5652748], [11.8230518, 44.5651309], [11.8226226, 44.5650448], [11.8225804, 44.5652248], [11.822461, 44.5652557], [11.8224852, 44.5658553], [11.8223625, 44.5658968], [11.8223854, 44.5663999], [11.822266, 44.5664309], [11.8222726, 44.5666728], [11.8221512, 44.5667658], [11.8210154, 44.5667039], [11.8209602, 44.5666163], [11.8202564, 44.5666326], [11.8202131, 44.5665473], [11.8196231, 44.5665582], [11.8195679, 44.5664706], [11.8189899, 44.5664838], [11.8189466, 44.5663985], [11.818734, 44.5664001]], [[11.8233478, 44.5654398], [11.8236473, 44.5656453], [11.824363, 44.5656312], [11.8245364, 44.5658033], [11.824938, 44.5657968], [11.8252322, 44.5655895], [11.8252952, 44.5653785], [11.8251757, 44.5652516], [11.8245977, 44.5652649], [11.8245425, 44.5651773], [11.8238387, 44.5651937], [11.8237835, 44.5651061], [11.8233816, 44.565116], [11.8233478, 44.5654398]], [[11.8227807, 44.5685544], [11.8226264, 44.5686726], [11.8226478, 44.5688553], [11.8229872, 44.5688027], [11.8230621, 44.5686746], [11.8229755, 44.5685593], [11.8227807, 44.5685544]]]}}, {"type": "Feature", "properties": {"flooded": true, "source": "satellite", "area_m2": 51363.3}, "geometry": {"type": "Polygon", "coordinates": [[[11.8220453, 44.5150943], [11.822041, 44.5150048], [11.8221661, 44.5150017], [11.8224615, 44.5152139], [11.8227458, 44.5152121], [11.8227863, 44.5148063], [11.8229114, 44.5148032], [11.8230884, 44.5149317], [11.8234156, 44.5148805], [11.8234736, 44.5149683], [11.8238974, 44.514951], [11.8239086, 44.5145985], [11.824159, 44.5146006], [11.8241472, 44.5143585], [11.8240212, 44.5143252], [11.8240169, 44.5142357], [11.824142, 44.5142326], [11.8241972, 44.5143202], [11.8243918, 44.5142884], [11.8242594, 44.5140516], [11.8244443, 44.5140105], [11.8243678, 44.5136868], [11.8247099, 44.5137648], [11.8247405, 44.5135876], [11.8249526, 44.5135787], [11.8249875, 44.5134915], [11.8256196, 44.5135658], [11.8257496, 44.5136526], [11.8257682, 44.513812], [11.826014, 44.5139162], [11.8261669, 44.5142523], [11.8264084, 44.5142665], [11.8262957, 44.514539], [11.8260531, 44.514725], [11.8255897, 44.5147401], [11.8253196, 44.5149434], [11.8253246, 44.5151656], [11.8254465, 44.5151906], [11.8254684, 44.5156377], [11.8253469, 44.5157328], [11.8248951, 44.515745], [11.8248486, 44.5158351], [11.8245108, 44.5158471], [11.8244759, 44.5159344], [11.8242439, 44.5159535], [11.8242289, 44.5160305], [11.8239028, 44.5160397], [11.8238563, 44.5161298], [11.8235078, 44.5161462], [11.8234836, 44.516229], [11.8231458, 44.516241], [11.8231109, 44.5163283], [11.8227345, 44.5163376], [11.8226044, 44.5162508], [11.8225859, 44.5160914], [11.8224701, 44.516074], [11.8224515, 44.5159147], [11.8222057, 44.5158105], [11.8222526, 44.51549], [11.8221712, 44.5151276], [11.8220453, 44.5150943]]]}}, {"type": "Feature", "properties": {"flooded": true, "source": "satellite", "area_m2": 44088.4}, "geometry": {"type": "Polygon", "coordinates": [[[11.8237916, 44.5434089], [11.8237742, 44.5430496], [11.8239864, 44.5430407], [11.8240213, 44.5429535], [11.8246107, 44.5429353], [11.824767, 44.542755], [11.8251393, 44.5426557], [11.8252693, 44.5427425], [11.8252923, 44.5429918], [11.8255339, 44.5430061], [11.8254914, 44.5434164], [11.825578, 44.5435317], [11.8257409, 44.54363], [11.8264057, 44.543611], [11.8265631, 44.5434843], [11.8265492, 44.543197], [11.8262931, 44.5430769], [11.8261543, 44.5428107], [11.8262607, 44.5427946], [11.8262714, 44.5426277], [11.8263907, 44.5425968], [11.826384, 44.5423548], [11.8266268, 44.5421688], [11.8268777, 44.5421626], [11.8268305, 44.5424808], [11.8270208, 44.5425191], [11.8270423, 44.5429323], [11.8271687, 44.5429676], [11.8271942, 44.5434687], [11.8273202, 44.543502], [11.827337, 44.5437436], [11.827459, 44.5437686], [11.8275978, 44.5440348], [11.827355, 44.5442209], [11.8266516, 44.5442394], [11.826605, 44.5443295], [11.8263541, 44.5443357], [11.8262989, 44.5442481], [11.8257714, 44.5442612], [11.8256035, 44.5444443], [11.8253714, 44.5444635], [11.825235, 44.5446335], [11.8246573, 44.5446489], [11.8246107, 44.544739], [11.8244855, 44.5447421], [11.8244669, 44.5445827], [11.8242253, 44.5445685], [11.8240625, 44.544356], [11.8238394, 44.544398], [11.8238351, 44.5443085], [11.8240775, 44.5443266], [11.8240754, 44.5440773], [11.8239478, 44.5440352], [11.8239192, 44.5434509], [11.8237916, 44.5434089]]]}}, {"type": "Feature", "properties": {"flooded": true, "source": "satellite", "area_m2": 27491.8}, "geometry": {"type": "Polygon", "coordinates": [[[11.8220233, 44.5771218], [11.8220189, 44.5770322], [11.8221987, 44.5769056], [11.8221228, 44.5765816], [11.8222455, 44.5765401], [11.8222314, 44.5762168], [11.8226054, 44.5762073], [11.8226757, 44.5762956], [11.824248, 44.5762569], [11.8243032, 44.5763445], [11.8247555, 44.5763344], [11.8247988, 44.5764197], [11.8251373, 44.5764149], [11.8251695, 44.5764964], [11.8253933, 44.5764986], [11.8254157, 44.5765747], [11.8256492, 44.5765823], [11.8257044, 44.5766699], [11.826916, 44.576731], [11.8269712, 44.5768186], [11.8275493, 44.5768053], [11.827684, 44.5769796], [11.8240389, 44.5770721], [11.8239928, 44.5769866], [11.823717, 44.57699], [11.8236582, 44.5770813], [11.8227027, 44.577106], [11.8226561, 44.5771961], [11.8225337, 44.5771994], [11.8224756, 44.5771116], [11.8220233, 44.5771218]]]}}, {"type": "Feature", "properties": {"flooded": true, "source": "satellite", "area_m2": 25447.3}, "geometry": {"type": "Polygon", "coordinates": [[[11.8213123, 44.5077303], [11.8213079, 44.5076408], [11.8214304, 44.5076014], [11.8214162, 44.507278], [11.8215375, 44.507185], [11.8217695, 44.5071659], [11.8221484, 44.5068098], [11.8223992, 44.5068036], [11.8224424, 44.5068889], [11.8227805, 44.5068842], [11.82284, 44.5070617], [11.8233671, 44.5070487], [11.8234136, 44.5069586], [11.8235359, 44.5069553], [11.823582, 44.5070408], [11.8237944, 44.5070392], [11.8239244, 44.507126], [11.8239473, 44.5073753], [11.8241931, 44.5074794], [11.8242148, 44.5079286], [11.8239951, 44.5078946], [11.8237209, 44.5081209], [11.8230217, 44.5080936], [11.8226409, 44.5081487], [11.822473, 44.5083318], [11.8222222, 44.508338], [11.8222136, 44.5081586], [11.822562, 44.5081422], [11.8227468, 44.5078875], [11.8224905, 44.5078849], [11.8224556, 44.5079721], [11.8222236, 44.5079913], [11.821966, 44.5082543], [11.8217153, 44.5082605], [11.8215853, 44.5081737], [11.8215642, 44.5078421], [11.8213123, 44.5077303]], [[11.8230972, 44.5074654], [11.8230191, 44.5076695], [11.8231579, 44.5076815], [11.8232447, 44.5075265], [11.8230972, 44.5074654]]]}}, {"type": "Feature", "properties": {"flooded": true, "source": "satellite", "area_m2": 7307.6}, "geometry": {"type": "Polygon", "coordinates": [[[11.8244822, 44.5732799], [11.8244735, 44.5731005], [11.8256051, 44.5730725], [11.8258976, 44.5733275], [11.8263773, 44.5734134], [11.8264206, 44.5735431], [11.8270078, 44.5734877], [11.8270539, 44.5735731], [11.8273923, 44.5735683], [11.827401, 44.5737478], [11.8272796, 44.5738408], [11.8269028, 44.5738502], [11.8268903, 44.5736984], [11.8267458, 44.5735973], [11.8264408, 44.5735469], [11.8262666, 44.5736238], [11.8262732, 44.5738657], [11.826148, 44.5738688], [11.8260928, 44.5737813], [11.8250115, 44.573807], [11.8250071, 44.5737174], [11.8252301, 44.5737041], [11.8254898, 44.5735052], [11.8254848, 44.5732831], [11.8252952, 44.57317], [11.8247798, 44.5731836], [11.8247332, 44.5732737], [11.8244822, 44.5732799]]]}}, {"type": "Feature", "properties": {"flooded": true, "source": "satellite", "area_m2": 2049537.2}, "geometry": {"type": "Polygon", "coordinates": [[[11.7859613, 44.5393873], [11.7859485, 44.5391179], [11.7860678, 44.539087], [11.7860613, 44.5388451], [11.7863676, 44.5387131], [11.7862857, 44.5384993], [11.7861699, 44.538482], [11.7861613, 44.5383025], [11.7870337, 44.538191], [11.7871751, 44.5384574], [11.7870558, 44.5384883], [11.787058, 44.5386403], [11.7867001, 44.5386625], [11.7866875, 44.5387846], [11.7868151, 44.5388267], [11.7868336, 44.5389861], [11.7869494, 44.5390035], [11.7871233, 44.539616], [11.787432, 44.5396208], [11.7875851, 44.5395147], [11.7877129, 44.5391649], [11.7878323, 44.539134], [11.7878301, 44.538982], [11.788081, 44.5389758], [11.7882431, 44.5391441], [11.7884511, 44.5391777], [11.7884531, 44.5390766], [11.7883372, 44.5390592], [11.7883163, 44.5387276], [11.7881943, 44.5387026], [11.7881677, 44.5385366], [11.78793, 44.538439], [11.7879171, 44.5381696], [11.7884152, 44.5380674], [11.7885452, 44.5381543], [11.7885729, 44.5383645], [11.7887772, 44.5383209], [11.7887972, 44.5381481], [11.7889197, 44.5381087], [11.78891, 44.5378753], [11.7891379, 44.5377663], [11.7892067, 44.537624], [11.7889358, 44.5376078], [11.7889009, 44.5376951], [11.7886688, 44.5377141], [11.7886537, 44.5377911], [11.7882771, 44.5378003], [11.788222, 44.5377127], [11.7877068, 44.5377244], [11.7876479, 44.5378157], [11.7873971, 44.5378218], [11.787267, 44.537735], [11.7872485, 44.5375756], [11.7871327, 44.5375582], [11.7871242, 44.5373788], [11.787347, 44.5373655], [11.7874927, 44.5371897], [11.7879521, 44.5370848], [11.787987, 44.5369976], [11.7881992, 44.5369888], [11.7882342, 44.5369015], [11.7884464, 44.5368927], [11.7884813, 44.5368055], [11.7886935, 44.5367967], [11.7887285, 44.5367094], [11.7890664, 44.5366975], [11.7891013, 44.5366103], [11.7895713, 44.536501], [11.7895956, 44.5364181], [11.7902237, 44.5364028], [11.7902788, 44.5364904], [11.7907308, 44.5364804], [11.790774, 44.5365658], [11.7909869, 44.5365662], [11.7909908, 44.5366537], [11.7907469, 44.5367861], [11.7907736, 44.5373432], [11.7910253, 44.5373735], [11.7910804, 44.5374611], [11.7913787, 44.5374471], [11.7917672, 44.5370852], [11.7919993, 44.5370662], [11.7920101, 44.5368992], [11.7923593, 44.5366973], [11.79237, 44.5365303], [11.7927354, 44.5363049], [11.7927216, 44.5360176], [11.7925956, 44.5359843], [11.7925744, 44.5355711], [11.7924484, 44.5355377], [11.7924272, 44.5351246], [11.7923012, 44.5350912], [11.7922926, 44.5349118], [11.7924065, 44.5348888], [11.7925268, 44.534546], [11.7926462, 44.534515], [11.7926397, 44.5342731], [11.7932467, 44.5338081], [11.7943819, 44.5338704], [11.794544, 44.5340387], [11.7950234, 44.5341247], [11.7954456, 44.5344667], [11.7956691, 44.534469], [11.7961024, 44.5348149], [11.7970066, 44.5347962], [11.7970655, 44.5347049], [11.7975678, 44.5346926], [11.7976978, 44.5347794], [11.7977163, 44.5349388], [11.7978321, 44.5349562], [11.7978507, 44.5351156], [11.7979665, 44.5351329], [11.797985, 44.5352923], [11.7981008, 44.5353097], [11.7981193, 44.5354691], [11.7982351, 44.5354864], [11.798258, 44.5357357], [11.7985038, 44.5358399], [11.7985223, 44.5359993], [11.7988114, 44.5361889], [11.7991109, 44.5361815], [11.7991459, 44.5360943], [11.7997711, 44.5360787], [11.7998061, 44.5361603], [11.8000296, 44.5361626], [11.8000848, 44.5362502], [11.8013665, 44.5362188], [11.8014131, 44.5361287], [11.8020024, 44.5361106], [11.8020374, 44.5360233], [11.8022495, 44.5360145], [11.8022845, 44.5359272], [11.8027544, 44.5358179], [11.8027787, 44.535735], [11.8031273, 44.5357187], [11.8032729, 44.5355428], [11.8035992, 44.5355338], [11.8036458, 44.5354437], [11.8038779, 44.5354246], [11.8038929, 44.5353476], [11.8041409, 44.5353413], [11.8042781, 44.5355178], [11.804046, 44.5355368], [11.804039, 44.5356761], [11.804161, 44.5357011], [11.8041737, 44.5359344], [11.8042997, 44.5359677], [11.8043182, 44.5361271], [11.8045317, 44.5361343], [11.8046753, 44.5360206], [11.8046733, 44.5359046], [11.8045473, 44.5358712], [11.8045131, 44.5351883], [11.8043871, 44.535155], [11.8043642, 44.5349057], [11.8042484, 44.5348883], [11.8042353, 44.534621], [11.8043493, 44.534596], [11.8043525, 44.534436], [11.8044589, 44.53442], [11.8044721, 44.5343344], [11.8042225, 44.5343488], [11.8040925, 44.534262], [11.8040882, 44.5341724], [11.8043234, 44.5340564], [11.8043118, 44.5339557], [11.8038281, 44.5339984], [11.8038193, 44.533821], [11.8042974, 44.5338437], [11.8043094, 44.5335368], [11.8044907, 44.5335059], [11.8044141, 44.5332018], [11.8042921, 44.5331768], [11.8042746, 44.5328195], [11.8045155, 44.5326936], [11.8045003, 44.5322718], [11.8047555, 44.5323556], [11.8047865, 44.5326115], [11.8050011, 44.5326062], [11.8050077, 44.5323854], [11.8048817, 44.5323521], [11.8048602, 44.5319029], [11.8050867, 44.5319337], [11.8050986, 44.5316269], [11.8054365, 44.531615], [11.8054714, 44.5315277], [11.805848, 44.5315185], [11.8060102, 44.5316868], [11.8062337, 44.531689], [11.8062932, 44.5318666], [11.8071176, 44.5317656], [11.8070962, 44.5316808], [11.8069885, 44.5316701], [11.8069632, 44.5312486], [11.806809, 44.5311421], [11.8063844, 44.5311459], [11.8063378, 44.531236], [11.8062127, 44.531239], [11.8060505, 44.5310708], [11.8058269, 44.5310685], [11.8057959, 44.5308125], [11.8055061, 44.5307619], [11.8054492, 44.5310778], [11.8051984, 44.5310839], [11.805186, 44.5309322], [11.805064, 44.5309072], [11.8050425, 44.530458], [11.8051676, 44.5304549], [11.8051862, 44.5306143], [11.8055003, 44.5307616], [11.8055496, 44.5305355], [11.8058, 44.5305377], [11.8057786, 44.5304529], [11.805671, 44.5304421], [11.8056537, 44.5300829], [11.8059046, 44.5300767], [11.80633, 44.5303758], [11.806546, 44.530331], [11.8065631, 44.5306542], [11.8066894, 44.5306896], [11.8066933, 44.5307771], [11.8065709, 44.5308165], [11.8065905, 44.5310299], [11.8070834, 44.531038], [11.8070958, 44.5311897], [11.8072178, 44.5312147], [11.8073707, 44.5315509], [11.8076165, 44.531655], [11.8076432, 44.531821], [11.8078523, 44.5318657], [11.8078604, 44.5315866], [11.8077384, 44.5315616], [11.8077117, 44.5313956], [11.8076041, 44.5313849], [11.807578, 44.5308478], [11.8078209, 44.5306597], [11.8079461, 44.5306566], [11.8080012, 44.5307443], [11.8082771, 44.5307375], [11.8083237, 44.5306474], [11.8087873, 44.5306323], [11.8088222, 44.5305451], [11.8094046, 44.5305743], [11.8094464, 44.5304397], [11.8095688, 44.5304365], [11.809854, 44.5306863], [11.810037, 44.5306941], [11.8100793, 44.5305141], [11.8102914, 44.5305053], [11.8104456, 44.5303871], [11.8104335, 44.5302551], [11.8103177, 44.5302378], [11.8103484, 44.5299796], [11.810179, 44.5299711], [11.8101243, 44.5298389], [11.8095462, 44.5298967], [11.8094161, 44.5298099], [11.8093994, 44.5295682], [11.8092774, 44.5295432], [11.8093859, 44.5291808], [11.809511, 44.5291777], [11.8096732, 44.529346], [11.8098933, 44.5293649], [11.8098849, 44.5291961], [11.8097629, 44.5291711], [11.8097498, 44.5289038], [11.8099352, 44.5288457], [11.8098546, 44.5285667], [11.8097327, 44.5285417], [11.8097152, 44.5281845], [11.8098377, 44.5281792], [11.809877, 44.5283507], [11.8101597, 44.5283961], [11.8104777, 44.5283437], [11.8105209, 44.528429], [11.8107334, 44.5284274], [11.8107929, 44.528605], [11.8112125, 44.5284979], [11.8112367, 44.528415], [11.8121161, 44.5283934], [11.8121346, 44.5285528], [11.8123805, 44.5286569], [11.8124064, 44.529196], [11.8120759, 44.5291152], [11.8120293, 44.5292053], [11.8117973, 44.5292244], [11.8117823, 44.5293015], [11.8114057, 44.5293107], [11.8112435, 44.5291425], [11.81102, 44.5291402], [11.8109534, 44.529007], [11.810783, 44.5290694], [11.810768, 44.5291464], [11.8105558, 44.5291552], [11.810538, 44.5295661], [11.810794, 44.5296863], [11.8107508, 44.5298483], [11.8109283, 44.529863], [11.8111135, 44.5300375], [11.8114355, 44.5299406], [11.8116207, 44.530115], [11.8118774, 44.5300833], [11.8118088, 44.5298413], [11.811934, 44.5298383], [11.8119353, 44.5301073], [11.8121597, 44.5300992], [11.8121946, 44.5300119], [11.8126968, 44.5299995], [11.8128269, 44.5300863], [11.8128454, 44.5302457], [11.8129612, 44.5302631], [11.8129798, 44.5304225], [11.8130956, 44.5304398], [11.8131123, 44.5306815], [11.8132665, 44.5307879], [11.8134358, 44.5308361], [11.8139885, 44.5306879], [11.8139928, 44.5307774], [11.8138715, 44.5308704], [11.8136486, 44.5308837], [11.8135645, 44.5310176], [11.8137588, 44.5311437], [11.813786, 44.5314829], [11.8140319, 44.531587], [11.8140489, 44.5319103], [11.8141749, 44.5319436], [11.8141935, 44.532103], [11.8146907, 44.532201], [11.814695, 44.5322905], [11.8145102, 44.5323296], [11.8146328, 44.532427], [11.8148063, 44.5323648], [11.8148213, 44.5322878], [11.8153236, 44.5322754], [11.8153787, 44.532363], [11.8160196, 44.532348], [11.8160784, 44.5322568], [11.8163292, 44.5322506], [11.816476, 44.5325791], [11.816598, 44.532604], [11.8166147, 44.5328457], [11.8167367, 44.5328707], [11.8168897, 44.5332068], [11.8170055, 44.5332242], [11.817161, 44.5337325], [11.8174814, 44.5338873], [11.8175308, 44.5336973], [11.8174049, 44.533664], [11.8173962, 44.5334846], [11.8176358, 44.5334585], [11.8176365, 44.5332534], [11.8175089, 44.5332113], [11.8175644, 44.5330707], [11.8174878, 44.5328797], [11.8173658, 44.5328548], [11.8173391, 44.5326888], [11.8172314, 44.532678], [11.8172097, 44.5322288], [11.8173349, 44.5322258], [11.8174904, 44.5327341], [11.8177381, 44.5327559], [11.8176266, 44.5329553], [11.8178724, 44.5329327], [11.8178848, 44.5330844], [11.8180068, 44.5331094], [11.8180236, 44.5333511], [11.8181456, 44.5333761], [11.8181723, 44.5335421], [11.81841, 44.5336396], [11.8184286, 44.533799], [11.8185448, 44.5338183], [11.8185531, 44.5339958], [11.8183774, 44.5340192], [11.818436, 44.5341787], [11.8183147, 44.5342717], [11.8179803, 44.5342371], [11.8178237, 44.5343041], [11.8178205, 44.534464], [11.8173686, 44.5344762], [11.817322, 44.5345663], [11.8170738, 44.5346089], [11.8170873, 44.5348146], [11.8172093, 44.5348396], [11.817236, 44.5350056], [11.8173437, 44.5350163], [11.8173604, 44.535258], [11.8176125, 44.5353698], [11.8176296, 44.535693], [11.8177555, 44.5357263], [11.8177823, 44.5358923], [11.8178899, 44.5359031], [11.8179067, 44.5361447], [11.8180287, 44.5361697], [11.8180554, 44.5363357], [11.8181631, 44.5363464], [11.8181798, 44.5365881], [11.8183018, 44.5366131], [11.8183285, 44.5367791], [11.8184362, 44.5367898], [11.8184449, 44.5369693], [11.818107, 44.5369812], [11.818014, 44.5371258], [11.8184032, 44.5371497], [11.8184498, 44.5370596], [11.8187983, 44.5370432], [11.8188226, 44.5369603], [11.819526, 44.5369419], [11.8195725, 44.5368518], [11.8196977, 44.5368487], [11.8197064, 44.5370281], [11.819003, 44.5370466], [11.8189564, 44.5371367], [11.8186185, 44.5371486], [11.8185836, 44.5372359], [11.8183988, 44.537275], [11.8184988, 44.5375007], [11.8186768, 44.5375476], [11.8187186, 44.537413], [11.8188437, 44.5374099], [11.8188561, 44.5375617], [11.8189781, 44.5375867], [11.8190016, 44.5377069], [11.8192339, 44.5376704], [11.8192426, 44.5378498], [11.8190373, 44.5378113], [11.8189955, 44.5379459], [11.8187451, 44.5379438], [11.8187608, 44.5381942], [11.8188828, 44.5382192], [11.8189095, 44.5383852], [11.8190172, 44.5383959], [11.819047, 44.5389073], [11.8192281, 44.5389755], [11.8194204, 44.5389261], [11.819439, 44.5390855], [11.819635, 44.5391444], [11.8197323, 44.5388688], [11.8195293, 44.5385633], [11.8196545, 44.5385602], [11.8199146, 44.5387338], [11.8199233, 44.5389133], [11.8198008, 44.5389527], [11.819815, 44.5392761], [11.8195668, 44.5393186], [11.8195821, 44.5394421], [11.8197544, 44.5395024], [11.8198227, 44.5393661], [11.819945, 44.5393633], [11.8201303, 44.5395377], [11.8206577, 44.5395246], [11.8207043, 44.5394345], [11.8210422, 44.5394225], [11.8211964, 44.5393044], [11.8211941, 44.5391523], [11.821682, 44.5392169], [11.8218163, 44.539109], [11.8218125, 44.5388668], [11.8219349, 44.538864], [11.8219567, 44.5393111], [11.8213789, 44.5393285], [11.8212109, 44.5395116], [11.8208624, 44.539528], [11.8208511, 44.5398806], [11.8202735, 44.539896], [11.8202241, 44.5399863], [11.8197701, 44.5399538], [11.8197283, 44.5400884], [11.8187778, 44.540203], [11.8187312, 44.5402931], [11.8184991, 44.5403122], [11.8184841, 44.5403892], [11.8177807, 44.5404077], [11.8177341, 44.5404978], [11.8173855, 44.5405142], [11.8173613, 44.540597], [11.8167836, 44.5406123], [11.816737, 44.5407024], [11.8162733, 44.5407175], [11.8162384, 44.5408048], [11.8158898, 44.5408212], [11.8158656, 44.540904], [11.8152879, 44.5409193], [11.8152413, 44.5410094], [11.8148927, 44.5410258], [11.8148685, 44.5411086], [11.8141689, 44.5410813], [11.8136505, 44.5411423], [11.8136155, 44.5412296], [11.8131636, 44.5412418], [11.813117, 44.5413319], [11.812665, 44.5413441], [11.812497, 44.5415272], [11.8121391, 44.5415494], [11.8121328, 44.5418063], [11.8116847, 44.5417727], [11.8111779, 44.5418308], [11.8111313, 44.541921], [11.8107827, 44.5419373], [11.8107585, 44.5420202], [11.8103065, 44.5420324], [11.8102599, 44.5421225], [11.8099219, 44.5421344], [11.809887, 44.5422217], [11.8097618, 44.5422248], [11.8095848, 44.5420962], [11.8092933, 44.5421499], [11.8092843, 44.5427767], [11.8091592, 44.5427797], [11.8091238, 44.5424339], [11.8088034, 44.542432], [11.8087684, 44.5425193], [11.8085363, 44.5425384], [11.8085213, 44.5426154], [11.8081634, 44.5426376], [11.8081528, 44.5428045], [11.8080303, 44.5428439], [11.80804, 44.5430774], [11.8079186, 44.5431704], [11.8077934, 44.5431734], [11.8077721, 44.5427603], [11.807516, 44.5426401], [11.8074795, 44.5424688], [11.8072946, 44.5424691], [11.8072597, 44.5425564], [11.8067853, 44.5425759], [11.8066386, 44.5426981], [11.8066567, 44.5430754], [11.8067827, 44.5431087], [11.8067997, 44.5434319], [11.8069257, 44.5434653], [11.8069428, 44.5437885], [11.8070688, 44.5438218], [11.8070858, 44.5441451], [11.8072118, 44.5441784], [11.8073759, 44.5448666], [11.8074979, 44.5448916], [11.8075246, 44.5450576], [11.8077627, 44.5451572], [11.8077709, 44.5453346], [11.807433, 44.5453465], [11.8072756, 44.5454732], [11.807298, 44.5459404], [11.807424, 44.5459737], [11.8074411, 44.5462969], [11.8075671, 44.5463303], [11.8075838, 44.546572], [11.8077058, 44.5465969], [11.8077449, 44.5474038], [11.8075126, 44.5474249], [11.8073848, 44.5477748], [11.8072624, 44.547778], [11.8072164, 44.5476925], [11.806878, 44.5476972], [11.8066889, 44.5475672], [11.8063708, 44.5476196], [11.8063156, 44.547532], [11.8057881, 44.547545], [11.8057415, 44.5476351], [11.8056163, 44.5476382], [11.8055896, 44.5474722], [11.8053562, 44.5474645], [11.804966, 44.5472041], [11.8049447, 44.5467909], [11.8048183, 44.5467556], [11.8048671, 44.5465184], [11.8045456, 44.5463141], [11.8045283, 44.5459549], [11.8047405, 44.545946], [11.8047755, 44.5458588], [11.8051333, 44.5458366], [11.8051397, 44.5455797], [11.8052461, 44.5455637], [11.805321, 44.5454356], [11.8052358, 44.5450648], [11.8051138, 44.5450398], [11.8050971, 44.5447982], [11.8049751, 44.5447732], [11.8049537, 44.54436], [11.8048277, 44.5443267], [11.8048049, 44.5440774], [11.804689, 44.54406], [11.804672, 44.5437368], [11.804546, 44.5437034], [11.804529, 44.5433802], [11.804403, 44.5433468], [11.8043763, 44.5431808], [11.8040359, 44.5431892], [11.8040277, 44.5434013], [11.8041553, 44.5434433], [11.8041723, 44.5437666], [11.8042983, 44.5437999], [11.804315, 44.5440416], [11.804437, 44.5440666], [11.8046146, 44.5451421], [11.8044894, 44.5451452], [11.8043161, 44.544973], [11.8039778, 44.5449777], [11.8039227, 44.5448901], [11.8034706, 44.5449002], [11.8034482, 44.5448241], [11.8032148, 44.5448164], [11.8031715, 44.5447311], [11.802959, 44.5447327], [11.8027968, 44.5445644], [11.8025731, 44.5445621], [11.8025608, 44.5444103], [11.8024388, 44.5443854], [11.8024221, 44.5441437], [11.8023001, 44.5441187], [11.8022568, 44.543989], [11.8019186, 44.544038], [11.8018634, 44.5439504], [11.8009112, 44.5439729], [11.8008651, 44.5438875], [11.8005265, 44.5438901], [11.8005226, 44.5438026], [11.8009926, 44.5436933], [11.8011383, 44.5435174], [11.8016083, 44.5434081], [11.801754, 44.5432322], [11.8021306, 44.543223], [11.8021628, 44.5433045], [11.802336, 44.5433069], [11.8026255, 44.5430308], [11.8034547, 44.5430094], [11.8035041, 44.542919], [11.8042008, 44.5429467], [11.8043771, 44.5428077], [11.8047034, 44.5427986], [11.80475, 44.5427085], [11.8049728, 44.5426953], [11.8049971, 44.5426124], [11.8055709, 44.5426429], [11.8060777, 44.5425848], [11.8062458, 44.5424017], [11.8067094, 44.5423867], [11.8068658, 44.5422064], [11.807078, 44.5421975], [11.8072268, 44.5420873], [11.8072262, 44.541955], [11.8071042, 44.5419301], [11.8070832, 44.5415985], [11.8069612, 44.5415735], [11.8069398, 44.5411603], [11.8068139, 44.541127], [11.8067968, 44.5408037], [11.8066708, 44.5407704], [11.8066495, 44.5403572], [11.8065235, 44.5403239], [11.8063595, 44.5396357], [11.8062375, 44.5396107], [11.8062913, 44.5394639], [11.8061031, 44.539434], [11.8060945, 44.5392545], [11.8062083, 44.5392315], [11.8062118, 44.5391076], [11.8059558, 44.5389875], [11.8059348, 44.5386559], [11.8058127, 44.5386309], [11.8058004, 44.5384791], [11.8056462, 44.5383727], [11.8054682, 44.5383258], [11.8054261, 44.5384243], [11.8055521, 44.5384577], [11.8055731, 44.5387893], [11.8056951, 44.5388142], [11.8056586, 44.5393207], [11.8058468, 44.5393507], [11.8058511, 44.5394402], [11.8053991, 44.5394524], [11.8053497, 44.5395427], [11.804473, 44.5395641], [11.8045162, 44.539402], [11.8042086, 44.5393005], [11.8041829, 44.5387974], [11.804057, 44.5387641], [11.804036, 44.5384325], [11.803914, 44.5384075], [11.8038843, 44.5378961], [11.8037623, 44.5378711], [11.8037356, 44.5377051], [11.8035445, 44.5376535], [11.80332, 44.5378327], [11.803406, 44.5382939], [11.8035319, 44.5383273], [11.8035529, 44.5386588], [11.8036749, 44.5386838], [11.8037003, 44.5391054], [11.8038223, 44.5391303], [11.8038489, 44.5392964], [11.8039566, 44.5393071], [11.8039652, 44.5394865], [11.8037832, 44.5395509], [11.803903, 44.5396231], [11.8040953, 44.5395738], [11.8040996, 44.5396633], [11.803891, 44.5396255], [11.8037267, 44.5397625], [11.8032748, 44.5397746], [11.8032282, 44.5398647], [11.8028796, 44.5398811], [11.8028553, 44.5399639], [11.8020262, 44.5399853], [11.8019796, 44.5400754], [11.8013902, 44.5400935], [11.8013552, 44.5401808], [11.8006518, 44.5401991], [11.8006052, 44.5402892], [11.7992299, 44.5404132], [11.7991719, 44.5403255], [11.7985941, 44.5403386], [11.7985728, 44.5399254], [11.7984469, 44.5398921], [11.7984302, 44.5396504], [11.7983082, 44.5396254], [11.7982717, 44.539454], [11.7979728, 44.5394546], [11.7978068, 44.5395756], [11.7978158, 44.5398627], [11.7979438, 44.5399068], [11.7979111, 44.5405012], [11.7980993, 44.5405311], [11.7981036, 44.5406207], [11.7978527, 44.5406268], [11.7978959, 44.5404648], [11.797643, 44.540453], [11.7976005, 44.540597], [11.7977264, 44.5406303], [11.7977307, 44.5407198], [11.7974798, 44.540726], [11.7974323, 44.5405507], [11.7970819, 44.5405567], [11.7971021, 44.5407352], [11.7968583, 44.5408314], [11.7969083, 44.5406821], [11.7967169, 44.5405646], [11.7966999, 44.5402414], [11.7965739, 44.540208], [11.7965526, 44.5397949], [11.7964266, 44.5397615], [11.7964054, 44.5393484], [11.7962794, 44.539315], [11.7962584, 44.5389834], [11.7961364, 44.5389584], [11.7961112, 44.5385369], [11.7959892, 44.5385119], [11.7959527, 44.5383405], [11.7956538, 44.5383411], [11.795637, 44.5390246], [11.795763, 44.539058], [11.7957886, 44.5395611], [11.7959146, 44.5395944], [11.7959316, 44.5399177], [11.7960575, 44.539951], [11.7960788, 44.5403642], [11.7962048, 44.5403975], [11.7961639, 44.5408141], [11.7963521, 44.540844], [11.7963564, 44.5409336], [11.7961055, 44.5409397], [11.7961593, 44.5407929], [11.7960215, 44.5407628], [11.7959749, 44.5408529], [11.7957427, 44.540872], [11.795732, 44.5410389], [11.7956106, 44.5411319], [11.7954854, 44.541135], [11.795449, 44.5409636], [11.79515, 44.5409642], [11.7951034, 44.5410543], [11.7947548, 44.5410706], [11.7947305, 44.5411534], [11.7941528, 44.5411687], [11.7941034, 44.541259], [11.7934027, 44.541277], [11.7933561, 44.5413671], [11.7927784, 44.5413823], [11.792729, 44.5414727], [11.7924808, 44.5414786], [11.7923508, 44.5413917], [11.7923342, 44.5411501], [11.7922122, 44.5411251], [11.7921952, 44.5408018], [11.7920693, 44.5407685], [11.792048, 44.5403553], [11.791922, 44.5403219], [11.7918573, 44.539787], [11.7915694, 44.5397915], [11.7915228, 44.5398816], [11.7912109, 44.5399322], [11.7912261, 44.5401328], [11.79141, 44.5401548], [11.7914223, 44.5403066], [11.7915447, 44.5403336], [11.7915529, 44.540511], [11.7913208, 44.5405301], [11.7913138, 44.5406693], [11.791479, 44.5407797], [11.7916915, 44.5407781], [11.7916958, 44.5408676], [11.7913579, 44.5408795], [11.7913229, 44.5409668], [11.7911107, 44.5409756], [11.7910758, 44.5410628], [11.7907034, 44.541162], [11.790667, 44.5409906], [11.7903177, 44.5409913], [11.7903733, 44.5408507], [11.7902867, 44.5407354], [11.7900533, 44.5407277], [11.7901705, 44.5405452], [11.7904026, 44.5405262], [11.7904651, 44.5403766], [11.7896589, 44.5403773], [11.7893989, 44.5402036], [11.7892461, 44.5398674], [11.7888255, 44.5396351], [11.7886268, 44.5398624], [11.7882889, 44.5398742], [11.7882539, 44.5399615], [11.7875505, 44.5399797], [11.7875038, 44.5400698], [11.7868004, 44.5400881], [11.7867538, 44.5401782], [11.7865029, 44.5401843], [11.7863725, 44.5400955], [11.7863686, 44.5400079], [11.7864911, 44.5399685], [11.7864734, 44.5396729], [11.7859613, 44.5393873]], [[11.8197721, 44.5395028], [11.8195852, 44.5397319], [11.8194659, 44.5397628], [11.8194781, 44.5398947], [11.8197788, 44.5399521], [11.8200688, 44.5398926], [11.8201533, 44.5397674], [11.8200663, 44.5396433], [11.8197721, 44.5395028]], [[11.8174944, 44.5370838], [11.8174181, 44.5372578], [11.8176532, 44.5372582], [11.8177579, 44.5371108], [11.8174944, 44.5370838]], [[11.815175, 44.5375035], [11.8152344, 44.5376713], [11.8154193, 44.5376709], [11.8154462, 44.5375214], [11.815175, 44.5375035]], [[11.815046, 44.5324224], [11.8149362, 44.5325516], [11.8151413, 44.5325235], [11.815046, 44.5324224]], [[11.8144043, 44.5366728], [11.8145303, 44.5367062], [11.8146833, 44.5370423], [11.8149005, 44.5370936], [11.8149043, 44.5367245], [11.8146522, 44.5366127], [11.8146255, 44.5364467], [11.8144377, 44.5363944], [11.8144043, 44.5366728]], [[11.8146895, 44.5325299], [11.814543, 44.5326421], [11.8146936, 44.5326376], [11.8146895, 44.5325299]], [[11.8139925, 44.5359628], [11.8141185, 44.5359961], [11.8141371, 44.5361555], [11.8144843, 44.5362936], [11.8143562, 44.53592], [11.8140302, 44.5357743], [11.8139925, 44.5359628]], [[11.8135576, 44.5310346], [11.813377, 44.5309561], [11.8134162, 44.5311028], [11.8135576, 44.5310346]], [[11.8112629, 44.5365864], [11.8113787, 44.5366038], [11.8113998, 44.5369354], [11.8115218, 44.5369604], [11.8115485, 44.5371264], [11.8116562, 44.5371371], [11.8118116, 44.5376454], [11.8119336, 44.5376704], [11.8119603, 44.5378364], [11.812068, 44.5378472], [11.8120766, 44.5380266], [11.8118319, 44.5381679], [11.8118562, 44.5382891], [11.8120392, 44.5382969], [11.8122072, 44.5381138], [11.8124038, 44.5381536], [11.8125558, 44.5380974], [11.812576, 44.5379607], [11.81245, 44.5379274], [11.8124233, 44.5377614], [11.8123156, 44.5377506], [11.812297, 44.5375913], [11.8121812, 44.5375739], [11.8121602, 44.5372423], [11.8119081, 44.5371305], [11.8118914, 44.5368888], [11.8116394, 44.536777], [11.8116227, 44.5365354], [11.8114574, 44.536425], [11.8112507, 44.5364545], [11.8112629, 44.5365864]], [[11.8111434, 44.5385008], [11.8111269, 44.5391843], [11.8112529, 44.5392176], [11.8112758, 44.5394669], [11.8113916, 44.5394843], [11.8114086, 44.5398075], [11.8115346, 44.5398408], [11.81156, 44.5402624], [11.811682, 44.5402873], [11.8117087, 44.5404533], [11.8118164, 44.5404641], [11.8118378, 44.5408772], [11.8119638, 44.5409106], [11.8119867, 44.5411599], [11.8121457, 44.5412626], [11.8123079, 44.5412611], [11.8124105, 44.5410388], [11.8123288, 44.5406675], [11.8122028, 44.5406342], [11.8121761, 44.5404682], [11.8120684, 44.5404575], [11.812047, 44.5400443], [11.811921, 44.540011], [11.8119, 44.5396794], [11.8117779, 44.5396544], [11.8117609, 44.5393312], [11.8116349, 44.5392978], [11.811612, 44.5390485], [11.8114962, 44.5390312], [11.8114705, 44.5385281], [11.8111434, 44.5385008]], [[11.8105703, 44.5299027], [11.8107168, 44.5297904], [11.8105662, 44.5297949], [11.8105703, 44.5299027]], [[11.8094031, 44.5371724], [11.8095189, 44.5371897], [11.8096743, 44.5376981], [11.8097963, 44.5377231], [11.8098087, 44.5378748], [11.8099307, 44.5378998], [11.8100837, 44.5382359], [11.8101995, 44.5382533], [11.8101543, 44.538498], [11.8104252, 44.5385142], [11.81052, 44.5383758], [11.8103257, 44.5382498], [11.8103028, 44.5380005], [11.810187, 44.5379831], [11.810166, 44.5376515], [11.810044, 44.5376265], [11.8098911, 44.5372904], [11.8096452, 44.5371862], [11.8095976, 44.537011], [11.809391, 44.5370404], [11.8094031, 44.5371724]], [[11.8095696, 44.5385977], [11.8094231, 44.5387099], [11.8095737, 44.5387054], [11.8095696, 44.5385977]], [[11.8082727, 44.5387506], [11.8082761, 44.5388855], [11.8084004, 44.5387903], [11.8082727, 44.5387506]], [[11.8074466, 44.5332517], [11.80767, 44.5333106], [11.8076868, 44.5332113], [11.8074736, 44.5331478], [11.8074466, 44.5332517]], [[11.8057141, 44.5305804], [11.8057465, 44.5307105], [11.8059004, 44.5307477], [11.8059273, 44.5306439], [11.8057141, 44.5305804]], [[11.8034477, 44.5364664], [11.8034499, 44.5366184], [11.8033274, 44.5366578], [11.8033412, 44.5369451], [11.8034672, 44.5369785], [11.8034842, 44.5373017], [11.8036102, 44.5373351], [11.803651, 44.5375963], [11.8038359, 44.537596], [11.8038708, 44.5375087], [11.804083, 44.5374999], [11.8041179, 44.5374126], [11.8043301, 44.5374038], [11.804365, 44.5373165], [11.8045772, 44.5373077], [11.804726, 44.5371974], [11.8047036, 44.536534], [11.8044519, 44.5365038], [11.8044192, 44.5363781], [11.8040732, 44.5364232], [11.8040153, 44.5363355], [11.8036019, 44.5363482], [11.8034477, 44.5364664]], [[11.8014233, 44.5383864], [11.8012765, 44.5385087], [11.8012903, 44.538796], [11.8014163, 44.5388293], [11.8014333, 44.5391526], [11.8015592, 44.5391859], [11.8015821, 44.5394352], [11.8016979, 44.5394526], [11.8017146, 44.5396943], [11.8018366, 44.5397193], [11.8017871, 44.5398741], [11.8021837, 44.5398872], [11.8022146, 44.539746], [11.8020886, 44.5397127], [11.8020719, 44.539471], [11.8019499, 44.539446], [11.8019243, 44.5389429], [11.8017983, 44.5389096], [11.8017773, 44.538578], [11.8016553, 44.538553], [11.8016078, 44.5383777], [11.8014233, 44.5383864]], [[11.7942558, 44.5356772], [11.7940975, 44.5358127], [11.7942769, 44.5361199], [11.7945765, 44.5361126], [11.7947308, 44.5359944], [11.7945553, 44.5356699], [11.7942558, 44.5356772]], [[11.7910677, 44.5400764], [11.7909853, 44.5402362], [11.7911241, 44.5402482], [11.7912129, 44.5400957], [11.7910677, 44.5400764]], [[11.7905637, 44.5407777], [11.7907804, 44.5408399], [11.7910473, 44.5406836], [11.7910184, 44.5404419], [11.7905589, 44.5405555], [11.7905637, 44.5407777]], [[11.7905692, 44.5402243], [11.790491, 44.5404283], [11.7906298, 44.5404403], [11.7907168, 44.5402854], [11.7905692, 44.5402243]], [[11.7883533, 44.5393013], [11.7885767, 44.5393603], [11.7885935, 44.539261], [11.7883803, 44.5391975], [11.7883533, 44.5393013]]]}}, {"type": "Feature", "properties": {"flooded": true, "source": "satellite", "area_m2": 11613.5}, "geometry": {"type": "Polygon", "coordinates": [[[11.8184697, 44.5035694], [11.8184611, 44.50339], [11.8185862, 44.5033869], [11.8186413, 44.5034745], [11.8189674, 44.5034675], [11.8190974, 44.5035543], [11.8191241, 44.5037203], [11.8194375, 44.5037695], [11.8195981, 44.5034967], [11.8193406, 44.5033678], [11.8193232, 44.5030086], [11.8195668, 44.5029123], [11.8196248, 44.5030001], [11.8200765, 44.50299], [11.8200809, 44.5030795], [11.8194559, 44.5031313], [11.8195002, 44.5032706], [11.8197126, 44.503269], [11.8197678, 44.5033566], [11.8200939, 44.5033496], [11.8201071, 44.503617], [11.8199856, 44.503712], [11.8197383, 44.5037016], [11.8197471, 44.5039519], [11.819873, 44.5039853], [11.8198773, 44.5040748], [11.8196328, 44.5042161], [11.8196489, 44.5043307], [11.8197647, 44.504348], [11.8197864, 44.5047972], [11.8195437, 44.5049833], [11.8194186, 44.5049864], [11.8191587, 44.5048127], [11.8191463, 44.504661], [11.8189922, 44.5045546], [11.8188353, 44.5045061], [11.8186431, 44.5045554], [11.8186344, 44.504376], [11.8187595, 44.5043729], [11.8188142, 44.5045051], [11.8190039, 44.5044367], [11.8190009, 44.5041781], [11.8187514, 44.5041926], [11.8187082, 44.5041073], [11.8184957, 44.5041089], [11.8184871, 44.5039295], [11.8188678, 44.5040101], [11.8189577, 44.5041403], [11.8191176, 44.504066], [11.8191085, 44.5037789], [11.8188078, 44.5035647], [11.8184697, 44.5035694]], [[11.819425, 44.5045439], [11.8192815, 44.5046576], [11.8193184, 44.5047599], [11.819716, 44.5046748], [11.8195975, 44.5045329], [11.819425, 44.5045439]], [[11.8194688, 44.503784], [11.8193224, 44.5038962], [11.8194729, 44.5038917], [11.8194688, 44.503784]]]}}, {"type": "Feature", "properties": {"flooded": true, "source": "satellite", "area_m2": 10101.3}, "geometry": {"type": "Polygon", "coordinates": [[[11.817967, 44.4983604], [11.8179367, 44.4977313], [11.8180591, 44.4976919], [11.8180407, 44.4972786], [11.8184213, 44.4973593], [11.8184399, 44.4975186], [11.8186856, 44.4976228], [11.8188456, 44.4983026], [11.8189716, 44.4983359], [11.818993, 44.4987491], [11.8191189, 44.4987824], [11.8191362, 44.4991417], [11.8185589, 44.499157], [11.8185124, 44.4992471], [11.8182616, 44.4992533], [11.8182573, 44.4991638], [11.8185022, 44.4991298], [11.8185511, 44.4987468], [11.8184698, 44.4983844], [11.8183439, 44.4983511], [11.8183172, 44.498185], [11.818112, 44.4981845], [11.8180921, 44.4983573], [11.817967, 44.4983604]]]}}, {"type": "Feature", "properties": {"flooded": true, "source": "satellite", "area_m2": 637023.3}, "geometry": {"type": "Polygon", "coordinates": [[[11.8046185, 44.4823046], [11.8045884, 44.4816755], [11.8047134, 44.4816725], [11.8048865, 44.4818446], [11.8053263, 44.4819197], [11.805342, 44.481657], [11.8054643, 44.4816176], [11.8054503, 44.4812942], [11.8055566, 44.4812783], [11.8055673, 44.4811113], [11.8056897, 44.4810719], [11.8056713, 44.4806586], [11.8057945, 44.4806104], [11.805767, 44.4800621], [11.8056411, 44.4800288], [11.8056368, 44.4799393], [11.8058218, 44.4798832], [11.8057396, 44.4796865], [11.805364, 44.4794955], [11.8053517, 44.4793437], [11.8052298, 44.4793187], [11.8052167, 44.4790514], [11.8053307, 44.4790263], [11.8053296, 44.4787765], [11.8054519, 44.4787371], [11.8054293, 44.4782339], [11.8055431, 44.4782109], [11.8056632, 44.477868], [11.8057824, 44.4778371], [11.8057759, 44.4775952], [11.8058982, 44.4775558], [11.8058829, 44.4774323], [11.8057672, 44.477415], [11.8057457, 44.4769658], [11.8058595, 44.4769428], [11.8058627, 44.4767828], [11.8059839, 44.4766898], [11.8068238, 44.4766656], [11.80698, 44.4764853], [11.8072026, 44.476472], [11.8074705, 44.4762567], [11.8074552, 44.4761333], [11.8072096, 44.4760291], [11.8071911, 44.4758697], [11.8069498, 44.4758555], [11.8069374, 44.4757037], [11.8065558, 44.475505], [11.8065373, 44.4753456], [11.8056422, 44.4748073], [11.8056298, 44.4746555], [11.805508, 44.4746305], [11.8054907, 44.4742713], [11.8056099, 44.4742404], [11.8056034, 44.4739984], [11.8057247, 44.4739054], [11.8059753, 44.4738993], [11.8059976, 44.4739753], [11.8062308, 44.473983], [11.8062739, 44.4740683], [11.8064862, 44.4740667], [11.8066593, 44.4742389], [11.8069972, 44.4742342], [11.8071703, 44.4744064], [11.8075082, 44.4744017], [11.8075305, 44.4744778], [11.8077636, 44.4744854], [11.8078068, 44.4745708], [11.8080191, 44.4745692], [11.8081811, 44.4747375], [11.8084045, 44.4747398], [11.8090861, 44.4752553], [11.8095607, 44.4752515], [11.8096039, 44.4753368], [11.8098162, 44.4753352], [11.8099461, 44.475422], [11.8099646, 44.4755814], [11.8102423, 44.475767], [11.8107212, 44.4758531], [11.8107644, 44.4759384], [11.8109767, 44.4759368], [11.8111289, 44.4760997], [11.8113621, 44.4761073], [11.8117518, 44.4763678], [11.8116391, 44.4766403], [11.8114272, 44.4766491], [11.811271, 44.4768294], [11.8108015, 44.4769388], [11.8105348, 44.4772076], [11.8101972, 44.4772196], [11.8100411, 44.4773998], [11.8097035, 44.4774118], [11.8096686, 44.477499], [11.8094367, 44.4775181], [11.8094217, 44.4775951], [11.8090842, 44.4776071], [11.8090493, 44.4776943], [11.8088174, 44.4777134], [11.8086811, 44.4778834], [11.8084692, 44.4778923], [11.8084343, 44.4779795], [11.8082024, 44.4779986], [11.8080661, 44.4781687], [11.8078214, 44.4782027], [11.8078236, 44.4783547], [11.8076421, 44.47849], [11.8077252, 44.4786974], [11.8083605, 44.4790621], [11.8083872, 44.4792281], [11.8086203, 44.4792357], [11.8086327, 44.4793875], [11.8087769, 44.4794886], [11.8090101, 44.4794962], [11.8090367, 44.4796622], [11.8092699, 44.4796699], [11.8094352, 44.4797953], [11.8099736, 44.4797872], [11.8100758, 44.4797234], [11.8100116, 44.4794991], [11.8098898, 44.4794741], [11.8098811, 44.4792947], [11.8100003, 44.4792638], [11.8099981, 44.4791118], [11.8102375, 44.4790857], [11.8102406, 44.4789258], [11.810363, 44.4788863], [11.8103533, 44.4786529], [11.8105883, 44.4785369], [11.8105915, 44.478377], [11.8107165, 44.4783739], [11.8107716, 44.4784615], [11.8109533, 44.4784447], [11.8110875, 44.4783368], [11.8110809, 44.4780948], [11.8112001, 44.4780639], [11.8111979, 44.4779119], [11.8116809, 44.4778866], [11.8118183, 44.4777702], [11.8118085, 44.4775368], [11.8120533, 44.4775027], [11.812168, 44.4771678], [11.8126499, 44.4769557], [11.8126444, 44.4766159], [11.8127657, 44.4765229], [11.8131032, 44.4765109], [11.8132594, 44.4763307], [11.8133844, 44.4763276], [11.813531, 44.4766561], [11.8136529, 44.4766811], [11.8136696, 44.4769227], [11.8137915, 44.4769477], [11.8138081, 44.4771894], [11.81393, 44.4772144], [11.8139467, 44.4774561], [11.8140686, 44.477481], [11.8140896, 44.4778126], [11.8142115, 44.4778376], [11.8142288, 44.4781969], [11.8141096, 44.4782278], [11.8141118, 44.4783798], [11.8139906, 44.4784729], [11.8137679, 44.4784861], [11.8137437, 44.478569], [11.8135211, 44.4785822], [11.8133756, 44.4787581], [11.8130273, 44.4787745], [11.8128818, 44.4789503], [11.81265, 44.4789694], [11.8125137, 44.4791394], [11.8120549, 44.4792444], [11.81202, 44.4793317], [11.811808, 44.4793405], [11.8117731, 44.4794278], [11.8114249, 44.4794441], [11.8112794, 44.47962], [11.8108099, 44.4797294], [11.8106644, 44.4799052], [11.8104524, 44.479914], [11.8104175, 44.4800013], [11.8100693, 44.4800177], [11.8099848, 44.4801428], [11.8100621, 44.4804242], [11.8117469, 44.4814994], [11.8117736, 44.4816654], [11.8120068, 44.481673], [11.8120335, 44.4818391], [11.8122163, 44.4818469], [11.8122588, 44.4817029], [11.8121329, 44.4816695], [11.8121062, 44.4815035], [11.8119987, 44.4814928], [11.811982, 44.4812511], [11.8116003, 44.4810525], [11.8115873, 44.4807831], [11.8117114, 44.4806898], [11.8118336, 44.480687], [11.8118887, 44.4807746], [11.8121644, 44.4807678], [11.812211, 44.4806777], [11.8124074, 44.4807175], [11.8125592, 44.4806614], [11.8125863, 44.4805783], [11.8130853, 44.4805662], [11.8131285, 44.4806515], [11.8134161, 44.480647], [11.8134626, 44.4805569], [11.8138109, 44.4805405], [11.8138351, 44.4804576], [11.8142983, 44.4804426], [11.8143245, 44.4801755], [11.8146949, 44.4801384], [11.8146799, 44.4797526], [11.814554, 44.4797193], [11.8145495, 44.4796318], [11.8146748, 44.4796267], [11.8149346, 44.4798004], [11.8150812, 44.4801289], [11.8152031, 44.4801538], [11.8152155, 44.4803056], [11.8153374, 44.4803306], [11.8153497, 44.4804823], [11.8154716, 44.4805073], [11.8154883, 44.480749], [11.8156102, 44.480774], [11.8156272, 44.4810972], [11.8157531, 44.4811305], [11.8157747, 44.4815797], [11.8155627, 44.4815886], [11.8155279, 44.4816759], [11.8150647, 44.4816909], [11.8150298, 44.4817782], [11.8145666, 44.4817932], [11.8145317, 44.4818805], [11.8141835, 44.4818968], [11.8141592, 44.4819797], [11.8135821, 44.481995], [11.8135356, 44.4820851], [11.8131873, 44.4821015], [11.8131631, 44.4821843], [11.8126999, 44.4821993], [11.8125438, 44.4823796], [11.8123044, 44.4824057], [11.8123012, 44.4825656], [11.8120607, 44.4826896], [11.812063, 44.4828416], [11.8115779, 44.4832136], [11.811346, 44.4832327], [11.811331, 44.4833097], [11.8109547, 44.483319], [11.8107927, 44.4831507], [11.8101198, 44.4830247], [11.8100663, 44.4831608], [11.8095793, 44.4834881], [11.8095935, 44.483685], [11.8098454, 44.4837969], [11.8098929, 44.4839721], [11.8103177, 44.4839617], [11.8105952, 44.4836884], [11.8109758, 44.483769], [11.8109881, 44.4839208], [11.8113699, 44.4841194], [11.8113884, 44.4842788], [11.8118939, 44.4845566], [11.8119125, 44.484716], [11.8126778, 44.4851675], [11.8126964, 44.4853269], [11.8130719, 44.4855179], [11.8130806, 44.4856973], [11.8129574, 44.4857456], [11.8129939, 44.4865097], [11.8128747, 44.4865406], [11.8128812, 44.4867825], [11.8127675, 44.4868055], [11.8127686, 44.4870554], [11.8126462, 44.4870948], [11.8126689, 44.487598], [11.8119115, 44.4875266], [11.811893, 44.4873672], [11.8114852, 44.4870948], [11.8110106, 44.4870987], [11.8109555, 44.4870111], [11.8105362, 44.4871182], [11.8105119, 44.487201], [11.8102999, 44.4872099], [11.810265, 44.4872971], [11.8098888, 44.4873064], [11.8098845, 44.4872169], [11.810066, 44.4870816], [11.8099791, 44.4869574], [11.8098711, 44.4869447], [11.8098629, 44.4867673], [11.8100476, 44.4867282], [11.8100336, 44.4865191], [11.8098499, 44.4864971], [11.8098313, 44.4863377], [11.8095857, 44.4862335], [11.8095547, 44.4859776], [11.809392, 44.4858793], [11.809066, 44.4858862], [11.8089361, 44.4857994], [11.8089792, 44.4856374], [11.8088018, 44.4856227], [11.8087833, 44.4854633], [11.8083526, 44.4851846], [11.8080769, 44.4851914], [11.8080304, 44.4852815], [11.8078184, 44.4852904], [11.8076622, 44.4854706], [11.8073362, 44.4854797], [11.8072897, 44.4855698], [11.8070051, 44.4855842], [11.8070511, 44.4858097], [11.8073069, 44.4859299], [11.8073336, 44.4860959], [11.807831, 44.4863671], [11.8078576, 44.4865332], [11.8086148, 44.486978], [11.8086415, 44.487144], [11.8092688, 44.4875021], [11.8095459, 44.488035], [11.8092996, 44.4881311], [11.8093523, 44.4879819], [11.8092226, 44.4879082], [11.8091691, 44.4880443], [11.809044, 44.4880474], [11.808752, 44.4877923], [11.8085286, 44.48779], [11.8085163, 44.4876382], [11.808372, 44.4875371], [11.8081388, 44.4875295], [11.8077491, 44.487269], [11.8077367, 44.4871173], [11.8074849, 44.4870054], [11.8074664, 44.486846], [11.8072207, 44.4867419], [11.8070679, 44.4864057], [11.8068266, 44.4863915], [11.8068081, 44.4862321], [11.8064325, 44.486041], [11.806482, 44.4858043], [11.806294, 44.4857744], [11.8062809, 44.485507], [11.8065259, 44.485471], [11.8065039, 44.4849142], [11.8063764, 44.4848721], [11.8063595, 44.4845488], [11.8062336, 44.4845155], [11.8062069, 44.4843495], [11.8059694, 44.4842519], [11.8059571, 44.4841002], [11.8058352, 44.4840752], [11.8056824, 44.483739], [11.8054368, 44.4836348], [11.8052902, 44.4833063], [11.8051684, 44.4832813], [11.8051517, 44.4830397], [11.8050298, 44.4830147], [11.8050032, 44.4828487], [11.8048956, 44.4828379], [11.8047404, 44.4823296], [11.8046185, 44.4823046]], [[11.8094122, 44.4799084], [11.8095662, 44.4800149], [11.8097509, 44.4800145], [11.8097777, 44.479865], [11.8094391, 44.4798046], [11.8094122, 44.4799084]]]}}, {"type": "Feature", "properties": {"flooded": true, "source": "satellite", "area_m2": 7042.9}, "geometry": {"type": "Polygon", "coordinates": [[[11.8167806, 44.5311587], [11.8167632, 44.5307995], [11.8170097, 44.5307034], [11.817172, 44.5308716], [11.8175212, 44.5308708], [11.8177813, 44.5310444], [11.817803, 44.5314936], [11.8174464, 44.5317027], [11.8174432, 44.5318626], [11.8171924, 44.5318688], [11.8169323, 44.5316951], [11.8169236, 44.5315157], [11.8170375, 44.5314927], [11.8170409, 44.5313688], [11.8169149, 44.5313355], [11.8168882, 44.5311695], [11.8167806, 44.5311587]]]}}, {"type": "Feature", "properties": {"flooded": true, "source": "satellite", "area_m2": 156327.5}, "geometry": {"type": "Polygon", "coordinates": [[[11.801818, 44.4605872], [11.8017965, 44.460138], [11.8020084, 44.4601292], [11.8020433, 44.4600419], [11.8026319, 44.4600238], [11.8026668, 44.4599366], [11.8028986, 44.4599175], [11.8029164, 44.4598402], [11.8037919, 44.4598189], [11.8038142, 44.459895], [11.8040051, 44.4599466], [11.8042704, 44.4598894], [11.8044159, 44.4597135], [11.8047046, 44.4597891], [11.8046627, 44.4596175], [11.8047877, 44.4596144], [11.8047451, 44.4600248], [11.8048277, 44.4602234], [11.8049434, 44.4602407], [11.8049619, 44.4604001], [11.8050776, 44.4604175], [11.8050942, 44.4606592], [11.8053459, 44.460771], [11.8054924, 44.4610995], [11.8056143, 44.4611245], [11.8056266, 44.4612763], [11.8057484, 44.4613013], [11.8057608, 44.461453], [11.8058826, 44.461478], [11.8058949, 44.4616298], [11.8060168, 44.4616548], [11.8060291, 44.4618065], [11.8062808, 44.4619183], [11.8062932, 44.4620701], [11.8065449, 44.4621819], [11.8065715, 44.4623479], [11.807131, 44.4623465], [11.8071775, 44.4622564], [11.8075033, 44.4622473], [11.8075499, 44.4621572], [11.8077618, 44.4621484], [11.8079179, 44.4619681], [11.8081298, 44.4619593], [11.808271, 44.461856], [11.8082773, 44.4615992], [11.8084024, 44.4615961], [11.8085322, 44.4616829], [11.8085408, 44.4618624], [11.8084271, 44.4618854], [11.8084239, 44.4620453], [11.8082444, 44.4621719], [11.8083212, 44.4622981], [11.8084959, 44.4623586], [11.8088135, 44.4623062], [11.8088457, 44.4623876], [11.809069, 44.4623899], [11.8091988, 44.4624767], [11.8092112, 44.4626285], [11.809333, 44.4626535], [11.8093597, 44.4628195], [11.8095971, 44.4629171], [11.8096094, 44.4630688], [11.8097313, 44.4630938], [11.8097436, 44.4632456], [11.8098655, 44.4632706], [11.8098778, 44.4634223], [11.8099997, 44.4634473], [11.8101524, 44.4637834], [11.8103979, 44.4638876], [11.8105507, 44.4642238], [11.8107962, 44.4643279], [11.8109489, 44.4646641], [11.8111945, 44.4647683], [11.811341, 44.4650968], [11.8114629, 44.4651217], [11.8114758, 44.4653911], [11.8113567, 44.465422], [11.8113589, 44.465574], [11.8110027, 44.4657831], [11.8109995, 44.465943], [11.8107876, 44.4659518], [11.8107527, 44.4660391], [11.8101534, 44.4660616], [11.8099497, 44.4662711], [11.8100209, 44.4665073], [11.8097784, 44.4666933], [11.8095465, 44.4667124], [11.8091678, 44.4670684], [11.8090428, 44.4670715], [11.8090385, 44.466982], [11.8097639, 44.466486], [11.8096237, 44.4661849], [11.8095019, 44.4661599], [11.8094834, 44.4660005], [11.8091079, 44.4658095], [11.8090894, 44.4656501], [11.8088007, 44.4654606], [11.8085132, 44.4654651], [11.8084666, 44.4655552], [11.8081408, 44.4655643], [11.8080942, 44.4656544], [11.8078717, 44.4656677], [11.8077262, 44.4658435], [11.8074943, 44.4658626], [11.8072368, 44.4661256], [11.8068993, 44.4661376], [11.8067421, 44.4662643], [11.8067556, 44.46647], [11.8068774, 44.466495], [11.8070301, 44.4668311], [11.8072757, 44.4669353], [11.807288, 44.4670871], [11.8074099, 44.4671121], [11.8075484, 44.4673783], [11.8074233, 44.4673814], [11.8071636, 44.4672077], [11.8071512, 44.467056], [11.8070294, 44.467031], [11.807017, 44.4668792], [11.8068631, 44.4667728], [11.8066483, 44.4667462], [11.8066476, 44.4669143], [11.8067734, 44.4669477], [11.8067779, 44.4670352], [11.8066527, 44.4670403], [11.8062309, 44.4666983], [11.8060076, 44.466696], [11.8058734, 44.4665197], [11.8061159, 44.4663336], [11.8064379, 44.4663703], [11.8065897, 44.4663142], [11.8066697, 44.4660926], [11.8063541, 44.4660573], [11.8064068, 44.4659081], [11.8062156, 44.4657906], [11.8061984, 44.4654314], [11.8063121, 44.4654084], [11.8063752, 44.4651973], [11.8061811, 44.4650713], [11.8061626, 44.4649119], [11.8060469, 44.4648945], [11.8060254, 44.4644453], [11.8065029, 44.4641433], [11.8065018, 44.4638935], [11.8069836, 44.4636814], [11.8070513, 44.4635691], [11.8069782, 44.4633416], [11.8072287, 44.4633354], [11.8073586, 44.4634223], [11.8074061, 44.4635975], [11.8076984, 44.4636375], [11.8077364, 44.4635306], [11.8076146, 44.4635056], [11.8075879, 44.4633396], [11.8072206, 44.4631552], [11.8072021, 44.4629958], [11.8067594, 44.4627166], [11.8065993, 44.4627281], [11.8064538, 44.462904], [11.8062419, 44.4629128], [11.8060932, 44.4630231], [11.8060383, 44.4631656], [11.8063412, 44.4631772], [11.8063455, 44.4632667], [11.8059693, 44.463276], [11.8060125, 44.4631139], [11.8057599, 44.4631021], [11.8057134, 44.4631923], [11.8054816, 44.4632113], [11.8054666, 44.4632883], [11.8051407, 44.4632974], [11.8050942, 44.4633875], [11.8046428, 44.4633997], [11.8045963, 44.4634898], [11.8043457, 44.4634959], [11.8040859, 44.4633223], [11.8040674, 44.4631629], [11.8038219, 44.4630587], [11.8038034, 44.4628993], [11.8035579, 44.4627951], [11.8035455, 44.4626433], [11.8034237, 44.4626183], [11.8034114, 44.4624666], [11.8032895, 44.4624416], [11.8032772, 44.4622898], [11.8031554, 44.4622648], [11.803143, 44.4621131], [11.8030212, 44.4620881], [11.8030089, 44.4619363], [11.802887, 44.4619113], [11.8027343, 44.4615752], [11.8024888, 44.461471], [11.8024722, 44.4612293], [11.8022205, 44.4611175], [11.802074, 44.4607889], [11.8019522, 44.4607639], [11.8019398, 44.4606122], [11.801818, 44.4605872]], [[11.8077261, 44.4631152], [11.8081076, 44.4633138], [11.8081343, 44.4634798], [11.8086315, 44.4637511], [11.8086438, 44.4639028], [11.8087656, 44.4639278], [11.8087923, 44.4640938], [11.8090297, 44.4641914], [11.8090482, 44.4643508], [11.8092938, 44.464455], [11.8093104, 44.4646966], [11.8094323, 44.4647216], [11.809585, 44.4650578], [11.8098306, 44.4651619], [11.8098491, 44.4653213], [11.8100946, 44.4654255], [11.8101132, 44.4655849], [11.8104138, 44.4657767], [11.810833, 44.4656696], [11.8110922, 44.4654708], [11.8110954, 44.4653109], [11.8112146, 44.4652799], [11.8112043, 44.4650657], [11.8108227, 44.464867], [11.8108041, 44.4647077], [11.8105586, 44.4646035], [11.8105419, 44.4643618], [11.8104201, 44.4643368], [11.8104077, 44.464185], [11.8102859, 44.4641601], [11.8102735, 44.4640083], [11.8101517, 44.4639833], [11.8101393, 44.4638316], [11.8100175, 44.4638066], [11.8100051, 44.4636548], [11.8098833, 44.4636298], [11.8097306, 44.4632937], [11.809485, 44.4631895], [11.8094727, 44.4630377], [11.8093508, 44.4630127], [11.8091981, 44.4626766], [11.8090151, 44.4625711], [11.8086262, 44.4625815], [11.8085797, 44.4626716], [11.8082422, 44.4626836], [11.8082073, 44.4627708], [11.8077212, 44.462893], [11.8077261, 44.4631152]], [[11.8084229, 44.4645384], [11.808646, 44.4645974], [11.8086628, 44.4644981], [11.8084498, 44.4644346], [11.8084229, 44.4645384]], [[11.8077606, 44.4638345], [11.8080123, 44.4639463], [11.8080389, 44.4641124], [11.8082477, 44.464157], [11.808254, 44.4639602], [11.8077875, 44.4637307], [11.8077606, 44.4638345]], [[11.8043111, 44.46197], [11.804038, 44.4623332], [11.8039157, 44.4623726], [11.8039381, 44.4628397], [11.8040639, 44.4628731], [11.8040905, 44.4630391], [11.8043279, 44.4631367], [11.8043873, 44.4633142], [11.8046746, 44.4633046], [11.8047095, 44.4632173], [11.8049413, 44.4631982], [11.8049563, 44.4631212], [11.8052937, 44.4631093], [11.8053286, 44.4630221], [11.8055605, 44.463003], [11.8055754, 44.462926], [11.8059129, 44.462914], [11.8061914, 44.4626943], [11.8060419, 44.4623941], [11.8057964, 44.46229], [11.805784, 44.4621382], [11.8056622, 44.4621132], [11.8056499, 44.4619614], [11.805473, 44.4618488], [11.8050718, 44.4618587], [11.8050252, 44.4619488], [11.8043111, 44.46197]], [[11.8044621, 44.4605847], [11.8046852, 44.4606436], [11.804702, 44.4605443], [11.804489, 44.4604809], [11.8044621, 44.4605847]], [[11.8022054, 44.4602254], [11.8020001, 44.4604523], [11.8020866, 44.4605676], [11.8023561, 44.4607466], [11.8025794, 44.4607489], [11.8027402, 44.4610917], [11.8029733, 44.4610994], [11.8030283, 44.461187], [11.8033543, 44.46118], [11.803614, 44.4613537], [11.8037667, 44.4616899], [11.8041222, 44.4618222], [11.8041241, 44.4617211], [11.8040084, 44.4617037], [11.8039918, 44.461462], [11.8037401, 44.4613502], [11.8035936, 44.4610217], [11.8034717, 44.4609967], [11.8034594, 44.4608449], [11.8033376, 44.4608199], [11.8033252, 44.4606682], [11.8032034, 44.4606432], [11.8031862, 44.4602839], [11.8033054, 44.460253], [11.8033031, 44.460101], [11.8035424, 44.4600749], [11.8035276, 44.4599284], [11.8030937, 44.4599267], [11.8030472, 44.4600168], [11.8027097, 44.4600288], [11.8026748, 44.460116], [11.8022054, 44.4602254]]]}}, {"type": "Feature", "properties": {"flooded": true, "source": "satellite", "area_m2": 298086.2}, "geometry": {"type": "Polygon", "coordinates": [[[11.7959342, 44.5767737], [11.795917, 44.5764144], [11.7960364, 44.5763835], [11.7960255, 44.5760516], [11.7961481, 44.5760122], [11.7961255, 44.575509], [11.7962449, 44.5754781], [11.796234, 44.5751463], [11.7963566, 44.5751068], [11.7963383, 44.5746936], [11.7964576, 44.5746627], [11.7964554, 44.5745107], [11.7969552, 44.5744982], [11.7969747, 44.57474], [11.797152, 44.5748526], [11.7974398, 44.574843], [11.7974748, 44.5747558], [11.797707, 44.5747367], [11.7977221, 44.5746597], [11.7986021, 44.5746381], [11.7986573, 44.5747257], [11.7993584, 44.5747094], [11.7994164, 44.5747971], [11.7999945, 44.574784], [11.8000497, 44.5748716], [11.8008795, 44.5748523], [11.8009227, 44.5749376], [11.8016386, 44.5749237], [11.8016938, 44.5750113], [11.8025235, 44.574992], [11.8025668, 44.5750773], [11.8031568, 44.5750665], [11.803212, 44.5751541], [11.8040418, 44.5751347], [11.8040969, 44.5752224], [11.8048009, 44.5752061], [11.8048561, 44.5752937], [11.80556, 44.5752775], [11.8056152, 44.5753651], [11.8063163, 44.5753487], [11.8063743, 44.5754364], [11.8069525, 44.5754233], [11.8070077, 44.5755109], [11.8078374, 44.5754915], [11.8078807, 44.5755769], [11.8085965, 44.5755629], [11.8086517, 44.5756505], [11.8093557, 44.5756342], [11.8094109, 44.5757218], [11.8101148, 44.5757056], [11.8101581, 44.5757909], [11.8107482, 44.57578], [11.8108034, 44.5758676], [11.8122665, 44.5759226], [11.8123216, 44.5760102], [11.8132772, 44.5759877], [11.8133205, 44.5760731], [11.8139105, 44.5760622], [11.8139657, 44.5761498], [11.8146697, 44.5761335], [11.8147249, 44.5762211], [11.8151772, 44.576211], [11.8153074, 44.5762978], [11.8153206, 44.5765651], [11.815201, 44.5765981], [11.8152005, 44.5767503], [11.8115584, 44.5768401], [11.8115004, 44.5767524], [11.8109848, 44.5767642], [11.8109232, 44.5768558], [11.8088383, 44.576908], [11.8087888, 44.5769983], [11.8062129, 44.5770617], [11.8061513, 44.5771533], [11.8040786, 44.5772042], [11.8040169, 44.5772957], [11.7977328, 44.57745], [11.7976978, 44.5773684], [11.7975367, 44.5773648], [11.7974778, 44.577456], [11.7973554, 44.5774592], [11.7972974, 44.5773715], [11.7963418, 44.5773938], [11.7962117, 44.577307], [11.7960563, 44.5767987], [11.7959342, 44.5767737]]]}}, {"type": "Feature", "properties": {"flooded": true, "source": "satellite", "area_m2": 71944.4}, "geometry": {"type": "Polygon", "coordinates": [[[11.804059, 44.5519076], [11.8040461, 44.5516383], [11.804757, 44.5515271], [11.8047919, 44.5514399], [11.8050241, 44.5514208], [11.8050391, 44.5513438], [11.8054911, 44.5513316], [11.8055378, 44.5512415], [11.8058757, 44.5512296], [11.8059107, 44.5511423], [11.8065002, 44.5511242], [11.8065351, 44.5510369], [11.8067673, 44.5510178], [11.8067823, 44.5509408], [11.8072343, 44.5509287], [11.8072809, 44.5508385], [11.8076296, 44.5508222], [11.8076539, 44.5507393], [11.8082433, 44.5507212], [11.8082783, 44.550634], [11.8085104, 44.5506149], [11.8085254, 44.5505378], [11.8093547, 44.5505164], [11.8094013, 44.5504263], [11.8096523, 44.5504201], [11.8096647, 44.5505718], [11.8097867, 44.5505968], [11.8098077, 44.5509284], [11.8099297, 44.5509534], [11.8099565, 44.5511194], [11.8100642, 44.5511301], [11.8100812, 44.5514534], [11.8102072, 44.5514867], [11.8102239, 44.5517284], [11.810346, 44.5517534], [11.8105107, 44.5525591], [11.8103893, 44.5526522], [11.8100629, 44.5526613], [11.8100163, 44.5527514], [11.809894, 44.5527546], [11.8098688, 44.5526784], [11.8096353, 44.5526707], [11.8095921, 44.5525854], [11.8090022, 44.5525963], [11.808947, 44.5525087], [11.8080545, 44.5525298], [11.8079956, 44.5526211], [11.8074932, 44.5526334], [11.807461, 44.552552], [11.8072374, 44.5525497], [11.8068471, 44.5522892], [11.8068204, 44.5521232], [11.806587, 44.5521156], [11.8065437, 44.5520302], [11.8062054, 44.5520349], [11.806183, 44.5519588], [11.8059496, 44.5519512], [11.8058944, 44.5518636], [11.804059, 44.5519076]]]}}, {"type": "Feature", "properties": {"flooded": true, "source": "satellite", "area_m2": 25986.7}, "geometry": {"type": "Polygon", "coordinates": [[[11.8063877, 44.55059], [11.8063748, 44.5503207], [11.8066069, 44.5503016], [11.8066176, 44.5501347], [11.8068529, 44.5500186], [11.8068561, 44.5498587], [11.8069786, 44.5498193], [11.8069646, 44.549496], [11.8072074, 44.5493099], [11.8075728, 44.5492807], [11.8075673, 44.548941], [11.8076867, 44.5489101], [11.8076801, 44.5486681], [11.8080568, 44.5486589], [11.8081158, 44.548881], [11.8082981, 44.5488196], [11.8083131, 44.5487426], [11.8085684, 44.5488263], [11.8085854, 44.5491496], [11.8087115, 44.5491829], [11.8087328, 44.5495961], [11.8088588, 44.5496294], [11.8088799, 44.549961], [11.8090019, 44.549986], [11.8090105, 44.5501654], [11.8088891, 44.5502584], [11.8085511, 44.5502704], [11.8085162, 44.5503576], [11.8079384, 44.5503729], [11.8078918, 44.550463], [11.8074397, 44.5504752], [11.8073931, 44.5505653], [11.8070445, 44.5505817], [11.8070174, 44.5506648], [11.806895, 44.5506676], [11.8068399, 44.55058], [11.8063877, 44.55059]]]}}, {"type": "Feature", "properties": {"flooded": true, "source": "satellite", "area_m2": 222541.1}, "geometry": {"type": "Polygon", "coordinates": [[[11.7969314, 44.4688093], [11.7969228, 44.4686299], [11.797042, 44.468599], [11.7970355, 44.4683571], [11.7971547, 44.4683262], [11.7971525, 44.4681741], [11.797395, 44.4679882], [11.7977712, 44.4679789], [11.798063, 44.4682341], [11.7985418, 44.4683201], [11.798585, 44.4684055], [11.7989228, 44.4684008], [11.798966, 44.4684862], [11.7991783, 44.4684846], [11.7991967, 44.468644], [11.7994423, 44.4687482], [11.7994546, 44.4688999], [11.7995988, 44.469001], [11.8002086, 44.4689995], [11.8005048, 44.4693445], [11.8007711, 44.4693331], [11.8007158, 44.469077], [11.8008408, 44.469074], [11.800802, 44.4693259], [11.8009793, 44.4693406], [11.8010157, 44.469512], [11.8012391, 44.4695143], [11.8012619, 44.4697636], [11.8016373, 44.4699547], [11.8016496, 44.4701064], [11.8019014, 44.4702183], [11.801928, 44.4703843], [11.8021654, 44.4704819], [11.8021839, 44.4706413], [11.8024295, 44.4707455], [11.8025822, 44.4710816], [11.8028278, 44.4711858], [11.8028544, 44.4713518], [11.8030918, 44.4714494], [11.8031042, 44.4716012], [11.803226, 44.4716262], [11.8033787, 44.4719623], [11.80362, 44.4719766], [11.8036366, 44.4722183], [11.8038884, 44.4723301], [11.8040349, 44.4726586], [11.8041568, 44.4726836], [11.8041796, 44.4729329], [11.8044252, 44.4730371], [11.8044518, 44.4732031], [11.804685, 44.4732108], [11.8047035, 44.4733702], [11.8049491, 44.4734744], [11.804966, 44.4737976], [11.8050919, 44.4738309], [11.8050962, 44.4739205], [11.8049824, 44.4739435], [11.8049792, 44.4741034], [11.8048579, 44.4741964], [11.8047329, 44.4741995], [11.8044731, 44.4740258], [11.8044546, 44.4738664], [11.8040568, 44.4735993], [11.803874, 44.4735915], [11.8038274, 44.4736816], [11.8034792, 44.4736979], [11.8033337, 44.4738737], [11.8029855, 44.4738901], [11.8029656, 44.4740628], [11.8023592, 44.4745279], [11.8021472, 44.4745367], [11.8019911, 44.4747169], [11.8015216, 44.4748263], [11.801376, 44.4750021], [11.8011534, 44.4750154], [11.8010079, 44.4751912], [11.8005491, 44.4752961], [11.8005142, 44.4753834], [11.8002635, 44.4753895], [11.8001337, 44.4753027], [11.800107, 44.4751367], [11.7998739, 44.475129], [11.7998572, 44.4748873], [11.7996055, 44.4747755], [11.7995789, 44.4746095], [11.7993414, 44.4745119], [11.7993248, 44.4742702], [11.7992029, 44.4742452], [11.7991763, 44.4740792], [11.7989389, 44.4739816], [11.7989204, 44.4738222], [11.7988047, 44.4738049], [11.7987837, 44.4734733], [11.7986619, 44.4734483], [11.7986352, 44.4732822], [11.7983978, 44.4731847], [11.798389, 44.4730072], [11.7987531, 44.4727262], [11.7992225, 44.4726169], [11.7994281, 44.4724007], [11.7992768, 44.4723565], [11.7992419, 44.4724437], [11.79887, 44.4725429], [11.7988614, 44.4723634], [11.7990734, 44.4723546], [11.7991083, 44.4722674], [11.7993402, 44.4722483], [11.7994764, 44.4720783], [11.7999459, 44.471969], [11.8000893, 44.4718552], [11.8000874, 44.4717392], [11.7999615, 44.4717059], [11.7999349, 44.4715399], [11.7998273, 44.4715291], [11.7998088, 44.4713697], [11.7993035, 44.4710919], [11.7992909, 44.4708585], [11.799165, 44.4708252], [11.7991465, 44.4706658], [11.7987711, 44.4704747], [11.7986184, 44.4701386], [11.798243, 44.4699475], [11.7982307, 44.4697958], [11.797979, 44.4696839], [11.7979605, 44.4695245], [11.797668, 44.4693786], [11.7973382, 44.4694296], [11.7973259, 44.4692778], [11.797204, 44.4692528], [11.7971788, 44.4688313], [11.7969314, 44.4688093]], [[11.7996251, 44.4721777], [11.7994591, 44.4724315], [11.7997163, 44.4724247], [11.7998618, 44.4722489], [11.8000737, 44.4722401], [11.8002149, 44.4721368], [11.8002773, 44.4719873], [11.8000024, 44.4719827], [11.7998569, 44.4721586], [11.7996251, 44.4721777]]]}}, {"type": "Feature", "properties": {"flooded": true, "source": "satellite", "area_m2": 6121.5}, "geometry": {"type": "Polygon", "coordinates": [[[11.8026282, 44.5745389], [11.8026239, 44.5744494], [11.803504, 44.5744278], [11.8035472, 44.5745131], [11.8042631, 44.5744991], [11.8043183, 44.5745867], [11.805148, 44.5745674], [11.8051913, 44.5746528], [11.8057813, 44.5746419], [11.8058365, 44.5747295], [11.8065404, 44.5747132], [11.8065956, 44.5748008], [11.807048, 44.5747908], [11.8070523, 44.5748803], [11.8059206, 44.5749081], [11.8058655, 44.5748205], [11.8051643, 44.5748369], [11.8051063, 44.5747492], [11.8045282, 44.5747623], [11.804473, 44.5746747], [11.8036433, 44.574694], [11.8035881, 44.5746064], [11.8030099, 44.5746196], [11.8029667, 44.5745342], [11.8026282, 44.5745389]]]}}, {"type": "Feature", "properties": {"flooded": true, "source": "satellite", "area_m2": 6828.9}, "geometry": {"type": "Polygon", "coordinates": [[[11.8027895, 44.5464473], [11.8027809, 44.5462679], [11.8034918, 44.5461568], [11.8035267, 44.5460695], [11.8039034, 44.5460602], [11.8040334, 44.5461471], [11.8040634, 44.5467401], [11.8041894, 44.5467734], [11.8042024, 44.5470428], [11.8038214, 44.5469621], [11.8035291, 44.546707], [11.8030497, 44.546621], [11.8027895, 44.5464473]]]}}, {"type": "Feature", "properties": {"flooded": true, "source": "satellite", "area_m2": 10971.2}, "geometry": {"type": "Polygon", "coordinates": [[[11.8022149, 44.581661], [11.8021976, 44.5813017], [11.8023041, 44.5812857], [11.8023148, 44.5811188], [11.8024342, 44.5810878], [11.8024319, 44.5809358], [11.8033008, 44.5808943], [11.8033002, 44.5807621], [11.8031781, 44.5807371], [11.8030394, 44.5804708], [11.8031646, 44.5804677], [11.8035774, 44.5808043], [11.803811, 44.5808119], [11.8040713, 44.5809856], [11.8040842, 44.581255], [11.8037461, 44.5812669], [11.8037154, 44.5814441], [11.8033773, 44.581456], [11.8032208, 44.5816363], [11.8027685, 44.5816484], [11.8027219, 44.5817385], [11.8025966, 44.5817416], [11.8025414, 44.581654], [11.8022149, 44.581661]]]}}, {"type": "Feature", "properties": {"flooded": true, "source": "satellite", "area_m2": 6313.8}, "geometry": {"type": "Polygon", "coordinates": [[[11.7960478, 44.5738901], [11.7960435, 44.5738006], [11.7969236, 44.573779], [11.7969668, 44.5738643], [11.7975569, 44.5738535], [11.797612, 44.5739411], [11.7984418, 44.5739218], [11.798485, 44.5740072], [11.7990751, 44.5739963], [11.7991303, 44.5740839], [11.7997084, 44.5740708], [11.7997636, 44.5741584], [11.8005933, 44.5741391], [11.8006366, 44.5742245], [11.8011008, 44.5742167], [11.801156, 44.5743043], [11.8018599, 44.5742881], [11.8018642, 44.5743776], [11.8009842, 44.5743992], [11.8009409, 44.5743139], [11.8003509, 44.5743247], [11.8002957, 44.5742371], [11.7988327, 44.5741819], [11.7987775, 44.5740943], [11.7980735, 44.5741105], [11.7980184, 44.5740229], [11.7973144, 44.5740391], [11.7972593, 44.5739515], [11.7965553, 44.5739677], [11.7965002, 44.5738801], [11.7960478, 44.5738901]]]}}, {"type": "Feature", "properties": {"flooded": true, "source": "satellite", "area_m2": 101134.5}, "geometry": {"type": "Polygon", "coordinates": [[[11.7864976, 44.52425], [11.7864848, 44.5239807], [11.7865911, 44.5239647], [11.7866019, 44.5237978], [11.7867212, 44.5237669], [11.7867104, 44.523435], [11.7868297, 44.5234041], [11.7868275, 44.5232521], [11.7869527, 44.5232491], [11.7871258, 44.5234213], [11.7872996, 44.523417], [11.7873346, 44.5233298], [11.7875741, 44.5233037], [11.7876945, 44.5229609], [11.7878138, 44.52293], [11.7877987, 44.5225082], [11.7879839, 44.5224521], [11.7877901, 44.522328], [11.7877716, 44.5221686], [11.7876558, 44.5221512], [11.7876473, 44.5219717], [11.7879958, 44.5219554], [11.7880186, 44.5217824], [11.7886436, 44.5217674], [11.7886987, 44.521855], [11.7891227, 44.5218379], [11.7893908, 44.5216226], [11.7892469, 44.5212125], [11.789372, 44.5212094], [11.7894271, 44.521297], [11.7895617, 44.5212602], [11.7893597, 44.5209396], [11.7896105, 44.5209335], [11.7896426, 44.521015], [11.7898158, 44.5210174], [11.7898584, 44.5208734], [11.7897324, 44.5208401], [11.7897281, 44.5207506], [11.7902066, 44.5208211], [11.790218, 44.5204685], [11.7903431, 44.5204655], [11.7903554, 44.5206172], [11.7904997, 44.5207183], [11.7907087, 44.520763], [11.7907253, 44.5205822], [11.7905993, 44.5205488], [11.7905908, 44.5203694], [11.7908357, 44.5203354], [11.7908249, 44.5200036], [11.7909501, 44.5200005], [11.79147, 44.5203479], [11.7914885, 44.5205073], [11.7917342, 44.5206115], [11.7918032, 44.5212364], [11.7924798, 44.5212198], [11.792634, 44.5211016], [11.7926275, 44.5208597], [11.7927489, 44.5207667], [11.7929997, 44.5207606], [11.7930126, 44.5210299], [11.7927898, 44.5210432], [11.7927698, 44.5212159], [11.7925217, 44.5212584], [11.7925369, 44.5213819], [11.7926527, 44.5213992], [11.7926736, 44.5217308], [11.7927956, 44.5217558], [11.7928087, 44.5220232], [11.7925657, 44.5222112], [11.7923536, 44.52222], [11.7923186, 44.5223073], [11.7918488, 44.5224166], [11.7917031, 44.5225924], [11.791491, 44.5226012], [11.791456, 44.5226885], [11.7912439, 44.5226973], [11.7912089, 44.5227845], [11.790739, 44.5228938], [11.7905934, 44.5230697], [11.7902555, 44.5230816], [11.7900992, 44.5232618], [11.7898871, 44.5232706], [11.7898521, 44.5233579], [11.78964, 44.5233667], [11.789605, 44.5234539], [11.7893929, 44.5234627], [11.7893579, 44.52355], [11.788888, 44.5236593], [11.7887424, 44.5238351], [11.7884045, 44.523847], [11.7883696, 44.5239342], [11.7881574, 44.5239431], [11.7881225, 44.5240303], [11.7876526, 44.5241396], [11.7876283, 44.5242224], [11.7874162, 44.5242312], [11.7872598, 44.5244115], [11.7870477, 44.5244203], [11.7870127, 44.5245075], [11.7867619, 44.5245137], [11.7866319, 44.5244268], [11.7866196, 44.5242751], [11.7864976, 44.52425]]]}}, {"type": "Feature", "properties": {"flooded": true, "source": "satellite", "area_m2": 43023.1}, "geometry": {"type": "Polygon", "coordinates": [[[11.7835238, 44.5173007], [11.7834982, 44.5167615], [11.7836779, 44.516635], [11.783611, 44.5164887], [11.7838559, 44.5164548], [11.7838495, 44.5162128], [11.7839688, 44.5161819], [11.7839666, 44.5160299], [11.7842677, 44.5158104], [11.7841794, 44.5152145], [11.7845558, 44.5152053], [11.784599, 44.5152907], [11.7850085, 44.5153289], [11.7851848, 44.51519], [11.7854075, 44.5151767], [11.7854318, 44.5150939], [11.7858083, 44.5150847], [11.7859852, 44.5152133], [11.7861896, 44.5151654], [11.7862303, 44.5154267], [11.7865795, 44.515426], [11.7866061, 44.515592], [11.7868394, 44.5155997], [11.7868563, 44.515923], [11.7869822, 44.5159563], [11.7869865, 44.5160458], [11.7867437, 44.5162318], [11.786521, 44.516245], [11.7862539, 44.5165138], [11.7857841, 44.5166231], [11.7856384, 44.516799], [11.7854063, 44.516818], [11.7852699, 44.516988], [11.7848001, 44.5170973], [11.7846544, 44.5172731], [11.7841952, 44.5173779], [11.7841602, 44.5174652], [11.7839481, 44.517474], [11.7839132, 44.5175612], [11.7836624, 44.5175674], [11.7836458, 44.5173257], [11.7835238, 44.5173007]]]}}, {"type": "Feature", "properties": {"flooded": true, "source": "satellite", "area_m2": 226446.9}, "geometry": {"type": "Polygon", "coordinates": [[[11.7770742, 44.5457256], [11.77707, 44.5456361], [11.7774343, 44.5453571], [11.7777723, 44.5453453], [11.7780426, 44.5451421], [11.7780459, 44.5449821], [11.7781692, 44.5449339], [11.7780331, 44.5447124], [11.7782453, 44.5447036], [11.7782803, 44.5446163], [11.7786182, 44.5446045], [11.7786532, 44.5445172], [11.779231, 44.5445021], [11.7792804, 44.5444117], [11.7794028, 44.544409], [11.7795798, 44.5445375], [11.7797843, 44.5444897], [11.7797928, 44.5446691], [11.7795663, 44.5446382], [11.7795537, 44.5448274], [11.7797558, 44.544894], [11.7797977, 44.5447594], [11.7799229, 44.5447564], [11.7799398, 44.5450796], [11.7800657, 44.545113], [11.7800823, 44.5453547], [11.7803057, 44.5454137], [11.7802878, 44.5444774], [11.7804071, 44.5444465], [11.7803878, 44.5439348], [11.7805111, 44.5438866], [11.7804795, 44.5432484], [11.7803535, 44.5432151], [11.7803493, 44.5431256], [11.7805615, 44.5431168], [11.7805965, 44.5430295], [11.7810601, 44.5430146], [11.7810951, 44.5429273], [11.7814718, 44.5429182], [11.7816018, 44.543005], [11.7816203, 44.5431644], [11.7817361, 44.5431818], [11.7817658, 44.5437748], [11.7818918, 44.5438082], [11.781917, 44.5442297], [11.782039, 44.5442547], [11.7820644, 44.5447578], [11.7821904, 44.5447912], [11.7822156, 44.5452127], [11.7823376, 44.5452377], [11.7823588, 44.5456509], [11.7824848, 44.5456842], [11.7825017, 44.5460075], [11.7826277, 44.5460408], [11.7826443, 44.5462825], [11.7827663, 44.5463075], [11.7827976, 44.5467367], [11.7829567, 44.5468394], [11.7831066, 44.5468392], [11.7831655, 44.5467479], [11.7836292, 44.546733], [11.7836642, 44.5466457], [11.7841666, 44.5466335], [11.784297, 44.5467223], [11.7843009, 44.5468099], [11.7841784, 44.5468493], [11.7841921, 44.5471366], [11.7843934, 44.547167], [11.7844358, 44.546987], [11.7847737, 44.5469751], [11.7849226, 44.5468649], [11.7849216, 44.5466151], [11.7856325, 44.5465041], [11.7856674, 44.5464168], [11.7867943, 44.5462993], [11.7869486, 44.5466797], [11.7871887, 44.5466497], [11.7871459, 44.5470601], [11.787231, 44.5474309], [11.7873534, 44.5474579], [11.7873616, 44.5476354], [11.7872552, 44.5476514], [11.787242, 44.547737], [11.7874917, 44.5477226], [11.7875045, 44.547992], [11.7872881, 44.5479566], [11.7871359, 44.548181], [11.7867979, 44.5481929], [11.786763, 44.5482802], [11.7860594, 44.5482984], [11.7860128, 44.5483885], [11.7855491, 44.5484035], [11.7853926, 44.5485837], [11.7841904, 44.5487041], [11.7841438, 44.5487942], [11.7834402, 44.5488125], [11.7833936, 44.5489026], [11.782187, 44.548933], [11.7821404, 44.5490231], [11.7816883, 44.5490352], [11.7816417, 44.5491253], [11.7811896, 44.5491374], [11.781143, 44.5492275], [11.7808921, 44.5492336], [11.7808489, 44.5491483], [11.7806363, 44.5491498], [11.7802141, 44.5488078], [11.7797389, 44.5488116], [11.7794789, 44.5486379], [11.7794623, 44.5483962], [11.7793403, 44.5483712], [11.7793189, 44.547922], [11.7795597, 44.5477981], [11.7795532, 44.5475562], [11.7797761, 44.5475429], [11.7798606, 44.5474198], [11.77967, 44.5473708], [11.7796618, 44.5471934], [11.7797844, 44.547154], [11.7797705, 44.5468307], [11.7798938, 44.5467825], [11.7798836, 44.5465939], [11.7797576, 44.5465605], [11.7797391, 44.5464011], [11.7795801, 44.5462984], [11.7793675, 44.5462999], [11.779349, 44.5461405], [11.7790711, 44.5459548], [11.7787217, 44.5459556], [11.7785485, 44.5457834], [11.7781348, 44.5457909], [11.7780881, 44.545881], [11.77746, 44.5458963], [11.7774951, 44.545728], [11.7770742, 44.5457256]], [[11.7806838, 44.5474106], [11.7808058, 44.5474356], [11.7807502, 44.5475762], [11.7808695, 44.5477031], [11.781397, 44.5476902], [11.7814437, 44.5476001], [11.7818957, 44.547588], [11.7820512, 44.5471712], [11.7818498, 44.5471408], [11.7818032, 44.5472309], [11.7813036, 44.5472432], [11.7812686, 44.5471617], [11.7810954, 44.5471592], [11.7810487, 44.5472492], [11.7806833, 44.5472784], [11.7806838, 44.5474106]], [[11.7814408, 44.5471809], [11.7815874, 44.5470687], [11.7814367, 44.5470731], [11.7814408, 44.5471809]], [[11.7802937, 44.54715], [11.7805171, 44.547209], [11.780534, 44.5471097], [11.7803207, 44.5470462], [11.7802937, 44.54715]], [[11.7805272, 44.5472311], [11.7802967, 44.5473128], [11.7803209, 44.547434], [11.7805387, 44.547473], [11.7805272, 44.5472311]], [[11.7801512, 44.546875], [11.7804024, 44.5469136], [11.7803865, 44.5465816], [11.7801922, 44.5465052], [11.7801512, 44.546875]], [[11.780004, 44.5464284], [11.7802553, 44.5464671], [11.7802394, 44.5461351], [11.780045, 44.5460586], [11.780004, 44.5464284]], [[11.779848, 44.5457205], [11.7800714, 44.5457795], [11.7800882, 44.5456802], [11.779875, 44.5456167], [11.779848, 44.5457205]], [[11.7796995, 44.5453468], [11.7799443, 44.5454102], [11.7799424, 44.5451608], [11.7797464, 44.5450756], [11.7796995, 44.5453468]], [[11.7783618, 44.5455178], [11.7782793, 44.5456776], [11.7784181, 44.5456897], [11.7785069, 44.5455371], [11.7783618, 44.5455178]], [[11.7778631, 44.54562], [11.7777806, 44.5457798], [11.7779194, 44.5457918], [11.7780083, 44.5456393], [11.7778631, 44.54562]]]}}, {"type": "Feature", "properties": {"flooded": true, "source": "satellite", "area_m2": 185051.2}, "geometry": {"type": "Polygon", "coordinates": [[[11.7778892, 44.5390439], [11.7778807, 44.5388645], [11.778, 44.5388336], [11.7779935, 44.5385917], [11.7782257, 44.5385726], [11.7782966, 44.5383654], [11.7781064, 44.5383184], [11.7780941, 44.5381667], [11.7779721, 44.5381417], [11.7779636, 44.5379622], [11.778085, 44.5378692], [11.7790473, 44.5377522], [11.7792037, 44.5375719], [11.7794159, 44.5375631], [11.7794509, 44.5374759], [11.7799532, 44.5374636], [11.7799853, 44.5375451], [11.7801586, 44.5375476], [11.7802052, 44.5374575], [11.7811717, 44.5374303], [11.7813281, 44.5372501], [11.7815403, 44.5372413], [11.7815753, 44.537154], [11.7819058, 44.537235], [11.7819525, 44.5371449], [11.7821846, 44.5371258], [11.7821996, 44.5370488], [11.7823248, 44.5370458], [11.7823799, 44.5371334], [11.7828319, 44.5371234], [11.782962, 44.5372103], [11.782975, 44.5374776], [11.7828534, 44.5375726], [11.7822757, 44.5375878], [11.7822262, 44.5376781], [11.7809009, 44.5376656], [11.7805198, 44.5377206], [11.7803518, 44.5379037], [11.7798725, 44.5380187], [11.7798655, 44.538158], [11.7803646, 44.5381738], [11.7803968, 44.5382553], [11.78057, 44.5382578], [11.7806166, 44.5381677], [11.7810803, 44.5381528], [11.7811152, 44.5380655], [11.7816929, 44.5380504], [11.7817424, 44.53796], [11.782443, 44.5379421], [11.7824896, 44.537852], [11.7826148, 44.5378489], [11.7826271, 44.5380007], [11.7827491, 44.5380257], [11.7827657, 44.5382674], [11.7828877, 44.5382924], [11.7828552, 44.5388068], [11.7832906, 44.5388227], [11.7832651, 44.538996], [11.7836376, 44.5389907], [11.7836726, 44.5389034], [11.7839047, 44.5388844], [11.7839197, 44.5388074], [11.7847993, 44.5387859], [11.7848116, 44.5389377], [11.7849336, 44.5389627], [11.7849544, 44.5392943], [11.7850764, 44.5393193], [11.785093, 44.539561], [11.785215, 44.539586], [11.7852319, 44.5399092], [11.7853579, 44.5399426], [11.7853665, 44.540122], [11.7852472, 44.5401529], [11.7852536, 44.5403949], [11.7850414, 44.5404037], [11.7850065, 44.5404909], [11.7846685, 44.5405028], [11.7846336, 44.54059], [11.7840559, 44.5406052], [11.7840092, 44.5406953], [11.7835572, 44.5407074], [11.7835106, 44.5407975], [11.7832785, 44.5408165], [11.7832634, 44.5408935], [11.7826857, 44.5409087], [11.7826363, 44.540999], [11.7818099, 44.5410201], [11.7817632, 44.5411102], [11.7810598, 44.5411284], [11.7810131, 44.5412185], [11.7805612, 44.5412305], [11.7805145, 44.5413206], [11.7798111, 44.5413388], [11.7797644, 44.5414289], [11.779061, 44.5414471], [11.7790143, 44.5415372], [11.7786377, 44.5415464], [11.7786208, 44.5412231], [11.7784944, 44.5411878], [11.7784611, 44.5405884], [11.7783391, 44.5405634], [11.7783027, 44.540392], [11.7780791, 44.5403897], [11.7780404, 44.5395828], [11.7781631, 44.5395414], [11.7781511, 44.5392628], [11.7780235, 44.5392207], [11.778005, 44.5390613], [11.7778892, 44.5390439]]]}}, {"type": "Feature", "properties": {"flooded": true, "source": "satellite", "area_m2": 7564.8}, "geometry": {"type": "Polygon", "coordinates": [[[11.7829025, 44.535951], [11.7827468, 44.535325], [11.7828719, 44.5353219], [11.7829384, 44.5354551], [11.7831089, 44.5353928], [11.7831239, 44.5353158], [11.7836262, 44.5353035], [11.7836385, 44.5354553], [11.7837605, 44.5354803], [11.7837932, 44.535606], [11.784142, 44.535561], [11.7841591, 44.5359203], [11.7839469, 44.5359291], [11.7837981, 44.5360394], [11.7837302, 44.5361516], [11.7837991, 44.5362892], [11.7835482, 44.5362953], [11.783544, 44.5362058], [11.7837292, 44.5361497], [11.7836332, 44.536031], [11.7834722, 44.5360273], [11.7834134, 44.5361186], [11.7831868, 44.5360876], [11.7831705, 44.5363045], [11.7830453, 44.5363076], [11.7830284, 44.5359843], [11.7829025, 44.535951]]]}}, {"type": "Feature", "properties": {"flooded": true, "source": "satellite", "area_m2": 27492.6}, "geometry": {"type": "Polygon", "coordinates": [[[11.7775383, 44.5184368], [11.777534, 44.5183472], [11.7776565, 44.5183078], [11.7776212, 44.5175349], [11.7781191, 44.5174328], [11.778296, 44.5175614], [11.7785004, 44.5175135], [11.7785436, 44.5175988], [11.7788431, 44.5175916], [11.778878, 44.5175043], [11.7791176, 44.5174783], [11.7791123, 44.5171385], [11.7792337, 44.5170455], [11.7797358, 44.5170333], [11.7799957, 44.517207], [11.7800086, 44.5174764], [11.7798947, 44.5174994], [11.7798914, 44.5176593], [11.779769, 44.5176987], [11.7797786, 44.5179321], [11.7796561, 44.5179715], [11.7796871, 44.5186545], [11.779475, 44.5186633], [11.7794401, 44.5187506], [11.7788626, 44.5187657], [11.7788159, 44.5188558], [11.7779871, 44.518877], [11.7779404, 44.5189671], [11.7776896, 44.5189732], [11.7776642, 44.5184701], [11.7775383, 44.5184368]]]}}, {"type": "Feature", "properties": {"flooded": true, "source": "satellite", "area_m2": 10396.0}, "geometry": {"type": "Polygon", "coordinates": [[[11.7777478, 44.5228429], [11.777735, 44.5225735], [11.7778543, 44.5225426], [11.7778521, 44.5223906], [11.7782329, 44.5224714], [11.7782514, 44.5226308], [11.7784928, 44.5226451], [11.7785051, 44.5227969], [11.7786271, 44.5228219], [11.7786498, 44.5230712], [11.7791555, 44.5233492], [11.7790469, 44.5237115], [11.7788041, 44.5238975], [11.7779248, 44.5239189], [11.7779163, 44.5237394], [11.7781515, 44.5236235], [11.7782738, 44.5233254], [11.7780163, 44.5231965], [11.7778698, 44.5228679], [11.7777478, 44.5228429]]]}}, {"type": "Feature", "properties": {"flooded": true, "source": "satellite", "area_m2": 24069.7}, "geometry": {"type": "Polygon", "coordinates": [[[11.7723734, 44.5289152], [11.7723521, 44.528466], [11.7724714, 44.5284351], [11.7724607, 44.5281033], [11.7725746, 44.5280803], [11.772695, 44.5277375], [11.7728143, 44.5277066], [11.7728122, 44.5275546], [11.7730243, 44.5275458], [11.7731807, 44.5273656], [11.7734036, 44.5273524], [11.7734236, 44.5271796], [11.7736745, 44.5271735], [11.7736929, 44.5273329], [11.7739387, 44.5274372], [11.7739509, 44.527589], [11.7740729, 44.527614], [11.7740898, 44.5279372], [11.7742157, 44.5279706], [11.7742368, 44.5283838], [11.7743628, 44.5284172], [11.7743841, 44.5288664], [11.7738065, 44.5288815], [11.7737599, 44.5289716], [11.7734337, 44.5289806], [11.773387, 44.5290706], [11.7727633, 44.5291758], [11.7727201, 44.5290905], [11.7725076, 44.529092], [11.7724954, 44.5289402], [11.7723734, 44.5289152]]]}}, {"type": "Feature", "properties": {"flooded": true, "source": "satellite", "area_m2": 513095.4}, "geometry": {"type": "Polygon", "coordinates": [[[11.7596784, 44.5745053], [11.7594529, 44.5697398], [11.7596996, 44.5696439], [11.7597548, 44.5697315], [11.7604587, 44.5697155], [11.7605138, 44.5698031], [11.7609661, 44.5697933], [11.7610212, 44.5698809], [11.7617251, 44.5698649], [11.7617802, 44.5699526], [11.7623583, 44.5699396], [11.7624258, 44.5700278], [11.7632432, 44.5700082], [11.7632983, 44.5700959], [11.7637506, 44.570086], [11.7637938, 44.5701713], [11.7641322, 44.5701667], [11.7642623, 44.5702536], [11.7643017, 44.5706894], [11.7644526, 44.5707855], [11.7646653, 44.570784], [11.7647085, 44.5708694], [11.7650469, 44.5708648], [11.765102, 44.5709524], [11.7656414, 44.5709368], [11.7657958, 44.5708187], [11.7657937, 44.5706666], [11.7660368, 44.5704807], [11.7665366, 44.5704684], [11.7665945, 44.5705561], [11.7674242, 44.5705371], [11.7674793, 44.5706247], [11.768309, 44.5706057], [11.7683522, 44.570691], [11.7688165, 44.5706834], [11.7688716, 44.570771], [11.7695755, 44.570755], [11.7696307, 44.5708426], [11.7703346, 44.5708266], [11.7703897, 44.5709142], [11.7710936, 44.5708982], [11.7711487, 44.5709858], [11.7719785, 44.5709667], [11.7720336, 44.5710543], [11.7727375, 44.5710383], [11.7727926, 44.5711259], [11.7734937, 44.5711097], [11.7735517, 44.5711975], [11.7741298, 44.5711845], [11.7741619, 44.571266], [11.7745115, 44.5712653], [11.7745666, 44.5713529], [11.7751447, 44.5713399], [11.7751999, 44.5714275], [11.7756522, 44.5714176], [11.7756026, 44.5715724], [11.7758313, 44.5716356], [11.7759086, 44.5715014], [11.7762897, 44.5715821], [11.7761835, 44.5719896], [11.7763111, 44.5720317], [11.7763154, 44.5721212], [11.7761939, 44.5722142], [11.7759972, 44.5721744], [11.7756042, 44.5722322], [11.7754476, 44.5724124], [11.7751095, 44.5724243], [11.7750745, 44.5725115], [11.7746106, 44.5725264], [11.7745756, 44.5726137], [11.7743633, 44.5726225], [11.7743283, 44.5727097], [11.774096, 44.5727287], [11.7740782, 44.572806], [11.7737041, 44.5728149], [11.7736771, 44.5724757], [11.773399, 44.5722899], [11.773214, 44.5722903], [11.773179, 44.5723775], [11.7729467, 44.5723966], [11.7727518, 44.5726001], [11.7728329, 44.5728163], [11.7729488, 44.5728336], [11.7729611, 44.5729854], [11.7730835, 44.5730124], [11.7730874, 44.5731], [11.7728751, 44.5731087], [11.7728401, 44.573196], [11.7725848, 44.5731122], [11.7725682, 44.5728705], [11.7722839, 44.5726771], [11.7717215, 44.5726866], [11.7715733, 44.5730107], [11.7716994, 44.573044], [11.7717117, 44.5731958], [11.7719638, 44.5733077], [11.7719681, 44.5733972], [11.7718465, 44.5734902], [11.7716235, 44.5735034], [11.7714777, 44.5736792], [11.7712547, 44.5736924], [11.7712303, 44.5737752], [11.7708922, 44.5737871], [11.7708572, 44.5738743], [11.7703933, 44.5738892], [11.7703583, 44.5739765], [11.7698879, 44.5740857], [11.7697421, 44.5742615], [11.7692782, 44.5742764], [11.7692431, 44.5743636], [11.7690109, 44.5743826], [11.7689958, 44.5744596], [11.7686577, 44.5744715], [11.7686227, 44.5745587], [11.7681523, 44.5746679], [11.768128, 44.5747508], [11.7679157, 44.5747595], [11.7678807, 44.5748468], [11.7674284, 44.5748588], [11.7673817, 44.5749489], [11.7670329, 44.5749652], [11.7670086, 44.575048], [11.7666704, 44.5750598], [11.7665139, 44.57524], [11.7661758, 44.5752519], [11.7661407, 44.5753391], [11.7655627, 44.5753542], [11.7655132, 44.5754445], [11.7651391, 44.5754534], [11.7650717, 44.5753652], [11.764682, 44.5753755], [11.7646353, 44.5754656], [11.7638811, 44.5754839], [11.7638489, 44.5754024], [11.7636252, 44.5754], [11.7635701, 44.5753124], [11.7632435, 44.5753193], [11.7632212, 44.5752432], [11.7629876, 44.5752354], [11.7629444, 44.5751501], [11.7623544, 44.5751607], [11.7623222, 44.5750793], [11.7619727, 44.57508], [11.7619176, 44.5749923], [11.7614652, 44.5750022], [11.7614331, 44.5749207], [11.7610835, 44.5749214], [11.7610403, 44.5748361], [11.7607019, 44.5748406], [11.7606795, 44.5747645], [11.760446, 44.5747568], [11.7604028, 44.5746714], [11.7599385, 44.574679], [11.7596784, 44.5745053]], [[11.769794, 44.5721074], [11.7697908, 44.5726038], [11.769949, 44.5727187], [11.7703739, 44.5727151], [11.7705345, 44.572602], [11.7705213, 44.5722], [11.7702734, 44.572178], [11.7702407, 44.5720524], [11.769794, 44.5721074]], [[11.7675381, 44.5723422], [11.7672689, 44.5725662], [11.7672833, 44.5728447], [11.7674415, 44.5729595], [11.7678664, 44.572956], [11.7680271, 44.5728429], [11.7680181, 44.5725308], [11.7677338, 44.5723375], [11.7675381, 44.5723422]], [[11.7662516, 44.5723656], [11.7660024, 44.5724169], [11.7660165, 44.5726138], [11.7661707, 44.5727203], [11.7663557, 44.57272], [11.7665047, 44.5726097], [11.7664716, 44.572278], [11.7662866, 44.5722784], [11.7662516, 44.5723656]], [[11.764545, 44.5722271], [11.7643627, 44.5723666], [11.7645213, 44.5726646], [11.764736, 44.5726594], [11.7647468, 44.5724925], [11.7648694, 44.5724531], [11.764846, 44.572323], [11.764545, 44.5722271]]]}}, {"type": "Feature", "properties": {"flooded": true, "source": "satellite", "area_m2": 30477.0}, "geometry": {"type": "Polygon", "coordinates": [[[11.7679694, 44.5183092], [11.7679566, 44.5180398], [11.7680818, 44.5180367], [11.7682282, 44.5183653], [11.7684175, 44.5184785], [11.7696866, 44.5184469], [11.7697332, 44.5183568], [11.7701851, 44.5183448], [11.7702317, 44.5182547], [11.7706835, 44.5182426], [11.7707302, 44.5181525], [11.770981, 44.5181464], [11.7710075, 44.5183125], [11.7712409, 44.5183202], [11.7712534, 44.5185535], [11.7713793, 44.5185869], [11.7715487, 44.5191096], [11.7717154, 44.5191635], [11.772159, 44.5191081], [11.7722022, 44.5191935], [11.7724147, 44.5191919], [11.7724269, 44.5193437], [11.772581, 44.5194502], [11.7730602, 44.5195363], [11.7730786, 44.5196957], [11.7733243, 44.5198], [11.7733329, 44.5199794], [11.7732077, 44.5199825], [11.7730346, 44.5198103], [11.7727631, 44.5197686], [11.7724451, 44.519821], [11.7724019, 44.5197356], [11.7721894, 44.5197371], [11.772171, 44.5195778], [11.7719295, 44.5195634], [11.7718745, 44.5194758], [11.7714729, 44.5194855], [11.7714262, 44.5195756], [11.7711783, 44.5195819], [11.7711204, 44.5194941], [11.7706684, 44.519504], [11.7706011, 44.519102], [11.7704028, 44.5191506], [11.7703326, 44.5190622], [11.7690758, 44.5190927], [11.7690169, 44.519184], [11.7688946, 44.5191872], [11.7688486, 44.5191017], [11.7683848, 44.5191093], [11.7683416, 44.5190239], [11.7681292, 44.5190255], [11.7679989, 44.5189366], [11.7679822, 44.5185793], [11.7681055, 44.5185311], [11.7680914, 44.5183342], [11.7679694, 44.5183092]], [[11.770559, 44.5187875], [11.7703985, 44.5189006], [11.770395, 44.5190245], [11.770601, 44.5190995], [11.7708224, 44.5188146], [11.770559, 44.5187875]]]}}, {"type": "Feature", "properties": {"flooded": true, "source": "satellite", "area_m2": 26740.6}, "geometry": {"type": "Polygon", "coordinates": [[[11.7681229, 44.5321693], [11.7681187, 44.5320797], [11.7683308, 44.532071], [11.7683658, 44.5319837], [11.7689435, 44.5319686], [11.7689901, 44.5318786], [11.7701181, 44.531851], [11.7701531, 44.5319326], [11.7703766, 44.5319349], [11.7707666, 44.5321955], [11.7707751, 44.532375], [11.7705322, 44.5325609], [11.77032, 44.5325697], [11.770285, 44.532657], [11.7697983, 44.532779], [11.769795, 44.5329389], [11.7696725, 44.5329783], [11.7696949, 44.5334815], [11.769581, 44.5335045], [11.7695777, 44.5336644], [11.7694562, 44.5337574], [11.7688282, 44.5337726], [11.7686982, 44.5336857], [11.7686817, 44.533444], [11.7685594, 44.533417], [11.768547, 44.5331497], [11.7686608, 44.5331267], [11.7686644, 44.5330028], [11.7684127, 44.5329725], [11.7683962, 44.5327308], [11.7682742, 44.5327057], [11.7682489, 44.5322026], [11.7681229, 44.5321693]]]}}, {"type": "Feature", "properties": {"flooded": true, "source": "satellite", "area_m2": 84094.3}, "geometry": {"type": "Polygon", "coordinates": [[[11.759389, 44.5683906], [11.7592572, 44.5656035], [11.7594695, 44.5655947], [11.7595045, 44.5655074], [11.7598426, 44.5654956], [11.7598776, 44.5654084], [11.7602157, 44.5653966], [11.7602507, 44.5653094], [11.7605888, 44.5652976], [11.7606238, 44.5652103], [11.7611978, 44.565241], [11.7614979, 44.5651612], [11.7613577, 44.56486], [11.7612356, 44.564835], [11.7612172, 44.5646756], [11.7609713, 44.5645713], [11.7609503, 44.5641581], [11.7608242, 44.5641248], [11.7607977, 44.5639587], [11.7606899, 44.563948], [11.7606732, 44.5636247], [11.7605471, 44.5635913], [11.7605206, 44.5634253], [11.7604129, 44.5634145], [11.7604001, 44.5631452], [11.7606554, 44.563229], [11.7608019, 44.5635576], [11.7609239, 44.5635826], [11.7609362, 44.5637344], [11.7610582, 44.5637594], [11.7611219, 44.5640269], [11.761787, 44.5640082], [11.761822, 44.563921], [11.7622923, 44.5638118], [11.7623166, 44.563729], [11.7624418, 44.5637259], [11.7624969, 44.5638135], [11.7631381, 44.5637989], [11.7631971, 44.5637076], [11.7635739, 44.5636985], [11.7635781, 44.563788], [11.7633658, 44.5637968], [11.7632243, 44.5639], [11.7632135, 44.5640669], [11.7627274, 44.5644388], [11.7625045, 44.564452], [11.7622522, 44.5646437], [11.7622499, 44.5649905], [11.7620089, 44.5651144], [11.7620153, 44.5653563], [11.761803, 44.565365], [11.7616454, 44.5654917], [11.7616715, 44.5659672], [11.7619236, 44.5660791], [11.7619548, 44.5665083], [11.7622008, 44.5666125], [11.7622135, 44.5668819], [11.7620996, 44.5669049], [11.7620962, 44.5670648], [11.7619729, 44.567113], [11.761987, 44.5673099], [11.762109, 44.567335], [11.7621218, 44.5676043], [11.7620003, 44.5676973], [11.7616739, 44.5677062], [11.7616272, 44.5677963], [11.7614149, 44.5678051], [11.7613798, 44.5678923], [11.7611675, 44.5679011], [11.7611325, 44.5679884], [11.7609202, 44.5679971], [11.7608852, 44.5680844], [11.7606729, 44.5680931], [11.7606379, 44.5681804], [11.7602998, 44.5681922], [11.7602648, 44.5682794], [11.7600325, 44.5682984], [11.7600174, 44.5683754], [11.759389, 44.5683906]]]}}, {"type": "Feature", "properties": {"flooded": true, "source": "satellite", "area_m2": 16248.3}, "geometry": {"type": "Polygon", "coordinates": [[[11.7566871, 44.5112002], [11.7566701, 44.5108409], [11.7567952, 44.5108379], [11.7568136, 44.5109973], [11.7570914, 44.511183], [11.7573149, 44.5111854], [11.7573375, 44.5114347], [11.757579, 44.5114491], [11.7575912, 44.5116009], [11.7579729, 44.5117997], [11.7579913, 44.5119591], [11.7594062, 44.5128453], [11.7594328, 44.5130114], [11.7596661, 44.5130191], [11.7598281, 44.5131875], [11.7600516, 44.5131898], [11.7603114, 44.5133636], [11.7603237, 44.5135154], [11.7604456, 44.5135404], [11.7604583, 44.5138098], [11.7600776, 44.513729], [11.7600345, 44.5136436], [11.7596963, 44.5136481], [11.759674, 44.513572], [11.7594408, 44.5135643], [11.7593976, 44.5134789], [11.7591852, 44.5134805], [11.7587954, 44.5132198], [11.758777, 44.5130604], [11.7584014, 44.5128692], [11.7582404, 44.5123532], [11.7572152, 44.5117276], [11.757203, 44.5115758], [11.7569511, 44.5114639], [11.7569327, 44.5113045], [11.7566871, 44.5112002]]]}}]}